1,41155,2880.00
1,41156,3350.00
1,41158,3280.00
1,41159,3280.00
1,41160,3170.00
1,41162,3120.00
1,41163,3120.00
1,41165,3110.00
1,41166,3170.00
1,41167,3170.00
1,41169,3160.00
1,41170,3160.00
1,41172,3120.00
1,41174,3210.00
1,41175,3210.00
1,41177,3100.00
1,41178,3150.00
1,41180,3150.00
1,41181,3150.00
1,41183,3100.00
1,41184,3100.00
1,41185,3140.00
1,41187,3160.00
1,41188,3160.00
1,41190,3120.00
1,41191,3120.00
1,41192,3120.00
1,41194,3140.00
1,41195,3120.00
1,41197,3120.00
1,41198,3100.00
1,41199,3120.00
1,41201,3120.00
1,41202,3120.00
0,41204,3370.00
0,41205,3370.00
1,41207,3430.00
1,41208,3330.00
1,41209,3330.00
1,41211,3110.00
1,41212,3110.00
1,41214,3230.00
1,41216,3110.00
1,41217,3110.00
1,41219,3120.00
1,41220,3170.00
1,41222,3170.00
1,41223,3140.00
1,41224,3120.00
1,41226,3120.00
1,41227,3150.00
1,41229,3140.00
1,41230,3140.00
1,41232,3120.00
1,41233,3100.00
1,41234,3100.00
1,41236,3140.00
1,41237,3110.00
1,41239,3110.00
1,41240,3120.00
1,41241,3140.00
1,41243,3140.00
1,41244,3110.00
1,41246,3150.00
1,41247,3150.00
1,41248,3120.00
1,41250,3100.00
1,41251,3100.00
1,41253,3120.00
1,41254,3100.00
1,41256,3100.00
1,41257,3240.00
1,41259,3240.00
1,41261,3140.00
1,41262,3120.00
0,41264,3120.00
0,41265,3340.00
0,41266,3330.00
1,41268,3330.00
1,41269,3380.00
1,41271,3210.00
1,41272,3210.00
1,41273,3160.00
1,41275,3100.00
1,41276,3100.00
1,41278,3120.00
1,41279,3150.00
1,41280,3150.00
1,41282,3100.00
1,41283,3100.00
1,41285,3100.00
1,41286,3160.00
1,41288,3140.00
1,41289,3140.00
1,41290,3140.00
1,41292,3140.00
1,41293,3140.00
1,41295,3150.00
1,41296,3140.00
1,41297,3140.00
1,41299,3150.00
1,41300,3150.00
1,41303,3120.00
1,41304,3140.00
1,41305,3140.00
1,41307,3140.00
1,41308,3150.00
1,41310,3150.00
1,41311,3140.00
1,41313,3120.00
1,41314,3120.00
1,41315,3110.00
1,41317,3140.00
1,41318,3140.00
1,41320,3120.00
0,41321,3190.00
0,41322,3190.00
0,41324,3430.00
0,41325,3290.00
1,41327,3290.00
1,41328,3260.00
1,41329,3350.00
1,41331,3350.00
1,41332,3140.00
1,41334,3110.00
1,41335,3110.00
1,41337,3150.00
1,41338,3140.00
1,41339,3140.00
1,41341,3120.00
1,41342,3120.00
1,41345,3160.00
1,41346,3120.00
1,41347,3120.00
1,41349,3110.00
1,41350,3170.00
1,41352,3170.00
1,41353,3120.00
1,41354,3120.00
1,41356,3120.00
1,41357,3170.00
1,41359,3120.00
1,41360,3120.00
1,41362,3120.00
1,41363,3140.00
1,41364,3140.00
1,41366,3120.00
1,41367,3120.00
1,41369,3120.00
1,41370,3120.00
1,41371,3100.00
1,41373,3100.00
1,41374,3140.00
1,41376,3140.00
1,41377,3140.00
1,41378,3120.00
1,41380,3110.00
1,41381,3110.00
0,41383,3080.00
0,41384,3080.00
0,41387,3390.00
0,41388,3260.00
1,41389,3260.00
1,41391,3330.00
1,41392,3290.00
1,41394,3290.00
1,41395,3140.00
1,41396,3150.00
1,41398,3150.00
1,41399,3110.00
1,41401,3080.00
1,41402,3080.00
1,41403,3140.00
1,41405,3120.00
1,41406,3120.00
1,41408,3140.00
1,41409,3150.00
1,41410,3150.00
1,41412,3140.00
1,41413,3140.00
1,41415,3140.00
1,41416,3110.00
1,41418,3120.00
1,41419,3120.00
1,41420,3110.00
1,41422,3120.00
1,41423,3120.00
1,41425,3110.00
1,41426,3110.00
1,41427,3100.00
1,41430,3120.00
1,41431,3120.00
1,41433,3110.00
1,41434,3120.00
1,41435,3120.00
1,41437,3110.00
1,41438,3070.00
1,41440,3070.00
1,41441,3100.00
1,41443,3120.00
0,41444,3120.00
0,41445,3210.00
0,41447,3430.00
0,41448,3430.00
0,41450,3230.00
1,41451,3350.00
1,41452,3350.00
1,41454,3210.00
1,41455,3150.00
1,41457,3150.00
1,41458,3160.00
1,41459,3170.00
1,41461,3170.00
1,41462,3160.00
1,41464,3150.00
1,41465,3150.00
1,41467,3210.00
1,41468,3210.00
1,41469,3190.00
1,41472,3120.00
1,41473,3120.00
1,41475,3200.00
1,41476,3120.00
1,41477,3120.00
1,41479,3120.00
1,41480,3170.00
1,41482,3170.00
1,41483,3120.00
1,41484,3140.00
1,41486,3140.00
1,41487,3140.00
1,41489,3110.00
1,41490,3110.00
1,41492,3110.00
1,41493,3140.00
1,41494,3140.00
0,41496,3110.00
0,41497,3400.00
0,41499,3400.00
0,41500,3280.00
0,41501,3190.00
0,41503,3190.00
0,41504,3150.00
1,41506,3240.00
1,41507,3240.00
1,41508,3150.00
1,41510,3150.00
1,41511,3110.00
1,41513,3190.00
1,41515,3190.00
1,41517,3120.00
1,41518,3120.00
1,41519,3120.00
1,41521,3160.00
1,41522,3110.00
1,41524,3110.00
1,41525,3120.00
1,41526,3150.00
1,41528,3150.00
1,41529,3140.00
1,41531,3140.00
1,41532,3140.00
1,41533,3120.00
1,41535,3080.00
1,41536,3080.00
1,41538,3140.00
1,41539,3120.00
1,41541,3120.00
1,41542,3120.00
1,41543,3120.00
1,41545,3120.00
1,41546,3170.00
1,41548,3110.00
1,41549,3110.00
1,41550,3120.00
1,41552,3120.00
1,41553,3120.00
1,41555,3140.00
1,41556,3140.00
0,41558,3230.00
0,41560,3420.00
0,41561,3420.00
1,41563,3150.00
1,41564,3260.00
1,41565,3260.00
1,41567,3260.00
1,41568,3110.00
1,41570,3110.00
1,41571,3120.00
1,41573,3140.00
1,41574,3140.00
1,41575,3100.00
1,41577,3140.00
1,41578,3140.00
1,41580,3150.00
1,41581,3140.00
1,41582,3140.00
1,41584,3120.00
1,41585,3150.00
1,41587,3150.00
1,41588,3150.00
1,41589,3110.00
1,41591,3110.00
1,41592,3120.00
1,41594,3120.00
1,41595,3150.00
1,41597,3170.00
1,41598,3170.00
1,41600,3140.00
1,41602,3120.00
1,41603,3120.00
1,41605,3150.00
1,41606,3140.00
1,41607,3140.00
1,41609,3120.00
1,41610,3140.00
1,41612,3140.00
1,41613,3120.00
1,41614,3120.00
1,41616,3120.00
0,41617,3110.00
0,41619,3330.00
0,41620,3330.00
1,41622,3320.00
1,41623,3200.00
1,41624,3200.00
1,41626,3120.00
1,41627,3120.00
1,41629,3120.00
1,41630,3190.00
1,41631,3120.00
1,41633,3120.00
1,41634,3120.00
1,41636,3150.00
1,41637,3150.00
1,41638,3120.00
1,41640,3120.00
1,41641,3120.00
1,41644,3140.00
1,41645,3140.00
1,41647,3150.00
1,41648,3140.00
1,41649,3140.00
1,41651,3120.00
1,41652,3140.00
1,41654,3140.00
1,41655,3140.00
1,41656,3110.00
1,41658,3110.00
1,41659,3150.00
1,41661,3100.00
1,41662,3100.00
1,41663,3120.00
1,41665,3150.00
1,41666,3150.00
1,41668,3120.00
1,41669,3120.00
1,41671,3120.00
1,41672,3100.00
1,41673,3120.00
1,41675,3120.00
0,41676,3110.00
0,41678,3200.00
0,41679,3200.00
0,41680,3320.00
1,41682,3320.00
1,41683,3370.00
1,41686,3250.00
1,41687,3250.00
1,41688,3120.00
1,41690,3160.00
1,41691,3160.00
1,41693,3120.00
1,41694,3140.00
1,41695,3140.00
1,41697,3150.00
1,41698,3140.00
1,41700,3140.00
1,41701,3140.00
1,41703,3150.00
1,41704,3150.00
1,41705,3150.00
1,41707,3110.00
1,41708,3110.00
1,41710,3120.00
1,41711,3120.00
1,41712,3120.00
1,41714,3120.00
1,41715,3100.00
1,41717,3100.00
1,41718,3120.00
1,41719,3140.00
1,41721,3140.00
1,41722,3140.00
1,41724,3140.00
1,41725,3140.00
1,41728,3140.00
1,41729,3140.00
1,41730,3110.00
1,41732,3110.00
1,41733,3110.00
1,41735,3120.00
1,41736,3120.00
0,41737,3120.00
0,41739,3330.00
0,41740,3330.00
0,41742,3330.00
1,41743,3170.00
1,41744,3280.00
1,41746,3280.00
1,41747,3110.00
1,41749,3140.00
1,41750,3140.00
1,41752,3120.00
1,41753,3170.00
1,41754,3170.00
1,41756,3150.00
1,41757,3250.00
1,41759,3250.00
1,41760,3200.00
1,41761,3120.00
1,41763,3120.00
1,41764,3150.00
1,41766,3150.00
1,41767,3170.00
1,41768,3120.00
1,41771,3120.00
1,41772,3100.00
1,41774,3100.00
1,41775,3100.00
1,41777,3140.00
1,41778,3120.00
1,41779,3120.00
1,41781,3110.00
1,41782,3140.00
1,41784,3140.00
1,41785,3120.00
1,41786,3140.00
1,41788,3140.00
0,41789,3100.00
0,41791,3350.00
0,41792,3350.00
0,41793,3370.00
1,41795,3230.00
1,41796,3230.00
1,41798,3320.00
1,41799,3160.00
1,41801,3160.00
1,41802,3120.00
1,41803,3150.00
1,41805,3150.00
1,41806,3160.00
1,41808,3160.00
1,41809,3140.00
1,41810,3140.00
1,41812,3140.00
1,41814,3160.00
1,41816,3140.00
1,41817,3140.00
1,41818,3110.00
1,41820,3150.00
1,41821,3150.00
1,41823,3140.00
1,41824,3120.00
1,41825,3120.00
1,41827,3150.00
1,41828,3120.00
1,41830,3120.00
1,41831,3140.00
1,41833,3120.00
1,41834,3120.00
1,41835,3140.00
1,41837,3140.00
1,41838,3140.00
1,41840,3210.00
1,41841,3110.00
1,41842,3110.00
1,41844,3150.00
1,41845,3140.00
1,41847,3140.00
0,41848,3100.00
0,41849,3100.00
0,41851,3320.00
0,41852,3370.00
1,41854,3370.00
1,41856,3280.00
1,41858,3240.00
1,41859,3240.00
1,41860,3140.00
1,41862,3110.00
1,41863,3110.00
1,41865,3120.00
1,41866,3190.00
1,41867,3190.00
1,41869,3100.00
1,41870,3120.00
1,41872,3120.00
1,41873,3150.00
1,41874,3140.00
1,41876,3140.00
1,41877,3120.00
1,41879,3110.00
1,41880,3110.00
1,41882,3140.00
1,41883,3150.00
1,41884,3150.00
1,41886,3110.00
1,41887,3150.00
1,41889,3150.00
1,41890,3190.00
1,41891,3190.00
1,41893,3140.00
1,41894,3160.00
1,41896,3160.00
1,41897,3120.00
1,41899,3120.00
1,41901,3120.00
1,41902,3140.00
1,41904,3110.00
1,41905,3110.00
1,41907,3120.00
0,41908,3100.00
0,41909,3100.00
0,41911,3430.00
0,41912,3260.00
1,41914,3260.00
1,41915,3390.00
1,41916,3190.00
1,41918,3190.00
1,41919,3140.00
1,41921,3120.00
1,41922,3120.00
1,41923,3150.00
1,41925,3150.00
1,41926,3150.00
1,41928,3120.00
1,41929,3170.00
1,41931,3170.00
1,41932,3140.00
1,41933,3140.00
1,41935,3120.00
1,41936,3190.00
1,41938,3190.00
1,41939,3120.00
1,41940,3120.00
1,41943,3120.00
1,41944,3140.00
1,41946,3120.00
1,41947,3120.00
1,41948,3150.00
1,41950,3150.00
1,41951,3150.00
1,41953,3120.00
1,41954,3140.00
1,41955,3140.00
1,41957,3120.00
1,41958,3230.00
1,41960,3230.00
1,41961,3150.00
1,41963,3140.00
1,41964,3140.00
1,41965,3150.00
0,41967,3240.00
0,41968,3240.00
0,41970,3520.00
1,41971,3340.00
1,41972,3340.00
1,41974,3290.00
1,41975,3290.00
1,41977,3140.00
1,41978,3100.00
1,41979,3100.00
1,41981,3140.00
1,41982,3150.00
1,41985,3150.00
1,41986,3120.00
1,41988,3140.00
1,41989,3140.00
1,41990,3160.00
1,41992,3110.00
1,41993,3110.00
1,41995,3140.00
1,41996,3120.00
1,41997,3120.00
1,41999,3380.00
1,42000,3480.00
1,42002,3480.00
1,42003,3380.00
1,42004,3340.00
1,42006,3340.00
1,42007,3320.00
1,42009,3350.00
1,42010,3350.00
1,42012,3320.00
1,42013,3440.00
1,42014,3440.00
1,42016,3390.00
1,42017,3390.00
1,42019,3350.00
1,42020,3390.00
1,42021,3390.00
1,42023,3510.00
0,42024,3370.00
0,42027,3370.00
1,42028,3560.00
1,42029,3380.00
1,42031,3380.00
1,42032,3400.00
1,42034,3190.00
1,42035,3190.00
1,42037,3150.00
1,42038,3120.00
1,42039,3120.00
1,42041,3190.00
1,42042,3140.00
1,42044,3140.00
1,42045,3140.00
1,42046,3210.00
1,42048,3210.00
1,42049,3150.00
1,42051,3140.00
1,42052,3140.00
1,42053,3160.00
1,42055,3110.00
1,42056,3110.00
1,42058,3120.00
1,42059,3120.00
1,42061,3160.00
1,42062,3140.00
1,42063,3140.00
1,42065,3120.00
1,42066,3110.00
1,42068,3110.00
1,42070,3140.00
1,42071,3120.00
1,42073,3120.00
1,42074,3120.00
1,42076,3140.00
1,42077,3140.00
0,42078,3120.00
0,42080,3370.00
1,42081,3370.00
1,42083,3320.00
1,42084,3320.00
1,42085,3320.00
1,42087,3200.00
1,42088,3110.00
1,42090,3110.00
1,42091,3140.00
1,42093,3200.00
1,42094,3200.00
1,42095,3100.00
1,42097,3140.00
1,42098,3140.00
1,42100,3150.00
1,42101,3120.00
1,42102,3120.00
1,42104,3140.00
1,42105,3140.00
1,42107,3140.00
1,42108,3150.00
1,42109,3150.00
1,42112,3120.00
1,42113,3150.00
1,42115,3150.00
1,42116,3120.00
1,42118,3120.00
1,42119,3120.00
1,42120,3140.00
1,42122,3120.00
1,42123,3120.00
1,42125,3110.00
1,42126,3120.00
1,42127,3120.00
1,42129,3120.00
1,42130,3120.00
1,42132,3120.00
1,42133,3140.00
1,42134,3110.00
1,42136,3110.00
0,42137,3230.00
0,42139,3470.00
0,42140,3470.00
1,42142,3470.00
1,42143,3230.00
1,42144,3230.00
1,42146,3150.00
1,42147,3150.00
1,42149,3100.00
1,42150,3140.00
1,42151,3140.00
1,42153,3150.00
1,42155,3120.00
1,42157,3120.00
1,42158,3120.00
1,42159,3240.00
1,42161,3240.00
1,42162,3100.00
1,42164,3140.00
1,42165,3140.00
1,42167,3140.00
1,42168,3110.00
1,42169,3110.00
1,42171,3140.00
1,42172,3120.00
1,42174,3120.00
1,42175,3150.00
1,42176,3120.00
1,42178,3120.00
1,42179,3110.00
1,42181,3150.00
1,42182,3150.00
1,42183,3120.00
1,42185,3110.00
1,42186,3110.00
1,42188,3120.00
1,42189,3120.00
1,42191,3110.00
1,42192,3110.00
1,42193,3110.00
0,42195,3120.00
0,42196,3380.00
0,42199,3380.00
0,42200,3280.00
1,42201,3140.00
1,42203,3140.00
1,42204,3260.00
1,42206,3120.00
1,42207,3120.00
1,42208,3120.00
1,42210,3170.00
1,42211,3170.00
1,42213,3140.00
1,42214,3140.00
1,42216,3140.00
1,42217,3150.00
1,42218,3150.00
1,42220,3150.00
1,42221,3120.00
1,42223,3120.00
1,42224,3120.00
1,42225,3140.00
1,42227,3120.00
1,42228,3120.00
1,42230,3120.00
1,42231,3120.00
1,42232,3150.00
1,42234,3120.00
1,42235,3120.00
1,42237,3110.00
1,42238,3150.00
1,42240,3150.00
1,42242,3100.00
1,42243,3140.00
1,42245,3140.00
1,42246,3120.00
1,42248,3140.00
1,42249,3140.00
1,42250,3200.00
1,42252,3120.00
1,42253,3120.00
1,42255,3150.00
0,42256,3370.00
0,42257,3370.00
0,42259,3300.00
1,42260,3240.00
1,42262,3240.00
1,42263,3240.00
1,42264,3140.00
1,42266,3140.00
1,42267,3120.00
1,42269,3150.00
1,42270,3150.00
1,42272,3140.00
1,42273,3140.00
1,42274,3120.00
1,42276,3170.00
1,42277,3170.00
1,42279,3120.00
1,42280,3110.00
1,42281,3110.00
1,42284,3120.00
1,42285,3100.00
1,42287,3100.00
1,42288,3110.00
1,42289,3100.00
1,42291,3100.00
1,42292,3100.00
1,42294,3140.00
1,42295,3140.00
1,42297,3120.00
1,42298,3110.00
1,42299,3110.00
1,42301,3120.00
1,42302,3140.00
1,42304,3140.00
1,42305,3110.00
1,42306,3150.00
1,42308,3150.00
1,42309,3100.00
1,42311,3110.00
1,42312,3110.00
1,42313,3120.00
1,42315,3120.00
0,42316,3100.00
0,42318,3330.00
1,42319,3330.00
1,42321,3400.00
1,42322,3200.00
1,42323,3200.00
1,42326,3110.00
1,42327,3150.00
1,42329,3150.00
1,42330,3160.00
1,42331,3160.00
1,42333,3160.00
1,42334,3250.00
1,42336,3150.00
1,42337,3150.00
1,42338,3150.00
1,42340,3170.00
1,42341,3170.00
1,42343,3120.00
1,42344,3120.00
1,42345,3120.00
1,42347,3190.00
1,42348,3120.00
1,42350,3120.00
1,42351,3140.00
1,42353,3120.00
1,42354,3120.00
1,42355,3140.00
1,42357,3140.00
1,42358,3120.00
1,42360,3250.00
1,42361,3250.00
1,42362,3150.00
0,42364,3100.00
0,42365,3100.00
0,42368,3240.00
0,42369,3230.00
1,42370,3230.00
1,42372,3190.00
1,42373,3170.00
1,42375,3170.00
1,42376,3140.00
1,42378,3150.00
1,42379,3150.00
1,42380,3160.00
1,42382,3100.00
1,42383,3100.00
1,42385,3140.00
1,42386,3140.00
1,42387,3140.00
1,42389,3120.00
1,42390,3120.00
1,42392,3120.00
1,42393,3110.00
1,42394,3120.00
1,42396,3120.00
1,42397,3140.00
1,42399,3140.00
1,42400,3120.00
1,42402,3140.00
1,42403,3140.00
1,42404,3150.00
1,42406,3140.00
1,42407,3140.00
1,42409,3120.00
1,42411,3120.00
1,42412,3120.00
1,42414,3140.00
1,42415,3120.00
1,42417,3120.00
1,42418,3140.00
1,42419,3120.00
1,42421,3120.00
1,42422,3110.00
0,42424,3140.00
0,42425,3140.00
0,42427,3370.00
1,42428,3300.00
1,42429,3300.00
1,42431,3190.00
1,42432,3200.00
1,42434,3200.00
1,42435,3110.00
1,42436,3110.00
1,42438,3110.00
1,42439,3200.00
1,42441,3200.00
1,42442,3120.00
1,42443,3140.00
1,42445,3140.00
1,42446,3140.00
1,42448,3120.00
1,42449,3120.00
1,42451,3110.00
1,42452,3140.00
1,42454,3140.00
1,42456,3120.00
1,42457,3110.00
1,42459,3110.00
1,42460,3200.00
1,42461,3120.00
1,42463,3120.00
1,42464,3140.00
1,42466,3140.00
1,42467,3140.00
1,42468,3110.00
1,42470,3140.00
1,42471,3140.00
1,42473,3140.00
1,42474,3120.00
1,42476,3120.00
1,42477,3120.00
1,42478,3110.00
1,42480,3110.00
1,42481,3120.00
0,42483,3260.00
0,42484,3260.00
0,42485,3430.00
1,42487,3430.00
1,42488,3300.00
1,42490,3200.00
1,42491,3200.00
1,42492,3140.00
1,42494,3110.00
1,42496,3110.00
1,42498,3110.00
1,42499,3120.00
1,42500,3120.00
1,42502,3110.00
1,42503,3140.00
1,42505,3140.00
1,42506,3110.00
1,42508,3110.00
1,42509,3110.00
1,42510,3140.00
1,42512,3110.00
1,42513,3110.00
1,42515,3110.00
1,42516,3120.00
1,42517,3120.00
1,42519,3110.00
1,42520,3120.00
1,42522,3120.00
1,42523,3100.00
1,42524,3110.00
1,42526,3110.00
1,42527,3120.00
1,42529,3120.00
1,42530,3100.00
1,42532,3120.00
1,42533,3120.00
1,42534,3120.00
1,42536,3100.00
1,42537,3100.00
1,42540,3120.00
1,42541,3080.00
1,42542,3080.00
0,42544,3110.00
0,42545,3340.00
1,42547,3340.00
1,42548,3420.00
1,42549,3260.00
1,42551,3260.00
1,42552,3110.00
1,42554,3150.00
1,42555,3150.00
1,42557,3150.00
1,42558,3120.00
1,42559,3120.00
1,42561,3140.00
1,42562,3170.00
1,42564,3170.00
1,42565,3140.00
1,42566,3140.00
1,42568,3140.00
1,42569,3120.00
1,42571,3120.00
1,42572,3140.00
1,42573,3110.00
1,42575,3110.00
1,42576,3120.00
1,42578,3140.00
1,42579,3140.00
1,42582,3110.00
1,42583,3140.00
1,42584,3140.00
1,42586,3110.00
1,42587,3110.00
1,42589,3110.00
1,42590,3120.00
1,42591,3110.00
1,42593,3110.00
1,42594,3120.00
1,42596,3100.00
1,42597,3100.00
1,42598,3120.00
1,42600,3120.00
0,42601,3120.00
0,42603,3230.00
0,42604,3440.00
0,42606,3440.00
1,42607,3250.00
1,42608,3320.00
1,42610,3320.00
1,42611,3280.00
1,42613,3280.00
1,42614,3120.00
1,42615,3150.00
1,42617,3150.00
1,42618,3150.00
1,42620,3160.00
1,42621,3160.00
1,42622,3150.00
1,42625,3150.00
1,42626,3150.00
1,42628,3170.00
1,42629,3100.00
1,42630,3100.00
1,42632,3120.00
1,42633,3120.00
1,42635,3120.00
1,42636,3110.00
1,42638,3140.00
1,42639,3140.00
1,42640,3120.00
1,42642,3110.00
1,42643,3110.00
1,42645,3160.00
1,42646,3120.00
1,42647,3120.00
1,42649,3110.00
1,42650,3120.00
1,42652,3120.00
1,42653,3110.00
0,42654,3110.00
0,42656,3230.00
0,42657,3380.00
1,42659,3380.00
1,42660,3340.00
1,42662,3260.00
1,42663,3260.00
1,42664,3110.00
1,42667,3150.00
1,42668,3150.00
1,42670,3120.00
1,42671,3140.00
1,42672,3140.00
1,42674,3160.00
1,42675,3110.00
1,42677,3110.00
1,42678,3150.00
1,42679,3120.00
1,42681,3120.00
1,42682,3120.00
1,42684,3110.00
1,42685,3110.00
1,42687,3140.00
1,42688,3120.00
1,42689,3120.00
1,42691,3120.00
1,42692,3140.00
1,42694,3140.00
1,42695,3150.00
1,42696,3150.00
1,42698,3110.00
1,42699,3120.00
1,42701,3120.00
1,42702,3100.00
1,42703,3120.00
1,42705,3120.00
1,42706,3140.00
1,42708,3110.00
1,42710,3110.00
1,42712,3100.00
1,42713,3110.00
0,42714,3110.00
0,42716,3250.00
0,42717,3440.00
0,42719,3440.00
1,42720,3170.00
1,42721,3100.00
1,42723,3100.00
1,42724,3320.00
1,42726,3380.00
1,42727,3380.00
1,42728,3110.00
1,42730,3150.00
1,42731,3150.00
1,42733,3170.00
1,42734,3100.00
1,42736,3100.00
1,42737,3120.00
1,42738,3120.00
1,42740,3160.00
1,42741,3110.00
1,42743,3110.00
1,42744,3160.00
1,42745,3140.00
1,42747,3140.00
1,42748,3110.00
1,42750,3150.00
1,42752,3150.00
1,42753,3140.00
1,42755,3140.00
1,42756,3140.00
1,42758,3100.00
1,42759,3100.00
1,42760,3100.00
1,42762,3140.00
1,42763,3120.00
1,42765,3120.00
1,42766,3110.00
1,42768,3150.00
1,42769,3150.00
1,42770,3120.00
1,42772,3120.00
1,42773,3120.00
0,42775,3140.00
0,42776,3330.00
0,42777,3330.00
1,42779,3240.00
1,42780,3240.00
1,42782,3290.00
1,42783,3170.00
1,42784,3170.00
1,42786,3110.00
1,42787,3120.00
1,42789,3120.00
1,42790,3160.00
1,42792,3110.00
1,42793,3110.00
1,42795,3150.00
1,42797,3160.00
1,42798,3160.00
1,42800,3100.00
1,42801,3150.00
1,42802,3150.00
1,42804,3120.00
1,42805,3120.00
1,42807,3120.00
1,42808,3190.00
1,42809,3120.00
1,42811,3120.00
1,42812,3120.00
1,42814,3140.00
1,42815,3140.00
1,42817,3120.00
1,42818,3120.00
1,42819,3120.00
1,42821,3110.00
1,42822,3110.00
1,42824,3120.00
1,42825,3120.00
1,42826,3120.00
1,42828,3100.00
1,42829,3140.00
1,42831,3140.00
1,42832,3120.00
0,42833,3080.00
0,42835,3080.00
0,42836,3290.00
0,42839,3300.00
1,42840,3300.00
1,42842,3120.00
1,42843,3210.00
1,42844,3210.00
1,42846,3300.00
1,42847,3120.00
1,42849,3120.00
1,42850,3150.00
1,42851,3150.00
1,42853,3150.00
1,42854,3110.00
1,42856,3190.00
1,42857,3190.00
1,42858,3120.00
1,42860,3240.00
1,42861,3240.00
1,42863,3170.00
1,42864,3140.00
1,42866,3140.00
1,42867,3150.00
1,42868,3150.00
1,42870,3150.00
1,42871,3120.00
1,42873,3120.00
1,42874,3140.00
1,42875,3140.00
1,42877,3140.00
1,42878,3150.00
1,42881,3150.00
1,42882,3150.00
1,42883,3120.00
1,42885,3140.00
1,42886,3140.00
1,42888,3110.00
1,42889,3120.00
1,42890,3120.00
1,42892,3140.00
0,42893,3170.00
0,42895,3170.00
0,42896,3430.00
1,42898,3370.00
1,42899,3370.00
1,42900,3280.00
1,42902,3120.00
1,42903,3120.00
1,42905,3140.00
1,42906,3170.00
1,42907,3170.00
1,42909,3150.00
1,42910,3150.00
1,42912,3160.00
1,42913,3200.00
1,42914,3200.00
1,42916,3120.00
1,42917,3120.00
1,42919,3120.00
1,42920,3110.00
1,42923,3150.00
1,42924,3150.00
1,42925,3110.00
1,42927,3120.00
1,42928,3120.00
1,42930,3140.00
1,42931,3110.00
1,42932,3110.00
1,42934,3120.00
1,42935,3240.00
1,42937,3240.00
1,42938,3290.00
1,42939,3170.00
1,42941,3170.00
1,42942,3120.00
0,42944,3260.00
0,42945,3260.00
0,42947,3460.00
0,42948,3290.00
1,42949,3290.00
1,42951,3250.00
1,42952,3250.00
1,42954,3340.00
1,42955,3120.00
1,42956,3120.00
1,42958,3080.00
1,42959,3380.00
1,42961,3380.00
1,42962,3250.00
1,42963,3260.00
1,42966,3260.00
1,42967,3170.00
1,42969,3120.00
1,42970,3120.00
1,42972,3140.00
1,42973,3240.00
1,42974,3240.00
1,42976,3150.00
1,42977,3140.00
1,42979,3140.00
1,42980,3170.00
1,42981,3140.00
1,42983,3140.00
1,42984,3140.00
1,42986,3170.00
1,42987,3170.00
1,42988,3120.00
1,42990,3120.00
1,42991,3120.00
1,42993,3110.00
1,42994,3110.00
1,42996,3100.00
1,42997,3110.00
1,42998,3110.00
1,43000,3140.00
1,43001,3110.00
1,43003,3110.00
0,43004,3110.00
0,43005,3400.00
0,43008,3400.00
1,43009,3350.00
1,43011,3300.00
1,43012,3300.00
1,43013,3290.00
1,43015,3110.00
1,43016,3110.00
1,43018,3120.00
1,43019,3150.00
1,43021,3150.00
1,43022,3120.00
1,43023,3120.00
1,43025,3120.00
1,43026,3160.00
1,43028,3140.00
1,43029,3140.00
1,43030,3110.00
1,43032,3440.00
1,43033,3440.00
1,43035,3280.00
1,43036,3280.00
1,43037,3460.00
1,43039,3340.00
1,43040,3340.00
1,43042,3300.00
1,43043,3370.00
1,43044,3370.00
1,43046,3340.00
1,43047,3400.00
1,43049,3400.00
1,43051,3420.00
1,43053,3340.00
1,43054,3340.00
1,43055,3350.00
1,43057,3460.00
1,43058,3460.00
1,43060,3420.00
1,43061,3350.00
1,43062,3350.00
0,43064,3480.00
0,43065,3370.00
0,43067,3370.00
1,43068,3490.00
1,43069,3490.00
1,43071,3490.00
1,43072,3340.00
1,43074,3290.00
1,43075,3290.00
1,43077,3340.00
1,43078,3340.00
1,43079,3330.00
1,43081,3370.00
1,43082,3370.00
1,43084,3430.00
1,43085,3330.00
1,43086,3330.00
1,43088,3380.00
1,43089,3470.00
1,43091,3470.00
1,43092,3400.00
1,43094,3350.00
1,43096,3350.00
1,43097,3440.00
1,43099,3110.00
1,43100,3110.00
1,43102,3140.00
1,43103,3190.00
1,43104,3190.00
1,43106,3140.00
1,43107,3140.00
1,43109,3140.00
1,43110,3160.00
1,43111,3140.00
1,43113,3140.00
1,43114,3150.00
1,43116,3110.00
1,43117,3110.00
1,43118,3160.00
1,43120,3160.00
1,43121,3150.00
1,43123,3110.00
0,43124,3110.00
0,43126,3160.00
0,43127,3340.00
1,43128,3340.00
1,43130,3170.00
1,43131,3260.00
1,43133,3260.00
1,43134,3200.00
1,43136,3120.00
1,43138,3120.00
1,43139,3110.00
1,43141,3120.00
1,43142,3120.00
1,43143,3120.00
1,43145,3110.00
1,43146,3110.00
1,43148,3140.00
1,43149,3120.00
1,43151,3120.00
1,43152,3100.00
1,43153,3140.00
1,43155,3140.00
1,43156,3120.00
1,43158,3120.00
1,43159,3120.00
1,43160,3190.00
1,43162,3190.00
1,43163,3100.00
1,43165,3110.00
1,43166,3110.00
1,43167,3120.00
1,43169,3150.00
1,43170,3150.00
1,43172,3150.00
1,43173,3140.00
1,43174,3140.00
1,43176,3140.00
1,43177,3140.00
1,43180,3140.00
1,43181,3120.00
1,43183,3120.00
1,43184,3120.00
0,43185,3110.00
0,43187,3350.00
1,43188,3350.00
1,43190,3330.00
1,43191,3250.00
1,43192,3250.00
1,43194,3140.00
1,43195,3120.00
1,43197,3120.00
1,43198,3140.00
1,43199,3170.00
1,43201,3170.00
1,43202,3160.00
1,43204,3160.00
1,43205,3150.00
1,43207,3190.00
1,43208,3190.00
1,43209,3120.00
1,43211,3120.00
1,43212,3120.00
1,43214,3170.00
1,43215,3120.00
1,43216,3120.00
1,43218,3110.00
1,43219,3120.00
1,43222,3120.00
1,43223,3120.00
1,43224,3110.00
1,43226,3110.00
1,43227,3100.00
1,43229,3110.00
1,43230,3110.00
1,43232,3120.00
1,43233,3100.00
1,43234,3100.00
0,43236,3150.00
0,43237,3370.00
0,43239,3370.00
1,43240,3320.00
1,43241,3280.00
1,43243,3280.00
1,43244,3150.00
1,43246,3150.00
1,43247,3150.00
1,43248,3100.00
1,43250,3100.00
1,43251,3110.00
1,43253,3150.00
1,43254,3150.00
1,43256,3140.00
1,43257,3110.00
1,43258,3110.00
1,43260,3140.00
1,43261,3120.00
1,43264,3120.00
1,43265,3160.00
1,43266,3120.00
1,43268,3120.00
1,43269,3140.00
1,43271,3120.00
1,43272,3120.00
1,43273,3120.00
1,43275,3150.00
1,43276,3150.00
1,43278,3140.00
1,43279,3120.00
1,43281,3120.00
1,43282,3140.00
1,43283,3120.00
1,43285,3120.00
1,43286,3110.00
1,43288,3110.00
1,43289,3100.00
1,43290,3100.00
1,43292,3100.00
0,43293,3140.00
0,43295,3330.00
0,43296,3330.00
1,43297,3320.00
1,43299,3380.00
1,43300,3380.00
1,43302,3280.00
1,43303,3140.00
1,43304,3140.00
1,43307,3160.00
1,43308,3170.00
1,43310,3170.00
1,43311,3140.00
1,43313,3190.00
1,43314,3190.00
1,43315,3110.00
1,43317,3120.00
1,43318,3120.00
1,43320,3120.00
1,43321,3120.00
1,43322,3120.00
1,43324,3120.00
1,43325,3140.00
1,43327,3140.00
1,43328,3140.00
1,43329,3150.00
1,43331,3150.00
1,43332,3150.00
1,43334,3150.00
1,43335,3140.00
1,43337,3120.00
1,43338,3120.00
1,43339,3140.00
1,43341,3120.00
1,43342,3120.00
1,43344,3140.00
1,43345,3110.00
1,43346,3110.00
1,43348,3120.00
1,43350,3110.00
0,43352,3110.00
0,43353,3350.00
0,43354,3260.00
1,43356,3260.00
1,43357,3340.00
1,43359,3210.00
1,43360,3210.00
1,43362,3190.00
1,43363,3140.00
1,43364,3140.00
1,43366,3120.00
1,43367,3110.00
1,43369,3110.00
1,43370,3170.00
1,43371,3100.00
1,43373,3100.00
1,43374,3100.00
1,43376,3100.00
1,43377,3160.00
1,43378,3150.00
1,43380,3150.00
1,43381,3100.00
1,43383,3120.00
1,43384,3120.00
1,43386,3140.00
1,43387,3140.00
1,43388,3140.00
1,43390,3120.00
1,43392,3120.00
1,43394,3120.00
1,43395,3140.00
1,43396,3120.00
1,43398,3120.00
1,43399,3140.00
1,43401,3140.00
1,43402,3140.00
1,43403,3120.00
1,43405,3120.00
1,43406,3120.00
1,43408,3110.00
0,43409,3120.00
0,43411,3120.00
0,43412,3350.00
0,43413,3280.00
0,43415,3280.00
0,43416,3290.00
0,43418,3290.00
1,43419,3280.00
1,43420,3140.00
1,43422,3140.00
1,43423,3160.00
1,43425,3110.00
1,43426,3110.00
1,43427,3140.00
1,43429,3150.00
1,43430,3150.00
1,43432,3110.00
1,43433,3100.00
1,43435,3100.00
1,43437,3150.00
1,43438,3150.00
1,43440,3150.00
1,43441,3140.00
1,43443,3110.00
1,43444,3110.00
1,43445,3140.00
1,43447,3150.00
1,43448,3150.00
1,43450,3110.00
1,43451,3140.00
1,43452,3140.00
1,43454,3140.00
1,43455,3110.00
1,43457,3110.00
1,43458,3140.00
1,43459,3140.00
1,43461,3120.00
1,43462,3110.00
1,43464,3110.00
1,43465,3120.00
1,43467,3110.00
1,43468,3110.00
1,43469,3120.00
0,43471,3190.00
0,43472,3190.00
0,43474,3380.00
0,43475,3280.00
0,43476,3280.00
1,43479,3250.00
1,43480,3300.00
1,43482,3300.00
1,43483,3140.00
1,43484,3120.00
1,43486,3120.00
1,43487,3190.00
1,43489,3120.00
1,43490,3120.00
1,43492,3160.00
1,43493,3190.00
1,43494,3190.00
1,43496,3200.00
1,43497,3140.00
1,43499,3140.00
1,43500,3150.00
1,43501,3150.00
1,43503,3160.00
1,43504,3140.00
1,43506,3140.00
1,43507,3160.00
1,43508,3140.00
1,43510,3140.00
1,43511,3110.00
1,43513,3120.00
1,43514,3120.00
1,43516,3140.00
1,43517,3120.00
1,43518,3120.00
1,43521,3120.00
0,43522,3110.00
0,43524,3110.00
0,43525,3370.00
0,43526,3380.00
1,43528,3380.00
1,43529,3250.00
1,43531,3240.00
1,43532,3240.00
1,43533,3140.00
1,43535,3120.00
1,43536,3120.00
1,43538,3140.00
1,43539,3150.00
1,43541,3150.00
1,43542,3120.00
1,43543,3120.00
1,43545,3150.00
1,43546,3140.00
1,43548,3140.00
1,43549,3140.00
1,43550,3140.00
1,43552,3140.00
1,43553,3140.00
1,43555,3120.00
1,43556,3120.00
1,43557,3120.00
1,43559,3110.00
1,43560,3110.00
1,43563,3240.00
1,43564,3120.00
1,43565,3120.00
1,43567,3140.00
1,43568,3120.00
1,43570,3120.00
1,43571,3120.00
1,43573,3110.00
1,43574,3110.00
1,43575,3100.00
1,43577,3120.00
1,43578,3120.00
1,43580,3110.00
1,43581,3140.00
0,43582,3140.00
0,43584,3330.00
0,43585,3330.00
1,43587,3320.00
1,43588,3290.00
1,43589,3290.00
1,43591,3280.00
1,43592,3160.00
1,43594,3160.00
1,43595,3120.00
1,43597,3120.00
1,43598,3120.00
1,43599,3160.00
1,43601,3120.00
1,43602,3120.00
1,43604,3140.00
1,43606,3150.00
1,43607,3150.00
1,43609,3120.00
1,43610,3140.00
1,43612,3140.00
1,43613,3150.00
1,43614,3120.00
1,43616,3120.00
1,43617,3150.00
1,43619,3120.00
1,43620,3120.00
1,43622,3140.00
1,43623,3150.00
1,43624,3150.00
1,43626,3100.00
1,43627,3100.00
1,43629,3150.00
1,43630,3150.00
1,43631,3150.00
1,43633,3120.00
1,43634,3120.00
1,43636,3120.00
1,43637,3120.00
1,43638,3110.00
0,43640,3110.00
0,43641,3400.00
1,43643,3400.00
1,43644,3400.00
1,43646,3250.00
1,43648,3140.00
1,43649,3140.00
1,43651,3190.00
1,43652,3120.00
1,43654,3120.00
1,43655,3120.00
1,43656,3230.00
1,43658,3230.00
1,43659,3140.00
1,43661,3140.00
1,43662,3140.00
1,43663,3170.00
1,43665,3120.00
1,43666,3120.00
1,43668,3140.00
1,43669,3140.00
1,43671,3140.00
1,43672,3140.00
1,43673,3140.00
1,43675,3120.00
1,43676,3100.00
1,43678,3100.00
1,43679,3120.00
1,43680,3120.00
1,43682,3120.00
1,43683,3110.00
1,43685,3140.00
1,43686,3140.00
1,43687,3140.00
1,43689,3120.00
1,43691,3120.00
1,43693,3100.00
1,43694,3140.00
1,43696,3140.00
1,43697,3140.00
1,43698,3140.00
0,43700,3140.00
0,43701,3400.00
0,43703,3320.00
0,43704,3320.00
0,43705,3250.00
0,43707,3280.00
0,43708,3280.00
1,43710,3300.00
1,43711,3110.00
1,43712,3110.00
1,43714,3140.00
1,43715,3140.00
1,43717,3160.00
1,43718,3140.00
1,43719,3140.00
1,43721,3110.00
1,43722,3150.00
1,43724,3150.00
1,43725,3140.00
1,43727,3150.00
1,43728,3150.00
1,43729,3150.00
1,43731,3140.00
1,43732,3140.00
1,43735,3140.00
1,43736,3150.00
1,43737,3150.00
1,43739,3140.00
1,43740,3110.00
1,43742,3110.00
1,43743,3140.00
1,43744,3110.00
1,43746,3110.00
1,43747,3140.00
1,43749,3120.00
1,43750,3120.00
1,43752,3120.00
1,43753,3120.00
1,43754,3140.00
1,43756,3120.00
1,43757,3120.00
0,43759,3140.00
0,43760,3400.00
0,43761,3400.00
0,43763,3340.00
0,43764,3250.00
0,43766,3250.00
0,43767,3260.00
1,43768,3230.00
1,43770,3230.00
1,43771,3120.00
1,43773,3190.00
1,43774,3190.00
1,43777,3150.00
1,43778,3150.00
1,43779,3150.00
1,43781,3200.00
1,43782,3160.00
1,43784,3160.00
1,43785,3150.00
1,43786,3160.00
1,43788,3160.00
1,43789,3110.00
1,43791,3140.00
1,43792,3140.00
1,43793,3140.00
1,43795,3120.00
1,43796,3120.00
1,43798,3140.00
1,43799,3140.00
1,43801,3120.00
1,43802,3170.00
1,43803,3170.00
1,43805,3120.00
1,43806,3110.00
1,43808,3110.00
0,43809,3210.00
0,43810,3380.00
0,43812,3380.00
0,43813,3320.00
0,43815,3160.00
0,43816,3160.00
0,43817,3330.00
1,43820,3330.00
1,43821,3330.00
1,43823,3110.00
1,43824,3120.00
1,43826,3120.00
1,43827,3150.00
1,43828,3080.00
1,43830,3080.00
1,43831,3190.00
1,43833,3150.00
1,43834,3150.00
1,43835,3110.00
1,43837,3140.00
1,43838,3140.00
1,43840,3160.00
1,43841,3160.00
1,43842,3120.00
1,43844,3120.00
1,43845,3120.00
1,43847,3110.00
1,43848,3120.00
1,43849,3120.00
1,43851,3120.00
1,43852,3140.00
1,43854,3140.00
1,43855,3120.00
1,43857,3100.00
1,43858,3100.00
1,43859,3120.00
1,43862,3120.00
1,43863,3120.00
1,43865,3140.00
1,43866,3140.00
1,43867,3140.00
1,43869,3110.00
1,43870,3110.00
0,43872,3110.00
0,43873,3260.00
0,43874,3300.00
0,43876,3300.00
0,43877,3190.00
1,43879,3340.00
1,43880,3340.00
1,43882,3150.00
1,43883,3150.00
1,43884,3100.00
1,43886,3160.00
1,43887,3160.00
1,43889,3140.00
1,43890,3110.00
1,43891,3110.00
1,43893,3150.00
1,43894,3120.00
1,43896,3120.00
1,43897,3120.00
1,43898,3150.00
1,43900,3150.00
1,43901,3120.00
1,43904,3140.00
1,43905,3140.00
1,43907,3120.00
1,43908,3100.00
1,43909,3100.00
1,43911,3120.00
1,43912,3110.00
1,43914,3110.00
1,43915,3140.00
1,43916,3120.00
1,43918,3120.00
1,43919,3120.00
1,43921,3120.00
1,43922,3120.00
1,43923,3140.00
1,43925,3140.00
1,43926,3110.00
1,43928,3140.00
1,43929,3140.00
1,43931,3120.00
0,43932,3100.00
0,43933,3100.00
0,43935,3280.00
1,43936,3390.00
1,43938,3390.00
1,43939,3280.00
1,43940,3110.00
1,43942,3110.00
1,43943,3190.00
1,43945,3120.00
1,43947,3120.00
1,43948,3110.00
1,43950,3170.00
1,43951,3170.00
1,43953,3120.00
1,43954,3140.00
1,43956,3140.00
1,43957,3190.00
1,43958,3100.00
1,43960,3100.00
1,43961,3150.00
1,43963,3210.00
1,43964,3210.00
1,43965,3120.00
1,43967,3120.00
1,43968,3120.00
1,43970,3110.00
1,43971,3110.00
1,43972,3120.00
1,43974,3110.00
1,43975,3110.00
1,43977,3100.00
1,43978,3110.00
1,43979,3110.00
1,43981,3120.00
1,43982,3140.00
1,43984,3140.00
1,43985,3120.00
1,43987,3100.00
1,43988,3100.00
1,43990,3150.00
1,43992,3140.00
0,43993,3140.00
0,43995,3350.00
0,43996,3370.00
0,43997,3370.00
0,43999,3230.00
0,44000,3260.00
0,44002,3260.00
1,44003,3340.00
1,44004,3120.00
1,44006,3120.00
1,44007,3140.00
1,44009,3140.00
1,44010,3150.00
1,44012,3100.00
1,44013,3100.00
1,44014,3120.00
1,44016,3170.00
1,44017,3170.00
1,44019,3140.00
1,44020,3110.00
1,44021,3110.00
1,44023,3160.00
1,44024,3140.00
1,44026,3140.00
1,44027,3110.00
1,44028,3120.00
1,44030,3120.00
1,44032,3120.00
1,44034,3140.00
1,44035,3140.00
1,44037,3080.00
1,44038,3100.00
1,44039,3100.00
1,44041,3140.00
1,44042,3110.00
1,44044,3110.00
1,44045,3150.00
1,44046,3120.00
1,44048,3120.00
1,44049,3110.00
1,44051,3110.00
1,44052,3110.00
1,44053,3170.00
0,44055,3170.00
0,44056,3370.00
0,44058,3280.00
0,44059,3280.00
0,44061,3150.00
1,44062,3320.00
1,44063,3320.00
1,44065,3150.00
1,44066,3150.00
1,44068,3150.00
1,44069,3120.00
1,44070,3120.00
1,44072,3120.00
1,44073,3250.00
1,44076,3160.00
1,44077,3160.00
1,44078,3190.00
1,44080,3160.00
1,44081,3160.00
1,44083,3100.00
1,44084,3140.00
1,44086,3140.00
1,44087,3160.00
1,44088,3100.00
1,44090,3100.00
1,44091,3140.00
1,44093,3140.00
1,44094,3160.00
1,44095,3120.00
1,44097,3120.00
1,44098,3430.00
1,44100,3580.00
1,44101,3580.00
1,44102,3340.00
1,44104,3340.00
1,44105,3340.00
0,44107,3430.00
0,44108,3400.00
0,44109,3400.00
1,44111,3280.00
1,44112,3570.00
1,44114,3570.00
1,44115,3480.00
1,44118,3300.00
1,44119,3300.00
1,44120,3460.00
1,44122,3460.00
1,44123,3460.00
1,44125,3330.00
1,44126,3440.00
1,44127,3440.00
1,44129,3380.00
1,44130,3160.00
1,44132,3160.00
1,44133,3250.00
1,44134,3250.00
1,44136,3100.00
1,44137,3110.00
1,44139,3110.00
1,44140,3210.00
1,44142,3120.00
1,44143,3120.00
1,44144,3150.00
1,44146,3210.00
1,44147,3210.00
1,44149,3120.00
1,44150,3140.00
1,44151,3140.00
1,44153,3210.00
1,44154,3120.00
1,44156,3120.00
1,44157,3120.00
1,44158,3150.00
1,44161,3150.00
1,44162,3110.00
1,44164,3150.00
1,44165,3150.00
1,44167,3120.00
1,44168,3120.00
0,44169,3120.00
0,44171,3260.00
1,44172,3140.00
1,44174,3140.00
1,44175,3320.00
1,44176,3100.00
1,44178,3100.00
1,44179,3140.00
1,44181,3140.00
1,44182,3110.00
1,44183,3160.00
1,44185,3160.00
1,44186,3120.00
1,44188,3100.00
1,44189,3100.00
1,44191,3150.00
1,44192,3100.00
1,44193,3100.00
1,44195,3100.00
1,44196,3140.00
1,44198,3140.00
1,44199,3120.00
1,44200,3140.00
1,44203,3140.00
1,44204,3150.00
1,44206,3120.00
1,44207,3120.00
1,44208,3120.00
1,44210,3120.00
1,44211,3120.00
1,44213,3100.00
1,44214,3120.00
1,44216,3120.00
1,44217,3100.00
1,44218,3110.00
1,44220,3110.00
1,44221,3120.00
1,44223,3120.00
1,44224,3100.00
1,44225,3120.00
1,44227,3120.00
1,44228,3120.00
0,44230,3190.00
0,44231,3190.00
1,44232,3420.00
1,44234,3390.00
1,44235,3390.00
1,44237,3350.00
1,44238,3110.00
1,44240,3110.00
1,44241,3120.00
1,44242,3150.00
1,44244,3150.00
1,44246,3140.00
1,44248,3120.00
1,44249,3120.00
1,44250,3150.00
1,44252,3110.00
1,44253,3110.00
1,44255,3140.00
1,44256,3120.00
1,44257,3120.00
1,44259,3140.00
1,44260,3150.00
1,44262,3150.00
1,44263,3240.00
1,44264,3240.00
1,44266,3120.00
1,44267,3140.00
1,44269,3140.00
1,44270,3110.00
1,44272,3140.00
1,44273,3140.00
1,44274,3140.00
1,44276,3110.00
1,44277,3110.00
1,44279,3140.00
1,44280,3140.00
1,44281,3140.00
1,44283,3140.00
1,44284,3100.00
1,44286,3100.00
0,44288,3120.00
0,44289,3470.00
0,44291,3470.00
0,44292,3320.00
1,44294,3370.00
1,44295,3370.00
1,44297,3250.00
1,44298,3120.00
1,44299,3120.00
1,44301,3140.00
1,44302,3170.00
1,44304,3170.00
1,44305,3140.00
1,44306,3140.00
1,44308,3140.00
1,44309,3190.00
1,44311,3190.00
1,44312,3120.00
1,44313,3120.00
1,44315,3120.00
1,44316,3110.00
1,44318,3140.00
1,44319,3140.00
1,44321,3110.00
1,44322,3120.00
1,44323,3120.00
1,44325,3140.00
1,44326,3120.00
1,44328,3120.00
1,44329,3140.00
1,44331,3190.00
1,44333,3190.00
1,44334,3160.00
1,44336,3120.00
1,44337,3120.00
1,44338,3110.00
1,44340,3140.00
1,44341,3140.00
1,44343,3120.00
1,44344,3100.00
1,44346,3100.00
0,44347,3120.00
0,44348,3120.00
0,44350,3300.00
1,44351,3260.00
1,44353,3260.00
1,44354,3260.00
1,44355,3110.00
1,44357,3110.00
1,44358,3080.00
1,44360,3210.00
1,44361,3210.00
1,44362,3120.00
1,44364,3150.00
1,44365,3150.00
1,44367,3250.00
1,44368,3190.00
1,44369,3190.00
1,44371,3120.00
1,44372,3190.00
1,44375,3190.00
1,44376,3110.00
1,44378,3140.00
1,44379,3140.00
1,44380,3100.00
1,44382,3110.00
1,44383,3110.00
1,44385,3120.00
1,44386,3140.00
1,44387,3140.00
1,44389,3120.00
1,44390,3120.00
1,44392,3100.00
1,44393,3120.00
1,44394,3120.00
1,44396,3120.00
0,44397,3100.00
0,44399,3100.00
0,44400,3330.00
0,44402,3240.00
1,44403,3240.00
1,44404,3330.00
1,44406,3390.00
1,44407,3390.00
1,44409,3120.00
1,44410,3120.00
1,44411,3120.00
1,44413,3190.00
1,44414,3110.00
1,44417,3110.00
1,44418,3120.00
1,44419,3210.00
1,44421,3210.00
1,44422,3120.00
1,44424,3120.00
1,44425,3120.00
1,44427,3140.00
1,44428,3120.00
1,44429,3120.00
1,44431,3120.00
1,44432,3120.00
1,44434,3120.00
1,44435,3120.00
1,44436,3120.00
1,44438,3150.00
1,44439,3120.00
1,44441,3120.00
1,44442,3100.00
1,44443,3120.00
1,44445,3120.00
1,44446,3120.00
1,44448,3120.00
1,44449,3120.00
1,44451,3140.00
1,44452,3140.00
1,44453,3140.00
0,44455,3100.00
0,44456,3400.00
0,44459,3400.00
0,44460,3340.00
1,44461,3350.00
1,44463,3350.00
1,44464,3250.00
1,44466,3160.00
1,44467,3160.00
1,44468,3140.00
1,44470,3110.00
1,44471,3110.00
1,44473,3160.00
1,44474,3160.00
1,44476,3160.00
1,44477,3120.00
1,44478,3120.00
1,44480,3150.00
1,44481,3120.00
1,44483,3120.00
1,44484,3110.00
1,44485,3120.00
1,44487,3120.00
1,44488,3140.00
1,44490,3150.00
1,44491,3150.00
1,44492,3150.00
1,44494,3140.00
1,44495,3140.00
1,44497,3150.00
1,44498,3140.00
1,44500,3140.00
1,44502,3120.00
1,44503,3140.00
1,44505,3140.00
1,44506,3110.00
1,44508,3150.00
1,44509,3150.00
1,44510,3120.00
1,44512,3110.00
0,44513,3110.00
0,44515,3280.00
0,44516,3280.00
0,44517,3470.00
1,44519,3330.00
1,44520,3330.00
1,44522,3240.00
1,44523,3210.00
1,44524,3210.00
1,44526,3110.00
1,44527,3110.00
1,44529,3110.00
1,44530,3210.00
1,44532,3100.00
1,44533,3100.00
1,44534,3120.00
1,44536,3190.00
1,44537,3190.00
1,44539,3140.00
1,44540,3150.00
1,44541,3150.00
1,44544,3170.00
1,44545,3110.00
1,44547,3110.00
1,44548,3150.00
1,44549,3120.00
1,44551,3120.00
1,44552,3140.00
1,44554,3140.00
1,44555,3140.00
1,44557,3150.00
1,44558,3150.00
1,44559,3120.00
1,44561,3120.00
1,44562,3120.00
1,44564,3100.00
1,44565,3150.00
1,44566,3150.00
1,44568,3140.00
1,44569,3120.00
1,44571,3120.00
0,44572,3120.00
0,44573,3370.00
0,44575,3370.00
0,44576,3400.00
1,44578,3380.00
1,44579,3380.00
1,44581,3260.00
1,44582,3230.00
1,44583,3230.00
1,44585,3110.00
1,44587,3140.00
1,44589,3140.00
1,44590,3170.00
1,44591,3120.00
1,44593,3120.00
1,44594,3140.00
1,44596,3150.00
1,44597,3150.00
1,44598,3120.00
1,44600,3120.00
1,44601,3140.00
1,44603,3120.00
1,44604,3120.00
1,44606,3150.00
1,44607,3120.00
1,44608,3120.00
1,44610,3120.00
1,44611,3140.00
1,44613,3140.00
1,44614,3110.00
1,44615,3140.00
1,44617,3140.00
1,44618,3140.00
1,44620,3120.00
1,44621,3120.00
1,44622,3120.00
1,44624,3140.00
1,44625,3140.00
1,44627,3110.00
1,44628,3100.00
1,44631,3100.00
1,44632,3120.00
0,44633,3350.00
0,44635,3350.00
0,44636,3390.00
0,44638,3260.00
1,44639,3260.00
1,44640,3230.00
1,44642,3120.00
1,44643,3120.00
1,44645,3160.00
1,44646,3160.00
1,44647,3170.00
1,44649,3160.00
1,44650,3160.00
1,44652,3150.00
1,44653,3190.00
1,44654,3190.00
1,44656,3160.00
1,44657,3110.00
1,44659,3110.00
1,44660,3160.00
1,44662,3110.00
1,44663,3110.00
1,44664,3290.00
1,44666,3150.00
1,44667,3150.00
1,44669,3140.00
1,44670,3120.00
1,44672,3120.00
1,44674,3140.00
1,44675,3150.00
1,44677,3150.00
1,44678,3120.00
1,44679,3120.00
1,44681,3120.00
1,44682,3120.00
1,44684,3120.00
0,44685,3120.00
0,44687,3350.00
0,44688,3350.00
0,44689,3330.00
1,44691,3320.00
1,44692,3320.00
1,44694,3190.00
1,44695,3170.00
1,44696,3170.00
1,44698,3110.00
1,44699,3190.00
1,44701,3190.00
1,44702,3120.00
1,44703,3140.00
1,44705,3140.00
1,44706,3170.00
1,44708,3140.00
1,44709,3140.00
1,44711,3120.00
1,44712,3120.00
1,44713,3120.00
1,44716,3170.00
1,44717,3140.00
1,44719,3140.00
1,44720,3110.00
1,44721,3120.00
1,44723,3120.00
1,44724,3110.00
1,44726,3120.00
1,44727,3120.00
1,44728,3140.00
1,44730,3140.00
1,44731,3120.00
1,44733,3110.00
1,44734,3110.00
1,44736,3080.00
1,44737,3110.00
1,44738,3110.00
1,44740,3110.00
1,44741,3100.00
1,44743,3100.00
1,44744,3110.00
0,44745,3240.00
0,44747,3240.00
0,44748,3390.00
0,44750,3300.00
1,44751,3300.00
1,44752,3280.00
1,44754,3120.00
1,44755,3120.00
1,44758,3140.00
1,44759,3190.00
1,44761,3190.00
1,44762,3110.00
1,44763,3150.00
1,44765,3150.00
1,44766,3160.00
1,44768,3120.00
1,44769,3120.00
1,44770,3120.00
1,44772,3120.00
1,44773,3150.00
1,44775,3120.00
1,44776,3120.00
1,44777,3140.00
1,44779,3140.00
1,44780,3140.00
1,44782,3120.00
1,44783,3140.00
1,44784,3140.00
1,44786,3140.00
1,44787,3140.00
1,44789,3140.00
1,44790,3140.00
1,44792,3140.00
1,44793,3140.00
1,44794,3120.00
1,44796,3120.00
1,44797,3120.00
1,44800,3120.00
1,44801,3110.00
1,44802,3110.00
1,44804,3110.00
1,44805,3110.00
0,44807,3110.00
0,44808,3300.00
0,44809,3320.00
0,44811,3320.00
0,44812,3260.00
0,44814,3260.00
0,44815,3230.00
0,44817,3170.00
0,44818,3170.00
1,44819,3110.00
1,44821,3120.00
1,44822,3120.00
1,44824,3160.00
1,44825,3120.00
1,44826,3120.00
1,44828,3110.00
1,44829,3170.00
1,44831,3170.00
1,44832,3160.00
1,44833,3140.00
1,44835,3140.00
1,44836,3190.00
1,44838,3140.00
1,44839,3140.00
1,44841,3140.00
1,44843,3120.00
1,44844,3120.00
1,44846,3120.00
1,44847,3120.00
1,44849,3120.00
1,44850,3100.00
1,44851,3110.00
1,44853,3110.00
1,44854,3100.00
1,44856,3100.00
1,44857,3120.00
1,44858,3110.00
1,44860,3110.00
1,44861,3100.00
1,44863,3120.00
1,44864,3120.00
1,44866,3190.00
1,44867,3110.00
0,44868,3110.00
0,44870,3380.00
1,44871,3250.00
1,44873,3250.00
1,44874,3280.00
1,44875,3210.00
1,44877,3210.00
1,44878,3110.00
1,44880,3150.00
1,44881,3150.00
1,44882,3190.00
1,44884,3140.00
1,44886,3140.00
1,44888,3140.00
1,44889,3150.00
1,44891,3150.00
1,44892,3140.00
1,44893,3120.00
1,44895,3120.00
1,44896,3150.00
1,44898,3150.00
1,44899,3120.00
1,44900,3120.00
1,44902,3120.00
1,44903,3140.00
1,44905,3120.00
1,44906,3120.00
1,44907,3140.00
1,44909,3120.00
1,44910,3120.00
1,44912,3100.00
1,44913,3120.00
1,44914,3120.00
1,44916,3120.00
1,44917,3100.00
1,44919,3100.00
1,44920,3120.00
1,44922,3110.00
1,44923,3110.00
1,44924,3120.00
1,44926,3110.00
0,44928,3110.00
0,44930,3230.00
0,44931,3290.00
1,44932,3290.00
1,44934,3340.00
1,44935,3150.00
1,44937,3150.00
1,44938,3110.00
1,44939,3110.00
1,44941,3200.00
1,44942,3120.00
1,44944,3120.00
1,44945,3170.00
1,44947,3210.00
1,44948,3210.00
1,44949,3160.00
1,44951,3120.00
1,44952,3120.00
1,44954,3190.00
1,44955,3140.00
1,44956,3140.00
1,44958,3140.00
1,44959,3150.00
1,44961,3150.00
1,44962,3120.00
1,44963,3260.00
1,44965,3260.00
1,44966,3140.00
1,44968,3120.00
1,44969,3120.00
1,44972,3150.00
1,44973,3110.00
1,44974,3110.00
0,44976,3140.00
0,44977,3250.00
0,44979,3250.00
1,44980,3370.00
1,44981,3370.00
1,44983,3290.00
1,44984,3140.00
1,44986,3140.00
1,44987,3170.00
1,44988,3140.00
1,44990,3140.00
1,44991,3140.00
1,44993,3160.00
1,44994,3160.00
1,44996,3110.00
1,44997,3150.00
1,44998,3150.00
1,45000,3170.00
1,45001,3100.00
1,45003,3100.00
1,45004,3140.00
1,45005,3140.00
1,45007,3140.00
1,45008,3120.00
1,45010,3100.00
1,45011,3100.00
1,45012,3110.00
1,45015,3120.00
1,45016,3120.00
1,45018,3140.00
1,45019,3100.00
1,45021,3100.00
1,45022,3110.00
1,45023,3100.00
1,45025,3100.00
1,45026,3120.00
1,45028,3120.00
1,45029,3110.00
1,45030,3140.00
1,45032,3140.00
1,45033,3140.00
1,45035,3120.00
0,45036,3120.00
0,45037,3350.00
1,45039,3330.00
1,45040,3330.00
1,45042,3320.00
1,45043,3120.00
1,45044,3120.00
1,45046,3190.00
1,45047,3120.00
1,45049,3120.00
1,45050,3120.00
1,45052,3140.00
1,45053,3140.00
1,45054,3140.00
1,45057,3110.00
1,45058,3110.00
1,45060,3150.00
1,45061,3140.00
1,45062,3140.00
1,45064,3110.00
1,45065,3140.00
1,45067,3140.00
1,45068,3150.00
1,45069,3150.00
1,45071,3110.00
1,45072,3150.00
1,45074,3150.00
1,45075,3110.00
1,45077,3150.00
1,45078,3150.00
1,45079,3140.00
1,45081,3120.00
1,45082,3120.00
1,45084,3140.00
1,45085,3140.00
1,45086,3140.00
1,45088,3120.00
1,45089,3140.00
1,45091,3140.00
0,45092,3120.00
0,45093,3400.00
0,45095,3400.00
0,45096,3350.00
1,45099,3430.00
1,45100,3430.00
1,45102,3260.00
1,45103,3210.00
1,45104,3210.00
1,45106,3110.00
1,45107,3120.00
1,45109,3120.00
1,45110,3160.00
1,45111,3160.00
1,45113,3080.00
1,45114,3110.00
1,45116,3110.00
1,45117,3190.00
1,45118,3120.00
1,45120,3120.00
1,45121,3120.00
1,45123,3120.00
1,45124,3120.00
1,45126,3140.00
1,45127,3140.00
1,45128,3140.00
1,45130,3140.00
1,45131,3490.00
1,45133,3490.00
1,45134,3380.00
1,45135,3440.00
1,45137,3440.00
1,45138,3350.00
1,45140,3330.00
1,45142,3330.00
1,45143,3390.00
1,45145,3370.00
1,45146,3370.00
1,45148,3400.00
1,45149,3420.00
0,45151,3420.00
0,45152,3430.00
0,45153,3430.00
1,45155,3340.00
1,45156,3520.00
1,45158,3520.00
1,45159,3520.00
1,45160,3340.00
1,45162,3340.00
1,45163,3460.00
1,45165,3260.00
1,45166,3260.00
1,45167,3110.00
1,45169,3150.00
1,45170,3150.00
1,45172,3120.00
1,45173,3120.00
1,45175,3120.00
1,45176,3170.00
1,45177,3120.00
1,45179,3120.00
1,45180,3110.00
1,45182,3120.00
1,45184,3120.00
1,45185,3120.00
1,45187,3140.00
1,45188,3140.00
1,45190,3120.00
1,45191,3110.00
1,45192,3110.00
1,45194,3140.00
1,45195,3140.00
1,45197,3110.00
1,45198,3140.00
1,45199,3140.00
1,45201,3100.00
1,45202,3150.00
1,45204,3150.00
1,45205,3100.00
1,45207,3110.00
1,45208,3110.00
1,45209,3120.00
1,45211,3100.00
0,45212,3100.00
0,45214,3400.00
1,45215,3170.00
1,45216,3170.00
1,45218,3330.00
1,45219,3110.00
1,45221,3110.00
1,45222,3120.00
1,45223,3100.00
1,45225,3100.00
1,45227,3170.00
1,45229,3140.00
1,45230,3140.00
1,45232,3160.00
1,45233,3190.00
1,45234,3190.00
1,45236,3190.00
1,45237,3190.00
1,45239,3150.00
1,45240,3170.00
1,45241,3170.00
1,45243,3140.00
1,45244,3110.00
1,45246,3110.00
1,45247,3140.00
1,45248,3140.00
1,45250,3140.00
1,45251,3100.00
1,45253,3100.00
1,45254,3100.00
1,45256,3120.00
1,45257,3120.00
1,45258,3120.00
1,45260,3080.00
0,45261,3120.00
0,45263,3120.00
0,45264,3320.00
0,45265,3370.00
1,45267,3370.00
1,45268,3340.00
1,45271,3200.00
1,45272,3200.00
1,45273,3160.00
1,45275,3140.00
1,45276,3140.00
1,45278,3120.00
1,45279,3120.00
1,45281,3140.00
1,45282,3150.00
1,45283,3150.00
1,45285,3140.00
1,45286,3160.00
1,45288,3160.00
1,45289,3140.00
1,45290,3140.00
1,45292,3140.00
1,45293,3110.00
1,45295,3140.00
1,45296,3140.00
1,45297,3120.00
1,45299,3150.00
1,45300,3150.00
1,45302,3120.00
1,45303,3120.00
1,45305,3120.00
1,45306,3140.00
1,45307,3100.00
1,45309,3100.00
1,45310,3150.00
1,45313,3140.00
1,45314,3140.00
1,45315,3110.00
1,45317,3110.00
1,45318,3110.00
1,45320,3140.00
1,45321,3140.00
0,45322,3120.00
0,45324,3340.00
0,45325,3340.00
1,45327,3470.00
1,45328,3340.00
1,45329,3340.00
1,45331,3340.00
1,45332,3230.00
1,45334,3230.00
1,45335,3110.00
1,45337,3120.00
1,45338,3120.00
1,45339,3160.00
1,45341,3120.00
1,45342,3120.00
1,45344,3120.00
1,45345,3160.00
1,45346,3160.00
1,45348,3110.00
1,45349,3140.00
1,45351,3140.00
1,45352,3120.00
1,45353,3110.00
1,45356,3110.00
1,45357,3140.00
1,45359,3120.00
1,45360,3120.00
1,45362,3140.00
1,45363,3140.00
1,45364,3080.00
1,45366,3230.00
1,45367,3230.00
1,45369,3160.00
1,45370,3110.00
1,45371,3110.00
1,45373,3120.00
1,45374,3140.00
1,45376,3140.00
1,45377,3110.00
1,45378,3110.00
1,45380,3110.00
0,45381,3120.00
0,45383,3390.00
0,45384,3390.00
1,45386,3430.00
1,45387,3290.00
1,45388,3290.00
1,45390,3160.00
1,45391,3250.00
1,45393,3250.00
1,45394,3120.00
1,45395,3160.00
1,45398,3160.00
1,45399,3110.00
1,45401,3140.00
1,45402,3140.00
1,45403,3190.00
1,45405,3110.00
1,45406,3110.00
1,45408,3140.00
1,45409,3140.00
1,45411,3190.00
1,45412,3120.00
1,45413,3120.00
1,45415,3160.00
1,45416,3190.00
1,45418,3190.00
1,45419,3140.00
1,45420,3140.00
1,45422,3140.00
1,45423,3140.00
1,45425,3140.00
1,45426,3140.00
1,45427,3110.00
1,45429,3110.00
1,45430,3110.00
1,45432,3120.00
1,45433,3140.00
1,45435,3140.00
1,45436,3100.00
1,45437,3140.00
0,45440,3140.00
0,45441,3390.00
0,45443,3400.00
1,45444,3400.00
1,45445,3380.00
1,45447,3380.00
1,45448,3190.00
1,45450,3170.00
1,45451,3170.00
1,45452,3150.00
1,45454,3110.00
1,45455,3110.00
1,45457,3170.00
1,45458,3120.00
1,45459,3120.00
1,45461,3120.00
1,45462,3160.00
1,45464,3160.00
1,45465,3140.00
1,45467,3140.00
1,45468,3140.00
1,45469,3170.00
1,45471,3120.00
1,45472,3120.00
1,45474,3140.00
1,45475,3140.00
1,45476,3140.00
1,45478,3120.00
1,45479,3140.00
1,45481,3140.00
1,45483,3110.00
1,45484,3120.00
1,45486,3120.00
1,45487,3140.00
1,45489,3100.00
1,45490,3100.00
1,45492,3120.00
1,45493,3120.00
1,45494,3140.00
1,45496,3110.00
1,45497,3110.00
1,45499,3140.00
0,45500,3100.00
0,45501,3100.00
0,45503,3260.00
1,45504,3400.00
1,45506,3400.00
1,45507,3280.00
1,45508,3080.00
1,45510,3080.00
1,45511,3120.00
1,45513,3140.00
1,45514,3140.00
1,45516,3150.00
1,45517,3150.00
1,45518,3150.00
1,45520,3160.00
1,45521,3150.00
1,45523,3150.00
1,45524,3140.00
1,45526,3140.00
1,45528,3140.00
1,45529,3120.00
1,45531,3140.00
1,45532,3140.00
1,45533,3140.00
1,45535,3140.00
1,45536,3110.00
1,45538,3120.00
1,45539,3120.00
1,45541,3110.00
1,45542,3120.00
1,45543,3120.00
1,45545,3120.00
1,45546,3120.00
1,45548,3120.00
1,45549,3140.00
1,45550,3120.00
0,45552,3120.00
0,45553,3400.00
0,45555,3370.00
1,45556,3370.00
1,45557,3290.00
1,45559,3160.00
1,45560,3160.00
1,45562,3120.00
1,45563,3120.00
1,45565,3120.00
1,45566,3230.00
1,45568,3140.00
1,45570,3140.00
1,45571,3120.00
1,45573,3120.00
1,45574,3120.00
1,45575,3140.00
1,45577,3140.00
1,45578,3120.00
1,45580,3120.00
1,45581,3120.00
1,45582,3120.00
1,45584,3140.00
1,45585,3140.00
1,45587,3110.00
1,45588,3140.00
1,45589,3140.00
1,45591,3110.00
1,45592,3120.00
1,45594,3120.00
1,45595,3140.00
1,45597,3110.00
1,45598,3110.00
1,45599,3110.00
1,45601,3110.00
1,45602,3110.00
1,45604,3110.00
1,45605,3080.00
1,45606,3080.00
1,45608,3100.00
1,45609,3140.00
0,45612,3140.00
0,45613,3320.00
0,45614,3420.00
1,45616,3420.00
1,45617,3370.00
1,45619,3370.00
1,45620,3160.00
1,45622,3150.00
1,45623,3150.00
1,45624,3140.00
1,45626,3160.00
1,45627,3160.00
1,45629,3080.00
1,45630,3150.00
1,45631,3150.00
1,45633,3150.00
1,45634,3140.00
1,45636,3140.00
1,45637,3120.00
1,45638,3120.00
1,45640,3120.00
1,45641,3150.00
1,45643,3110.00
1,45644,3110.00
1,45646,3140.00
1,45647,3140.00
1,45648,3140.00
1,45650,3120.00
1,45651,3140.00
1,45654,3140.00
1,45655,3110.00
1,45656,3120.00
1,45658,3120.00
1,45659,3110.00
1,45661,3110.00
1,45662,3110.00
1,45663,3080.00
1,45665,3080.00
1,45666,3100.00
1,45668,3150.00
1,45669,3150.00
1,45671,3110.00
0,45672,3250.00
0,45673,3250.00
0,45675,3400.00
1,45676,3400.00
1,45678,3400.00
1,45679,3160.00
1,45680,3140.00
1,45682,3140.00
1,45683,3200.00
1,45685,3110.00
1,45686,3110.00
1,45687,3120.00
1,45689,3140.00
1,45690,3140.00
1,45692,3140.00
1,45693,3150.00
1,45696,3150.00
1,45697,3140.00
1,45698,3120.00
1,45700,3120.00
1,45701,3140.00
1,45703,3140.00
1,45704,3150.00
1,45705,3140.00
1,45707,3140.00
1,45708,3150.00
1,45710,3120.00
1,45711,3120.00
1,45712,3150.00
1,45714,3150.00
1,45715,3150.00
1,45717,3120.00
1,45718,3140.00
1,45720,3140.00
1,45721,3140.00
1,45722,3150.00
1,45724,3150.00
1,45725,3140.00
1,45727,3150.00
0,45728,3150.00
0,45729,3300.00
0,45731,3380.00
0,45732,3380.00
1,45734,3260.00
1,45735,3250.00
1,45736,3250.00
1,45739,3110.00
1,45740,3120.00
1,45742,3120.00
1,45743,3160.00
1,45744,3160.00
1,45746,3140.00
1,45747,3120.00
1,45749,3120.00
1,45750,3120.00
1,45752,3140.00
1,45753,3140.00
1,45754,3120.00
1,45756,3120.00
1,45757,3120.00
1,45759,3120.00
1,45760,3120.00
1,45761,3120.00
1,45763,3140.00
1,45764,3150.00
1,45766,3150.00
1,45767,3240.00
1,45768,3140.00
1,45770,3140.00
1,45771,3120.00
1,45773,3150.00
1,45774,3150.00
1,45776,3140.00
1,45777,3110.00
1,45778,3110.00
1,45780,3140.00
1,45782,3120.00
1,45784,3120.00
1,45785,3120.00
1,45786,3120.00
1,45788,3120.00
0,45789,3140.00
0,45791,3140.00
0,45792,3350.00
0,45793,3340.00
1,45795,3340.00
1,45796,3330.00
1,45798,3120.00
1,45799,3120.00
1,45801,3120.00
1,45802,3150.00
1,45803,3150.00
1,45805,3140.00
1,45806,3150.00
1,45808,3150.00
1,45809,3200.00
1,45810,3170.00
1,45812,3170.00
1,45813,3230.00
1,45815,3120.00
1,45816,3120.00
1,45817,3110.00
1,45819,3190.00
1,45820,3190.00
1,45822,3110.00
1,45824,3120.00
1,45826,3120.00
1,45827,3140.00
1,45828,3140.00
1,45830,3100.00
1,45831,3110.00
1,45833,3110.00
1,45834,3160.00
1,45835,3100.00
1,45837,3100.00
1,45838,3140.00
1,45840,3110.00
1,45841,3110.00
0,45842,3100.00
0,45844,3210.00
1,45845,3210.00
1,45847,3480.00
1,45848,3200.00
1,45850,3200.00
1,45851,3140.00
1,45852,3200.00
1,45854,3200.00
1,45855,3100.00
1,45857,3120.00
1,45858,3120.00
1,45859,3170.00
1,45861,3110.00
1,45862,3110.00
1,45864,3110.00
1,45865,3200.00
1,45867,3200.00
1,45869,3120.00
1,45870,3150.00
1,45872,3150.00
1,45873,3120.00
1,45874,3120.00
1,45876,3140.00
1,45877,3150.00
1,45879,3150.00
1,45880,3120.00
1,45882,3140.00
1,45883,3140.00
1,45884,3140.00
1,45886,3120.00
1,45887,3120.00
1,45889,3120.00
1,45890,3110.00
1,45891,3110.00
1,45893,3150.00
1,45894,3120.00
1,45896,3120.00
1,45897,3120.00
1,45898,3110.00
0,45900,3110.00
0,45901,3350.00
0,45903,3340.00
1,45904,3340.00
1,45906,3330.00
1,45907,3120.00
1,45908,3120.00
1,45911,3120.00
1,45912,3150.00
1,45914,3150.00
1,45915,3120.00
1,45916,3120.00
1,45918,3150.00
1,45919,3140.00
1,45921,3140.00
1,45922,3120.00
1,45923,3160.00
1,45925,3160.00
1,45926,3120.00
1,45928,3140.00
1,45929,3140.00
1,45931,3140.00
1,45932,3120.00
1,45933,3120.00
1,45935,3080.00
1,45936,3110.00
1,45938,3110.00
1,45939,3290.00
1,45940,3300.00
1,45942,3300.00
1,45943,3190.00
1,45945,3150.00
1,45946,3150.00
1,45947,3150.00
1,45949,3240.00
1,45950,3240.00
1,45953,3120.00
1,45954,3140.00
1,45956,3140.00
1,45957,3150.00
1,45958,3150.00
0,45960,3140.00
0,45961,3350.00
0,45963,3350.00
1,45964,3440.00
1,45965,3280.00
1,45967,3280.00
1,45968,3140.00
1,45970,3190.00
1,45971,3190.00
1,45972,3100.00
1,45974,3120.00
1,45975,3120.00
1,45977,3210.00
1,45978,3140.00
1,45980,3140.00
1,45981,3140.00
1,45982,3160.00
1,45984,3160.00
1,45985,3120.00
1,45987,3140.00
1,45988,3140.00
1,45989,3100.00
1,45991,3150.00
1,45992,3150.00
1,45995,3140.00
1,45996,3140.00
1,45997,3140.00
1,45999,3120.00
1,46000,3120.00
1,46002,3150.00
1,46003,3140.00
1,46004,3140.00
1,46006,3150.00
1,46007,3110.00
1,46009,3110.00
1,46010,3150.00
1,46012,3120.00
1,46013,3120.00
1,46014,3110.00
1,46016,3120.00
0,46017,3120.00
0,46019,3400.00
0,46020,3470.00
0,46021,3470.00
1,46023,3430.00
1,46024,3190.00
1,46026,3190.00
1,46027,3140.00
1,46028,3190.00
1,46030,3190.00
1,46031,3110.00
1,46033,3110.00
1,46034,3110.00
1,46036,3200.00
1,46038,3140.00
1,46039,3140.00
1,46041,3120.00
1,46042,3120.00
1,46044,3170.00
1,46045,3120.00
1,46046,3120.00
1,46048,3140.00
1,46049,3140.00
1,46051,3140.00
1,46052,3110.00
1,46053,3140.00
1,46055,3140.00
1,46056,3140.00
1,46058,3110.00
1,46059,3110.00
1,46061,3140.00
1,46062,3140.00
1,46063,3140.00
1,46065,3120.00
1,46066,3240.00
1,46068,3240.00
1,46069,3140.00
1,46070,3110.00
1,46072,3110.00
1,46073,3150.00
1,46075,3110.00
0,46076,3110.00
0,46077,3320.00
0,46080,3520.00
0,46081,3520.00
1,46083,3250.00
1,46084,3250.00
1,46086,3150.00
1,46087,3140.00
1,46088,3140.00
1,46090,3160.00
1,46091,3150.00
1,46093,3150.00
1,46094,3230.00
1,46095,3160.00
1,46097,3160.00
1,46098,3150.00
1,46100,3230.00
1,46101,3230.00
1,46102,3140.00
1,46104,3110.00
1,46105,3110.00
1,46107,3140.00
1,46108,3120.00
1,46110,3120.00
1,46111,3120.00
1,46112,3140.00
1,46114,3140.00
1,46115,3120.00
1,46117,3140.00
1,46118,3140.00
1,46119,3110.00
1,46121,3110.00
1,46123,3110.00
1,46125,3140.00
1,46126,3140.00
1,46127,3110.00
1,46129,3120.00
0,46130,3120.00
0,46132,3420.00
0,46133,3440.00
1,46134,3440.00
1,46136,3290.00
1,46137,3200.00
1,46139,3200.00
1,46140,3120.00
1,46142,3100.00
1,46143,3100.00
1,46144,3140.00
1,46146,3190.00
1,46147,3190.00
1,46149,3100.00
1,46150,3140.00
1,46151,3140.00
1,46153,3160.00
1,46154,3120.00
1,46156,3120.00
1,46157,3150.00
1,46158,3120.00
1,46160,3120.00
1,46161,3120.00
1,46163,3490.00
1,46164,3490.00
1,46167,3570.00
1,46168,3570.00
1,46169,3380.00
1,46171,3340.00
1,46172,3340.00
1,46174,3370.00
1,46175,3320.00
1,46176,3320.00
1,46178,3320.00
1,46179,3510.00
1,46181,3510.00
1,46182,3350.00
1,46183,3340.00
1,46185,3340.00
1,46186,3490.00
1,46188,3400.00
1,46189,3400.00
0,46191,3340.00
0,46192,3520.00
1,46193,3520.00
1,46195,3380.00
1,46196,3330.00
1,46198,3330.00
1,46199,3250.00
1,46200,3150.00
1,46202,3150.00
1,46203,3110.00
1,46205,3160.00
1,46206,3160.00
1,46208,3110.00
1,46210,3110.00
1,46211,3120.00
1,46213,3160.00
1,46214,3160.00
1,46216,3110.00
1,46217,3110.00
1,46218,3110.00
1,46220,3140.00
1,46221,3110.00
1,46223,3110.00
1,46224,3120.00
1,46225,3110.00
1,46227,3110.00
1,46228,3150.00
1,46230,3120.00
1,46231,3120.00
1,46232,3110.00
1,46234,3120.00
1,46235,3120.00
1,46237,3120.00
1,46238,3110.00
1,46240,3110.00
1,46241,3120.00
1,46242,3100.00
1,46244,3100.00
1,46245,3120.00
1,46247,3080.00
1,46248,3080.00
1,46249,3120.00
1,46252,3140.00
0,46253,3140.00
0,46255,3320.00
0,46256,3320.00
1,46257,3400.00
1,46259,3290.00
1,46260,3290.00
1,46262,3140.00
1,46263,3190.00
1,46264,3190.00
1,46266,3110.00
1,46267,3200.00
1,46269,3200.00
1,46270,3170.00
1,46272,3100.00
1,46273,3100.00
1,46274,3100.00
1,46276,3190.00
1,46277,3190.00
1,46279,3120.00
1,46280,3140.00
1,46281,3140.00
1,46283,3120.00
1,46284,3140.00
1,46286,3140.00
1,46287,3120.00
1,46288,3140.00
1,46290,3140.00
1,46291,3120.00
1,46294,3120.00
1,46295,3100.00
1,46297,3120.00
1,46298,3120.00
1,46299,3110.00
1,46301,3120.00
1,46302,3120.00
1,46304,3080.00
1,46305,3110.00
1,46306,3110.00
1,46308,3110.00
1,46309,3160.00
1,46311,3160.00
0,46312,3120.00
0,46313,3290.00
0,46315,3290.00
1,46316,3430.00
1,46318,3340.00
1,46319,3340.00
1,46321,3110.00
1,46322,3230.00
1,46323,3230.00
1,46325,3140.00
1,46326,3110.00
1,46328,3110.00
1,46329,3190.00
1,46330,3120.00
1,46332,3120.00
1,46333,3120.00
1,46336,3160.00
1,46337,3160.00
1,46338,3110.00
1,46340,3110.00
1,46341,3150.00
1,46343,3110.00
1,46344,3110.00
1,46346,3110.00
1,46347,3150.00
1,46348,3150.00
1,46350,3120.00
1,46351,3120.00
1,46353,3120.00
1,46354,3100.00
1,46355,3120.00
1,46357,3120.00
1,46358,3120.00
1,46360,3110.00
1,46361,3110.00
1,46362,3110.00
1,46364,3120.00
1,46365,3120.00
1,46367,3110.00
1,46368,3120.00
1,46370,3120.00
1,46371,3120.00
0,46372,3250.00
0,46374,3250.00
0,46375,3400.00
1,46377,3390.00
1,46379,3390.00
1,46380,3280.00
1,46382,3280.00
1,46383,3110.00
1,46385,3120.00
1,46386,3120.00
1,46387,3170.00
1,46389,3140.00
1,46390,3140.00
1,46392,3150.00
1,46393,3190.00
1,46394,3190.00
1,46396,3160.00
1,46397,3140.00
1,46399,3140.00
1,46400,3120.00
1,46402,3120.00
1,46403,3120.00
1,46404,3140.00
1,46406,3120.00
1,46407,3120.00
1,46409,3140.00
1,46410,3110.00
1,46411,3110.00
1,46413,3110.00
1,46414,3140.00
1,46416,3140.00
1,46417,3110.00
1,46418,3120.00
1,46420,3120.00
1,46422,3120.00
1,46424,3120.00
0,46425,3100.00
0,46427,3320.00
0,46428,3320.00
0,46429,3330.00
1,46431,3300.00
1,46432,3300.00
1,46434,3160.00
1,46435,3120.00
1,46436,3120.00
1,46438,3120.00
1,46439,3150.00
1,46441,3150.00
1,46442,3140.00
1,46443,3120.00
1,46445,3120.00
1,46446,3170.00
1,46448,3140.00
1,46449,3140.00
1,46451,3110.00
1,46452,3150.00
1,46453,3150.00
1,46455,3120.00
1,46456,3120.00
1,46458,3120.00
1,46459,3150.00
1,46460,3120.00
1,46462,3120.00
1,46464,3110.00
1,46466,3110.00
1,46467,3140.00
1,46468,3240.00
1,46470,3240.00
1,46471,3160.00
1,46473,3140.00
1,46474,3140.00
1,46476,3110.00
1,46477,3110.00
1,46478,3110.00
1,46480,3110.00
1,46481,3120.00
1,46483,3120.00
1,46484,3120.00
0,46485,3170.00
0,46487,3170.00
0,46488,3370.00
1,46490,3350.00
1,46491,3350.00
1,46492,3300.00
1,46494,3120.00
1,46495,3120.00
1,46497,3120.00
1,46498,3160.00
1,46500,3160.00
1,46501,3120.00
1,46502,3150.00
1,46504,3150.00
1,46505,3160.00
1,46508,3160.00
1,46509,3120.00
1,46510,3140.00
1,46512,3140.00
1,46513,3110.00
1,46515,3140.00
1,46516,3140.00
1,46517,3100.00
1,46519,3120.00
1,46520,3120.00
1,46522,3140.00
1,46523,3120.00
1,46524,3120.00
1,46526,3120.00
1,46527,3140.00
1,46529,3140.00
1,46530,3110.00
1,46532,3150.00
1,46533,3150.00
1,46534,3100.00
1,46536,3110.00
1,46537,3110.00
1,46539,3140.00
1,46540,3120.00
1,46541,3120.00
0,46543,3140.00
0,46544,3330.00
0,46546,3330.00
0,46547,3350.00
0,46548,3350.00
0,46551,3300.00
0,46552,3260.00
0,46554,3260.00
1,46555,3160.00
1,46557,3140.00
1,46558,3140.00
1,46559,3120.00
1,46561,3160.00
1,46562,3160.00
1,46564,3140.00
1,46565,3120.00
1,46566,3120.00
1,46568,3160.00
1,46569,3140.00
1,46571,3140.00
1,46572,3140.00
1,46573,3150.00
1,46575,3150.00
1,46576,3160.00
1,46578,3150.00
1,46579,3150.00
1,46581,3150.00
1,46582,3150.00
1,46583,3150.00
1,46585,3140.00
1,46586,3140.00
1,46588,3140.00
1,46589,3150.00
1,46590,3150.00
1,46593,3140.00
1,46594,3140.00
1,46596,3140.00
1,46597,3150.00
1,46598,3110.00
1,46600,3110.00
1,46601,3120.00
1,46603,3120.00
1,46604,3120.00
0,46606,3120.00
0,46607,3200.00
1,46608,3200.00
1,46610,3440.00
1,46611,3260.00
1,46613,3260.00
1,46614,3100.00
1,46615,3160.00
1,46617,3160.00
1,46618,3140.00
1,46620,3110.00
1,46621,3110.00
1,46622,3150.00
1,46624,3120.00
1,46625,3120.00
1,46627,3140.00
1,46628,3120.00
1,46630,3120.00
1,46631,3110.00
1,46632,3110.00
1,46635,3120.00
1,46636,3120.00
1,46638,3120.00
1,46639,3120.00
1,46640,3140.00
1,46642,3140.00
1,46643,3100.00
1,46645,3210.00
1,46646,3210.00
1,46647,3150.00
1,46649,3120.00
1,46650,3120.00
1,46652,3120.00
1,46653,3140.00
1,46655,3140.00
1,46656,3140.00
1,46657,3140.00
1,46659,3140.00
1,46660,3110.00
1,46662,3110.00
0,46663,3110.00
0,46664,3340.00
0,46666,3420.00
1,46667,3420.00
1,46669,3390.00
1,46670,3070.00
1,46671,3070.00
1,46673,3140.00
1,46674,3140.00
1,46676,3120.00
1,46678,3150.00
1,46679,3150.00
1,46681,3190.00
1,46682,3190.00
1,46684,3190.00
1,46685,3170.00
1,46687,3200.00
1,46688,3200.00
1,46689,3140.00
1,46691,3150.00
1,46692,3150.00
1,46694,3160.00
1,46695,3140.00
1,46696,3140.00
1,46698,3140.00
1,46699,3190.00
1,46701,3190.00
1,46702,3120.00
1,46703,3110.00
1,46705,3110.00
1,46706,3150.00
1,46708,3120.00
1,46709,3120.00
1,46711,3120.00
0,46712,3170.00
0,46713,3170.00
0,46715,3120.00
0,46716,3100.00
1,46718,3100.00
1,46720,3250.00
1,46721,3250.00
1,46723,3330.00
1,46724,3140.00
1,46726,3140.00
1,46727,3150.00
1,46728,3140.00
1,46730,3140.00
1,46731,3120.00
1,46733,3140.00
1,46734,3140.00
1,46736,3120.00
1,46737,3120.00
1,46738,3120.00
1,46740,3110.00
1,46741,3140.00
1,46743,3140.00
1,46744,3120.00
1,46745,3120.00
1,46747,3120.00
1,46748,3120.00
1,46750,3110.00
1,46751,3110.00
1,46752,3140.00
1,46754,3120.00
1,46755,3120.00
1,46757,3100.00
1,46758,3110.00
1,46760,3110.00
1,46761,3140.00
1,46763,3140.00
1,46765,3120.00
1,46766,3120.00
1,46768,3120.00
1,46769,3150.00
1,46770,3150.00
1,46772,3150.00
1,46773,3110.00
1,46775,3110.00
0,46776,3110.00
0,46777,3280.00
0,46779,3460.00
1,46780,3460.00
1,46782,3390.00
1,46783,3170.00
1,46784,3170.00
1,46786,3140.00
1,46787,3110.00
1,46789,3110.00
1,46790,3120.00
1,46792,3160.00
1,46793,3160.00
1,46794,3100.00
1,46796,3110.00
1,46797,3110.00
1,46799,3150.00
1,46800,3120.00
1,46801,3120.00
1,46803,3150.00
1,46804,3150.00
1,46807,3120.00
1,46808,3120.00
1,46809,3120.00
1,46811,3160.00
1,46812,3140.00
1,46814,3140.00
1,46815,3120.00
1,46817,3140.00
1,46818,3140.00
1,46819,3120.00
1,46821,3110.00
1,46822,3110.00
1,46824,3120.00
1,46825,3110.00
1,46826,3110.00
1,46828,3120.00
1,46829,3070.00
1,46831,3070.00
1,46832,3110.00
1,46833,3120.00
0,46835,3120.00
0,46836,3300.00
0,46838,3510.00
0,46839,3510.00
0,46841,3300.00
1,46842,3380.00
1,46843,3380.00
1,46845,3150.00
1,46846,3150.00
1,46849,3140.00
1,46850,3190.00
1,46851,3190.00
1,46853,3110.00
1,46854,3100.00
1,46856,3100.00
1,46857,3150.00
1,46858,3110.00
1,46860,3110.00
1,46861,3110.00
1,46863,3140.00
1,46864,3140.00
1,46866,3120.00
1,46867,3140.00
1,46868,3140.00
1,46870,3190.00
1,46871,3110.00
1,46873,3110.00
1,46874,3160.00
1,46875,3140.00
1,46877,3140.00
1,46878,3110.00
1,46880,3140.00
1,46881,3140.00
1,46882,3100.00
1,46884,3120.00
1,46885,3120.00
1,46887,3120.00
1,46888,3120.00
1,46891,3110.00
1,46892,3140.00
1,46893,3140.00
1,46895,3100.00
1,46896,3110.00
0,46898,3110.00
0,46899,3380.00
0,46900,3290.00
0,46902,3290.00
0,46903,3190.00
0,46905,3300.00
0,46906,3300.00
0,46907,3140.00
1,46909,3160.00
1,46910,3160.00
1,46912,3110.00
1,46913,3140.00
1,46915,3140.00
1,46916,3140.00
1,46917,3110.00
1,46919,3110.00
1,46920,3120.00
1,46922,3120.00
1,46923,3120.00
1,46924,3150.00
1,46926,3140.00
1,46927,3140.00
1,46929,3110.00
1,46930,3110.00
1,46931,3160.00
1,46934,3150.00
1,46935,3150.00
1,46937,3120.00
1,46938,3150.00
1,46939,3150.00
1,46941,3140.00
1,46942,3150.00
1,46944,3150.00
1,46945,3140.00
1,46947,3110.00
1,46948,3110.00
1,46949,3150.00
1,46951,3140.00
1,46952,3140.00
1,46954,3120.00
1,46955,3150.00
0,46956,3150.00
0,46958,3380.00
0,46959,3370.00
1,46961,3370.00
1,46962,3120.00
1,46963,2910.00
0,46965,2910.00
0,46966,3260.00
0,46968,3510.00
0,46969,3510.00
0,46971,3290.00
0,46972,3290.00
0,46973,3370.00
0,46976,3110.00
0,46977,3110.00
0,46979,3120.00
0,46980,3240.00
0,46981,3240.00
0,46983,3080.00
0,46984,3110.00
0,46986,3110.00
0,46987,3290.00
0,46988,3200.00
0,46990,3200.00
0,46991,3240.00
0,46993,3280.00
0,46994,3280.00
0,46996,3100.00
0,46997,3080.00
0,46998,3080.00
0,47000,3300.00
0,47001,3260.00
0,47003,3260.00
0,47004,3110.00
0,47005,3200.00
0,47007,3200.00
0,47008,3100.00
0,47010,3120.00
0,47011,3120.00
0,47012,3240.00
0,47014,3240.00
0,47015,3300.00
0,47017,3070.00
0,47019,3070.00
0,47021,3170.00
0,47022,3110.00
0,47023,3110.00
0,47025,3070.00
0,47026,3140.00
0,47028,3140.00
0,47029,3290.00
0,47030,3140.00
0,47032,3140.00
0,47033,3190.00
0,47035,3100.00
0,47036,3100.00
0,47037,3080.00
0,47039,3150.00
0,47040,3150.00
0,47042,3290.00
0,47043,3250.00
0,47045,3250.00
0,47046,3210.00
0,47047,3110.00
0,47049,3110.00
0,47050,3120.00
0,47052,3120.00
0,47053,3120.00
0,47054,3210.00
0,47056,3210.00
0,47057,3290.00
0,47059,3100.00
0,47060,3100.00
0,47062,3080.00
0,47064,3100.00
0,47065,3100.00
0,47067,3110.00
0,47068,3060.00
0,47069,3060.00
0,47071,3320.00
0,47072,3150.00
0,47074,3150.00
0,47075,3070.00
0,47077,3100.00
0,47078,3100.00
0,47079,3100.00
0,47081,3070.00
0,47082,3070.00
0,47084,3280.00
0,47085,3240.00
0,47086,3240.00
0,47088,3070.00
0,47089,3140.00
0,47091,3140.00
0,47092,3150.00
0,47093,3110.00
0,47095,3110.00
0,47096,3240.00
0,47098,3260.00
0,47099,3260.00
0,47101,3080.00
0,47102,3080.00
0,47104,3160.00
0,47106,3110.00
0,47107,3110.00
0,47109,3110.00
0,47110,3140.00
0,47111,3140.00
0,47113,3250.00
0,47114,3100.00
0,47116,3100.00
0,47117,3100.00
0,47118,3070.00
0,47120,3070.00
0,47121,3080.00
0,47123,3080.00
0,47124,3080.00
0,47126,3280.00
0,47127,3190.00
0,47128,3190.00
0,47130,3080.00
0,47131,3070.00
0,47133,3070.00
0,47134,3080.00
0,47135,3110.00
0,47137,3110.00
0,47138,3280.00
0,47140,3280.00
0,47141,3290.00
0,47142,3110.00
0,47144,3110.00
0,47145,3120.00
0,47148,3080.00
0,47149,3080.00
0,47151,3080.00
0,47152,3200.00
0,47153,3200.00
0,47155,3300.00
0,47156,3140.00
0,47158,3140.00
0,47159,3080.00
0,47160,3100.00
0,47162,3100.00
0,47163,3120.00
0,47165,3110.00
0,47166,3110.00
0,47167,3300.00
0,47169,3260.00
0,47170,3260.00
0,47172,3150.00
0,47173,3190.00
0,47175,3190.00
0,47176,3190.00
0,47177,3150.00
0,47179,3150.00
0,47180,3140.00
0,47182,3230.00
0,47183,3230.00
0,47184,3160.00
0,47186,3160.00
0,47187,3140.00
0,47190,3160.00
0,47191,3160.00
0,47192,3140.00
0,47194,3120.00
0,47195,3120.00
0,47197,3280.00
0,47198,3600.00
0,47200,3600.00
0,47201,3440.00
0,47202,3420.00
0,47204,3420.00
0,47205,3350.00
0,47207,3320.00
0,47208,3320.00
0,47209,3350.00
0,47211,3460.00
0,47212,3460.00
0,47214,3480.00
0,47215,3430.00
0,47216,3430.00
0,47218,3350.00
0,47219,3430.00
0,47221,3430.00
0,47222,3470.00
0,47223,3440.00
0,47225,3440.00
0,47226,3460.00
0,47228,3460.00
0,47229,3530.00
0,47232,3570.00
0,47233,3570.00
0,47234,3580.00
0,47236,3190.00
0,47237,3190.00
0,47239,3380.00
0,47240,3080.00
0,47241,3080.00
0,47243,3120.00
0,47244,3080.00
0,47246,3080.00
0,47247,3210.00
0,47248,3160.00
0,47250,3160.00
0,47251,3120.00
0,47253,3190.00
0,47254,3190.00
0,47256,3230.00
0,47257,3140.00
0,47258,3140.00
0,47260,3430.00
0,47261,3330.00
0,47263,3330.00
0,47264,3160.00
0,47265,3160.00
0,47267,3160.00
0,47268,3380.00
0,47270,3380.00
0,47271,3350.00
0,47272,3420.00
0,47275,3420.00
0,47276,3370.00
0,47278,3370.00
0,47279,3370.00
0,47281,3420.00
0,47282,3350.00
0,47283,3350.00
0,47285,3230.00
0,47286,3280.00
0,47288,3280.00
0,47289,3230.00
0,47290,3160.00
0,47292,3160.00
0,47293,3020.00
0,47295,2960.00
0,47296,2960.00
0,47297,2940.00
0,47299,2980.00
0,47300,2980.00
0,47302,2930.00
0,47303,2920.00
0,47305,2920.00
0,47306,3010.00
0,47307,2930.00
0,47309,2930.00
0,47310,3000.00
0,47312,3000.00
0,47313,2920.00
0,47314,2920.00
0,47316,2920.00
0,47318,2930.00
0,47320,2930.00
0,47321,2930.00
0,47322,2920.00
0,47324,2930.00
0,47325,2930.00
0,47327,2910.00
0,47328,2920.00
0,47330,2920.00
0,47331,2920.00
0,47332,2930.00
0,47334,2930.00
0,47335,2920.00
0,47337,2910.00
0,47338,2910.00
0,47339,2940.00
0,47341,2940.00
0,47342,2940.00
0,47344,2930.00
0,47345,2930.00
0,47346,2930.00
0,47348,2930.00
0,47349,2930.00
0,47351,2930.00
0,47352,2920.00
0,47353,2920.00
0,47355,2930.00
0,47356,2930.00
0,47358,2930.00
0,47360,2920.00
0,47362,2930.00
0,47363,2930.00
0,47364,2940.00
0,47366,2930.00
0,47367,2930.00
0,47369,2930.00
0,47370,2930.00
0,47371,2930.00
0,47373,2930.00
0,47374,2910.00
0,47376,2910.00
0,47377,2940.00
0,47378,2910.00
0,47380,2910.00
0,47381,2920.00
0,47383,2930.00
0,47384,2930.00
0,47386,2940.00
0,47387,2910.00
0,47388,2910.00
0,47390,2930.00
0,47391,2930.00
0,47393,2930.00
0,47394,2910.00
0,47395,2910.00
0,47397,2910.00
0,47398,2930.00
0,47400,2930.00
0,47401,2930.00
0,47403,2910.00
0,47405,2910.00
0,47406,2930.00
0,47408,2920.00
0,47409,2920.00
0,47411,2920.00
0,47412,2920.00
0,47413,2920.00
0,47415,2920.00
0,47416,2920.00
0,47418,2920.00
0,47419,2930.00
0,47420,2920.00
0,47422,2920.00
0,47423,2930.00
0,47425,2920.00
0,47426,2920.00
0,47427,2920.00
0,47429,2920.00
0,47430,2920.00
0,47432,2930.00
0,47433,2940.00
0,47435,2940.00
0,47436,2910.00
0,47437,2910.00
0,47439,2930.00
0,47440,2920.00
0,47442,2920.00
0,47443,2920.00
0,47444,2930.00
0,47447,2930.00
0,47448,2940.00
0,47450,2910.00
0,47451,2910.00
0,47452,2930.00
0,47454,2930.00
0,47455,2930.00
0,47457,2930.00
0,47458,2930.00
0,47460,2930.00
0,47461,2920.00
0,47462,2930.00
0,47464,2930.00
0,47465,2920.00
0,47467,2920.00
0,47468,2920.00
0,47469,2930.00
0,47471,2910.00
0,47472,2910.00
0,47474,2930.00
0,47475,2920.00
0,47476,2920.00
0,47478,2930.00
0,47479,2930.00
0,47481,2930.00
0,47482,2930.00
0,47483,2930.00
0,47485,2930.00
0,47486,2920.00
0,47489,2920.00
0,47490,2920.00
0,47492,2930.00
0,47493,2930.00
0,47494,2930.00
0,47496,2930.00
0,47497,2930.00
0,47499,2920.00
0,47500,2930.00
0,47501,2930.00
0,47503,2930.00
0,47504,2940.00
0,47506,2940.00
0,47507,2920.00
0,47508,2930.00
0,47510,2930.00
0,47511,2910.00
0,47513,2930.00
0,47514,2930.00
0,47516,2930.00
0,47517,2910.00
0,47518,2910.00
0,47520,2930.00
0,47521,2930.00
0,47523,2960.00
0,47524,2940.00
0,47525,2940.00
0,47527,2930.00
0,47528,2890.00
0,47531,2890.00
0,47532,2930.00
0,47533,2920.00
0,47535,2920.00
0,47536,2920.00
0,47538,2940.00
0,47539,2940.00
0,47541,2940.00
0,47542,2910.00
0,47543,2910.00
0,47545,2910.00
0,47546,2930.00
0,47548,2930.00
0,47549,2940.00
0,47550,2920.00
0,47552,2920.00
0,47553,2930.00
0,47555,2940.00
0,47556,2940.00
0,47557,2930.00
0,47559,2920.00
0,47560,2920.00
0,47562,2930.00
0,47563,2920.00
0,47565,2920.00
0,47566,2930.00
0,47567,2930.00
0,47569,2930.00
0,47570,2940.00
0,47572,2940.00
0,47574,2930.00
0,47575,2910.00
0,47577,2910.00
0,47578,2930.00
0,47580,2910.00
0,47581,2910.00
0,47582,2910.00
0,47584,2940.00
0,47585,2940.00
0,47587,2910.00
0,47588,2920.00
0,47590,2920.00
0,47591,2920.00
0,47592,2930.00
0,47594,2930.00
0,47595,2940.00
0,47597,2920.00
0,47598,2920.00
0,47599,2930.00
0,47601,2940.00
0,47602,2940.00
0,47604,2910.00
0,47605,2930.00
0,47606,2930.00
0,47608,2930.00
0,47609,2930.00
0,47611,2920.00
0,47612,2920.00
0,47613,2920.00
0,47616,2930.00
0,47617,2930.00
0,47619,2930.00
0,47620,2920.00
0,47622,2940.00
0,47623,2940.00
0,47624,2930.00
0,47626,3060.00
0,47627,3060.00
0,47629,2930.00
0,47630,2940.00
0,47631,2940.00
0,47633,2910.00
0,47634,2920.00
0,47636,2920.00
0,47637,2940.00
0,47638,2930.00
0,47640,2930.00
0,47641,2920.00
0,47643,2930.00
0,47644,2930.00
0,47646,2920.00
0,47647,2930.00
0,47648,2930.00
0,47650,2920.00
0,47651,2920.00
0,47653,2930.00
0,47654,2910.00
0,47655,2910.00
0,47657,2920.00
0,47659,2930.00
0,47661,2930.00
0,47662,2940.00
0,47663,2920.00
0,47665,2920.00
0,47666,2920.00
0,47668,2930.00
0,47669,2930.00
0,47671,2930.00
0,47672,2930.00
0,47673,2930.00
0,47675,2930.00
0,47676,2930.00
0,47678,2930.00
0,47679,2910.00
0,47680,2930.00
0,47682,2930.00
0,47683,2930.00
0,47685,2930.00
0,47686,2930.00
0,47687,2920.00
0,47689,2930.00
0,47690,2930.00
0,47692,2930.00
0,47693,2930.00
0,47695,2920.00
0,47696,2930.00
0,47697,2930.00
0,47699,2920.00
0,47700,2920.00
0,47703,2920.00
0,47704,2940.00
0,47705,2940.00
0,47707,2940.00
0,47708,2920.00
0,47710,2920.00
0,47711,2920.00
0,47712,2940.00
0,47714,2940.00
0,47715,2940.00
0,47717,2920.00
0,47718,2920.00
0,47720,2920.00
0,47721,2930.00
0,47722,2930.00
0,47724,2930.00
0,47725,2920.00
0,47727,2940.00
0,47728,2940.00
0,47729,2940.00
0,47731,2910.00
0,47732,2910.00
0,47734,2920.00
0,47735,2920.00
0,47736,2930.00
0,47738,2940.00
0,47739,2940.00
0,47741,2930.00
0,47742,2940.00
0,47744,2940.00
0,47746,2940.00
0,47747,2920.00
0,47749,2920.00
0,47750,2920.00
0,47752,2930.00
0,47753,2930.00
0,47754,2920.00
0,47756,2940.00
0,47757,2940.00
0,47759,2940.00
0,47760,2930.00
0,47761,2930.00
0,47763,2930.00
0,47764,2910.00
0,47766,2910.00
0,47767,2940.00
0,47768,2890.00
0,47770,2890.00
0,47771,2930.00
0,47773,2940.00
0,47774,2940.00
0,47776,2910.00
0,47777,2910.00
0,47778,2920.00
0,47780,2920.00
0,47781,2920.00
0,47783,2910.00
0,47784,2930.00
0,47785,2930.00
0,47788,2930.00
0,47789,2930.00
0,47791,2930.00
0,47792,2930.00
0,47793,2920.00
0,47795,2920.00
0,47796,2940.00
0,47798,2930.00
0,47799,2930.00
0,47801,2930.00
0,47802,2930.00
0,47803,2930.00
0,47805,2930.00
0,47806,2930.00
0,47808,2930.00
0,47809,2920.00
0,47810,3020.00
0,47812,3020.00
0,47813,2920.00
0,47815,2920.00
0,47816,2920.00
0,47817,2920.00
0,47819,2920.00
0,47820,2920.00
0,47822,2920.00
0,47823,2920.00
0,47825,2930.00
0,47826,2940.00
0,47827,2940.00
0,47830,2910.00
0,47831,2920.00
0,47833,2920.00
0,47834,2930.00
0,47835,2930.00
0,47837,2930.00
0,47838,2920.00
0,47840,2940.00
0,47841,2940.00
0,47842,2910.00
0,47844,2910.00
0,47845,2910.00
0,47847,2920.00
0,47848,2930.00
0,47850,2930.00
0,47851,2940.00
0,47852,2930.00
0,47854,2930.00
0,47855,2920.00
0,47857,2940.00
0,47858,2940.00
0,47859,2920.00
0,47861,2920.00
0,47862,2920.00
0,47864,2930.00
0,47865,2930.00
0,47866,2910.00
0,47868,2910.00
0,47869,2910.00
0,47872,2940.00
0,47873,2930.00
0,47874,2930.00
0,47876,2910.00
0,47877,2920.00
0,47879,2920.00
0,47880,2940.00
0,47882,2920.00
0,47883,2920.00
0,47884,2930.00
0,47886,2930.00
0,47887,2930.00
0,47889,2940.00
0,47890,2890.00
0,47891,2890.00
0,47893,2930.00
0,47894,2930.00
0,47896,2930.00
0,47897,2890.00
0,47898,2920.00
0,47900,2920.00
0,47901,2920.00
0,47903,2920.00
0,47904,2960.00
0,47906,2930.00
0,47907,2930.00
0,47908,2930.00
0,47910,2940.00
0,47911,2940.00
0,47913,2930.00
0,47915,2920.00
0,47916,2920.00
0,47918,2930.00
0,47919,2920.00
0,47921,2920.00
0,47922,2920.00
0,47923,2910.00
0,47925,2910.00
0,47926,2930.00
0,47928,2920.00
0,47929,2920.00
0,47931,2930.00
0,47932,2930.00
0,47933,2930.00
0,47935,2930.00
0,47936,2940.00
0,47938,2940.00
0,47939,2910.00
0,47940,2930.00
0,47942,2930.00
0,47943,2910.00
0,47945,2920.00
0,47946,2920.00
0,47947,2920.00
0,47949,2920.00
0,47950,2930.00
0,47952,2890.00
0,47953,2890.00
0,47955,2920.00
0,47956,2920.00
0,47958,2920.00
0,47960,2920.00
0,47961,2920.00
0,47963,2920.00
0,47964,2920.00
0,47965,2940.00
0,47967,2940.00
0,47968,2940.00
0,47970,2930.00
0,47971,2930.00
0,47972,2930.00
0,47974,2940.00
0,47975,2940.00
0,47977,2930.00
0,47978,2930.00
0,47980,2930.00
0,47981,2930.00
0,47982,2910.00
0,47984,2910.00
0,47985,2910.00
0,47987,2910.00
0,47988,2930.00
0,47989,2920.00
0,47991,2920.00
0,47992,2910.00
0,47994,2920.00
0,47995,2920.00
0,47996,2930.00
0,47998,2930.00
0,48000,2930.00
0,48002,2920.00
0,48003,2920.00
0,48004,2920.00
0,48006,2910.00
0,48007,2930.00
0,48009,2930.00
0,48010,2930.00
0,48012,2920.00
0,48013,2920.00
0,48014,2890.00
0,48016,2930.00
0,48017,2930.00
0,48019,2930.00
0,48020,2910.00
0,48021,2910.00
0,48023,2920.00
0,48024,2930.00
0,48026,2930.00
0,48027,2930.00
0,48028,2930.00
0,48030,2930.00
0,48031,2920.00
0,48033,2920.00
0,48034,2940.00
0,48036,2930.00
0,48037,2930.00
0,48038,2920.00
0,48040,2940.00
0,48041,2940.00
0,48044,2920.00
0,48045,2910.00
0,48046,2910.00
0,48048,2930.00
0,48049,2930.00
0,48051,2930.00
0,48052,2920.00
0,48053,2920.00
0,48055,2920.00
0,48056,2920.00
0,48058,2940.00
0,48059,2940.00
0,48061,2910.00
0,48062,2920.00
0,48063,2920.00
0,48065,2930.00
0,48066,2930.00
0,48068,2930.00
0,48069,2930.00
0,48070,2930.00
0,48072,2930.00
0,48073,2930.00
0,48075,2930.00
0,48076,2920.00
0,48077,2920.00
0,48079,2920.00
0,48080,2930.00
0,48082,2940.00
0,48083,2940.00
0,48086,2920.00
0,48087,2920.00
0,48088,2920.00
0,48090,2940.00
0,48091,2930.00
0,48093,2930.00
0,48094,2930.00
0,48095,2910.00
0,48097,2910.00
0,48098,2920.00
0,48100,2930.00
0,48101,2930.00
0,48102,2930.00
0,48104,2940.00
0,48105,2940.00
0,48107,2930.00
0,48108,2920.00
0,48110,2920.00
0,48111,2940.00
0,48112,2930.00
0,48114,2930.00
0,48115,2920.00
0,48117,2920.00
0,48118,2930.00
0,48119,2920.00
0,48121,2920.00
0,48122,2920.00
0,48124,2930.00
0,48125,2930.00
0,48126,2920.00
0,48129,2920.00
0,48130,2920.00
0,48132,2910.00
0,48133,2930.00
0,48135,2930.00
0,48136,2930.00
0,48137,2920.00
0,48139,2920.00
0,48140,2930.00
0,48142,2940.00
0,48143,2940.00
0,48144,2920.00
0,48146,2940.00
0,48147,2940.00
0,48149,2920.00
0,48150,2930.00
0,48151,2930.00
0,48153,2930.00
0,48154,2930.00
0,48156,2930.00
0,48157,2930.00
0,48158,2930.00
0,48160,2930.00
0,48161,2930.00
0,48163,2930.00
0,48164,2920.00
0,48166,2930.00
0,48167,2930.00
0,48168,2920.00
0,48171,2940.00
0,48172,2940.00
0,48174,2940.00
0,48175,2930.00
0,48176,2930.00
0,48178,2940.00
0,48179,2920.00
0,48181,2920.00
0,48182,2930.00
0,48183,2930.00
0,48185,2930.00
0,48186,2930.00
0,48188,2940.00
0,48189,2940.00
0,48191,2910.00
0,48192,2940.00
0,48193,2940.00
0,48195,2910.00
0,48196,2920.00
0,48198,2920.00
0,48199,2940.00
0,48200,2940.00
0,48202,2930.00
0,48203,2940.00
0,48205,2940.00
0,48206,2920.00
0,48207,2920.00
0,48209,2920.00
0,48210,2940.00
0,48212,2930.00
0,48214,2930.00
0,48216,2920.00
0,48217,2940.00
0,48218,2940.00
0,48220,2930.00
0,48221,2930.00
0,48223,2930.00
0,48224,2910.00
0,48225,2930.00
0,48227,2930.00
0,48228,2930.00
0,48230,2930.00
0,48231,2930.00
0,48232,2940.00
0,48234,2920.00
0,48235,2920.00
0,48237,2930.00
0,48238,2940.00
0,48240,2940.00
0,48241,2930.00
0,48242,2930.00
0,48244,2920.00
0,48245,2930.00
0,48247,2930.00
0,48248,2930.00
0,48249,2940.00
0,48251,2940.00
0,48252,2930.00
0,48254,2930.00
0,48256,2930.00
0,48257,2920.00
0,48259,2920.00
0,48260,2920.00
0,48262,2940.00
0,48263,2920.00
0,48264,2920.00
0,48266,3190.00
0,48267,3140.00
0,48269,3140.00
0,48270,3200.00
0,48272,3120.00
0,48273,3120.00
0,48274,3110.00
0,48276,3160.00
0,48277,3160.00
0,48279,3140.00
0,48280,3170.00
0,48281,3170.00
0,48283,3200.00
0,48284,3200.00
0,48286,3160.00
0,48287,3160.00
0,48288,3160.00
0,48290,3210.00
0,48291,3240.00
0,48293,3240.00
0,48294,3150.00
0,48296,3190.00
0,48297,3190.00
0,48299,2910.00
0,48301,2910.00
0,48302,2910.00
0,48304,3050.00
0,48305,2910.00
0,48306,2910.00
0,48308,2930.00
0,48309,3060.00
0,48311,3060.00
0,48312,3010.00
0,48313,2920.00
0,48315,2920.00
0,48316,2910.00
0,48318,2920.00
0,48319,2920.00
0,48321,2930.00
0,48322,2850.00
0,48323,2850.00
0,48325,2910.00
0,48326,2910.00
0,48328,2880.00
0,48329,2850.00
0,48330,2850.00
0,48332,2910.00
0,48333,2890.00
0,48335,2890.00
0,48336,2870.00
0,48337,2940.00
0,48339,2940.00
0,48340,2910.00
0,48343,2890.00
0,48344,2890.00
0,48346,2870.00
0,48347,2910.00
0,48348,2910.00
0,48350,2890.00
0,48351,2920.00
0,48353,2920.00
0,48354,2890.00
0,48355,2910.00
0,48357,2910.00
0,48358,2890.00
0,48360,2910.00
0,48361,2910.00
0,48362,2890.00
0,48364,2920.00
0,48365,2920.00
0,48367,2890.00
0,48368,2890.00
0,48370,2890.00
0,48371,2920.00
0,48372,2920.00
0,48374,2880.00
0,48375,2880.00
0,48377,2880.00
0,48378,2890.00
0,48379,2910.00
0,48381,2910.00
0,48382,2890.00
0,48385,2870.00
0,48386,2870.00
0,48387,2920.00
0,48389,2930.00
0,48390,2930.00
0,48392,2890.00
0,48393,2890.00
0,48395,2890.00
0,48396,2910.00
0,48397,2880.00
0,48399,2880.00
0,48400,2910.00
0,48402,2880.00
0,48403,2880.00
0,48404,2910.00
0,48406,2890.00
0,48407,2890.00
0,48409,2890.00
0,48410,2890.00
0,48411,2890.00
0,48413,2910.00
0,48414,2910.00
0,48416,2890.00
0,48417,2890.00
0,48418,2890.00
0,48420,2890.00
0,48421,2910.00
0,48423,2910.00
0,48424,2890.00
0,48427,2910.00
0,48428,2910.00
0,48429,2910.00
0,48431,2890.00
0,48432,2890.00
0,48434,2870.00
0,48435,2880.00
0,48436,2880.00
0,48438,2910.00
0,48439,2880.00
0,48441,2880.00
0,48442,2890.00
0,48443,2910.00
0,48445,2910.00
0,48446,2890.00
0,48448,2890.00
0,48449,2890.00
0,48451,2910.00
0,48452,2890.00
0,48453,2890.00
0,48455,2890.00
0,48456,2890.00
0,48458,2890.00
0,48459,2920.00
0,48460,2920.00
0,48462,2910.00
0,48463,2870.00
0,48465,2870.00
0,48466,2890.00
0,48467,2920.00
0,48470,2920.00
0,48471,2890.00
0,48473,2880.00
0,48474,2880.00
0,48476,2890.00
0,48477,2890.00
0,48478,2890.00
0,48480,2890.00
0,48481,2910.00
0,48483,2910.00
0,48484,2890.00
0,48485,2890.00
0,48487,2890.00
0,48488,2890.00
0,48490,2890.00
0,48491,2890.00
0,48492,2920.00
0,48494,2880.00
0,48495,2880.00
0,48497,2880.00
0,48498,2880.00
0,48500,2910.00
0,48501,2910.00
0,48502,2910.00
0,48504,2890.00
0,48505,2910.00
0,48507,2910.00
0,48508,2910.00
0,48509,2910.00
0,48512,2910.00
0,48513,2880.00
0,48515,2870.00
0,48516,2870.00
0,48517,2910.00
0,48519,2880.00
0,48520,2880.00
0,48522,2910.00
0,48523,2890.00
0,48525,2890.00
0,48526,2980.00
0,48527,2880.00
0,48529,2880.00
0,48530,2890.00
0,48532,2890.00
0,48533,2890.00
0,48534,2920.00
0,48536,2890.00
0,48537,2890.00
0,48539,2890.00
0,48540,2890.00
0,48541,2920.00
0,48543,2890.00
0,48544,2890.00
0,48546,2870.00
0,48547,2890.00
0,48548,2890.00
0,48550,2880.00
0,48551,2890.00
0,48553,2890.00
0,48555,2910.00
0,48557,2890.00
0,48558,2890.00
0,48559,2920.00
0,48561,2880.00
0,48562,2880.00
0,48564,2870.00
0,48565,2910.00
0,48566,2910.00
0,48568,2890.00
0,48569,2870.00
0,48571,2870.00
0,48572,2890.00
0,48573,2890.00
0,48575,2890.00
0,48576,2870.00
0,48578,2880.00
0,48579,2880.00
0,48581,2880.00
0,48582,2880.00
0,48583,2910.00
0,48585,2910.00
0,48586,2910.00
0,48588,2890.00
0,48589,2910.00
0,48590,2910.00
0,48592,2890.00
0,48593,2880.00
0,48595,2880.00
0,48596,2890.00
0,48598,2910.00
0,48600,2910.00
0,48601,2890.00
0,48603,2870.00
0,48604,2870.00
0,48606,2890.00
0,48607,2890.00
0,48608,2890.00
0,48610,2890.00
0,48611,2870.00
0,48613,2870.00
0,48614,2910.00
0,48615,2870.00
0,48617,2870.00
0,48618,2880.00
0,48620,2910.00
0,48621,2910.00
0,48622,2870.00
0,48624,2870.00
0,48625,2880.00
0,48627,2880.00
0,48628,2880.00
0,48630,3060.00
0,48631,2910.00
0,48632,2910.00
0,48634,2870.00
0,48635,2880.00
0,48637,2880.00
0,48638,2880.00
0,48640,2890.00
0,48642,2890.00
0,48643,2890.00
0,48645,2890.00
0,48646,2890.00
0,48647,2890.00
0,48649,2850.00
0,48650,2850.00
0,48652,2880.00
0,48653,2880.00
0,48655,2880.00
0,48656,2890.00
0,48657,2880.00
0,48659,2880.00
0,48660,2890.00
0,48662,2910.00
0,48663,2910.00
0,48664,2890.00
0,48666,2890.00
0,48667,2870.00
0,48669,2890.00
0,48670,2890.00
0,48671,2890.00
0,48673,2880.00
0,48674,2880.00
0,48676,2890.00
0,48677,2910.00
0,48679,2910.00
0,48680,2880.00
0,48681,2880.00
0,48684,2880.00
0,48685,2930.00
0,48687,2880.00
0,48688,2880.00
0,48689,2890.00
0,48691,2870.00
0,48692,2870.00
0,48694,2880.00
0,48695,2920.00
0,48696,2920.00
0,48698,2870.00
0,48699,2890.00
0,48701,2890.00
0,48702,2890.00
0,48703,2920.00
0,48705,2920.00
0,48706,2890.00
0,48708,2890.00
0,48709,2890.00
0,48711,2910.00
0,48712,2910.00
0,48713,2880.00
0,48715,2940.00
0,48716,2940.00
0,48718,2890.00
0,48719,2910.00
0,48720,2910.00
0,48722,2880.00
0,48723,2930.00
0,48726,2930.00
0,48727,2890.00
0,48728,2890.00
0,48730,2890.00
0,48731,2880.00
0,48733,2890.00
0,48734,2890.00
0,48736,2920.00
0,48737,2880.00
0,48738,2880.00
0,48740,2870.00
0,48741,2890.00
0,48743,2890.00
0,48744,2890.00
0,48745,2910.00
0,48747,2910.00
0,48748,2880.00
0,48750,2880.00
0,48751,2910.00
0,48752,2880.00
0,48754,2880.00
0,48755,2870.00
0,48757,2910.00
0,48758,2910.00
0,48760,2890.00
0,48761,2870.00
0,48762,2870.00
0,48764,2890.00
0,48765,2870.00
0,48768,2870.00
0,48769,2880.00
0,48770,2910.00
0,48772,2910.00
0,48773,2890.00
0,48775,2890.00
0,48776,2890.00
0,48777,2890.00
0,48779,2890.00
0,48780,2890.00
0,48782,2890.00
0,48783,2910.00
0,48785,2910.00
0,48786,2890.00
0,48787,2870.00
0,48789,2870.00
0,48790,2920.00
0,48792,2920.00
0,48793,2920.00
0,48794,2880.00
0,48796,2880.00
0,48797,2910.00
0,48799,2910.00
0,48800,2910.00
0,48801,2890.00
0,48803,2890.00
0,48804,2890.00
0,48806,2890.00
0,48807,2920.00
0,48808,2920.00
0,48811,2870.00
0,48812,2960.00
0,48814,2960.00
0,48815,2880.00
0,48817,2880.00
0,48818,2880.00
0,48819,2870.00
0,48821,2890.00
0,48822,2890.00
0,48824,2920.00
0,48825,2890.00
0,48826,2890.00
0,48828,2890.00
0,48829,2890.00
0,48831,2890.00
0,48832,2870.00
0,48833,2870.00
0,48835,2920.00
0,48836,2880.00
0,48838,2880.00
0,48839,3000.00
0,48841,2890.00
0,48842,2890.00
0,48843,2880.00
0,48845,2890.00
0,48846,2890.00
0,48848,2910.00
0,48849,2890.00
0,48850,2890.00
0,48852,2890.00
0,48854,2890.00
0,48856,2890.00
0,48857,2910.00
0,48858,2870.00
0,48860,2870.00
0,48861,2920.00
0,48863,2930.00
0,48864,2930.00
0,48866,2890.00
0,48867,2880.00
0,48868,2880.00
0,48870,2880.00
0,48871,2920.00
0,48873,2920.00
0,48874,2890.00
0,48875,2850.00
0,48877,2850.00
0,48878,2890.00
0,48880,2890.00
0,48881,2890.00
0,48882,2880.00
0,48884,2880.00
0,48885,2890.00
0,48887,2910.00
0,48888,2910.00
0,48890,2880.00
0,48891,2850.00
0,48892,2850.00
0,48894,2890.00
0,48896,2910.00
0,48898,2910.00
0,48899,2890.00
0,48900,2890.00
0,48902,2890.00
0,48903,2920.00
0,48905,2920.00
0,48906,2920.00
0,48907,2880.00
0,48909,2910.00
0,48910,2910.00
0,48912,2890.00
0,48913,2880.00
0,48915,2880.00
0,48916,2890.00
0,48917,2910.00
0,48919,2910.00
0,48920,2890.00
0,48922,2890.00
0,48923,2870.00
0,48924,2910.00
0,48926,2910.00
0,48927,2910.00
0,48929,2890.00
0,48930,2890.00
0,48931,2910.00
0,48933,2890.00
0,48934,2890.00
0,48936,2880.00
0,48937,2880.00
0,48940,2880.00
0,48941,2880.00
0,48942,3200.00
0,48944,3200.00
0,48945,3060.00
0,48947,2940.00
0,48948,2940.00
0,48949,3020.00
0,48951,2890.00
0,48952,2890.00
0,48954,2960.00
0,48955,2970.00
0,48956,2970.00
0,48958,2890.00
0,48959,2970.00
0,48961,2970.00
0,48962,2890.00
0,48963,2890.00
0,48965,2880.00
0,48966,2890.00
0,48968,2890.00
0,48969,2910.00
0,48971,2910.00
0,48972,2910.00
0,48973,2890.00
0,48975,2890.00
0,48976,2890.00
0,48978,2890.00
0,48979,2880.00
0,48980,2880.00
0,48983,2920.00
0,48984,2890.00
0,48986,2890.00
0,48987,2890.00
0,48988,2930.00
0,48990,2930.00
0,48991,2890.00
0,48993,2910.00
0,48994,2910.00
0,48996,2890.00
0,48997,2880.00
0,48998,2880.00
0,49000,2890.00
0,49001,2890.00
0,49003,2890.00
0,49004,2880.00
0,49005,2880.00
0,49007,2890.00
0,49008,2880.00
0,49010,2880.00
0,49011,2880.00
0,49012,2920.00
0,49014,2920.00
0,49015,2890.00
0,49017,2890.00
0,49018,2890.00
0,49020,2910.00
0,49021,2880.00
0,49022,2880.00
0,49025,2890.00
0,49026,2910.00
0,49028,2910.00
0,49029,2920.00
0,49030,2870.00
0,49032,2870.00
0,49033,2880.00
0,49035,2890.00
0,49036,2890.00
0,49037,2890.00
0,49039,2880.00
0,49040,2880.00
0,49042,2890.00
0,49043,2890.00
0,49045,2890.00
0,49046,2880.00
0,49047,2880.00
0,49049,2870.00
0,49050,2910.00
0,49052,2910.00
0,49053,2920.00
0,49054,2880.00
0,49056,2880.00
0,49057,2870.00
0,49059,2910.00
0,49060,2910.00
0,49061,2880.00
0,49063,2890.00
0,49064,2890.00
0,49067,2890.00
0,49068,2910.00
0,49070,2910.00
0,49071,2880.00
0,49072,2880.00
0,49074,2880.00
0,49075,2890.00
0,49077,2920.00
0,49078,2920.00
0,49079,2880.00
0,49081,2910.00
0,49082,2910.00
0,49084,2890.00
0,49085,2930.00
0,49086,2930.00
0,49088,2880.00
0,49089,2880.00
0,49091,2890.00
0,49092,2910.00
0,49093,2910.00
0,49095,2910.00
0,49096,2910.00
0,49098,2910.00
0,49099,2880.00
0,49101,2910.00
0,49102,2910.00
0,49103,2880.00
0,49105,2890.00
0,49106,2890.00
0,49108,2910.00
0,49110,2890.00
0,49111,2890.00
0,49113,2870.00
0,49114,2890.00
0,49116,2890.00
0,49117,2920.00
0,49118,2880.00
0,49120,2880.00
0,49121,2890.00
0,49123,2890.00
0,49124,2890.00
0,49126,2890.00
0,49127,2890.00
0,49128,2890.00
0,49130,2890.00
0,49131,2890.00
0,49133,2890.00
0,49134,2890.00
0,49135,2890.00
0,49137,2890.00
0,49138,2910.00
0,49140,2910.00
0,49141,2920.00
0,49142,2870.00
0,49144,2870.00
0,49145,2890.00
0,49147,2910.00
0,49148,2910.00
0,49150,2880.00
0,49152,2880.00
0,49153,2880.00
0,49155,2910.00
0,49156,2870.00
0,49158,2870.00
0,49159,2850.00
0,49160,2910.00
0,49162,2910.00
0,49163,2910.00
0,49165,2890.00
0,49166,2890.00
0,49167,2890.00
0,49169,2920.00
0,49170,2920.00
0,49172,2920.00
0,49173,2920.00
0,49175,2870.00
0,49176,2880.00
0,49177,2880.00
0,49179,2920.00
0,49180,2890.00
0,49182,2890.00
0,49183,2910.00
0,49184,2880.00
0,49186,2880.00
0,49187,2890.00
0,49189,2870.00
0,49190,2870.00
0,49191,2870.00
0,49193,2890.00
0,49195,2890.00
0,49197,2890.00
0,49198,2880.00
0,49199,2880.00
0,49201,2880.00
0,49202,2910.00
0,49204,2910.00
0,49205,2890.00
0,49207,2870.00
0,49208,2870.00
0,49209,2910.00
0,49211,2910.00
0,49212,2910.00
0,49214,2880.00
0,49215,2880.00
0,49216,2910.00
0,49218,2910.00
0,49219,2910.00
0,49221,2890.00
0,49222,2880.00
0,49223,2880.00
0,49225,2880.00
0,49226,2920.00
0,49228,2920.00
0,49229,2880.00
0,49231,2910.00
0,49232,2910.00
0,49233,2880.00
0,49235,2890.00
0,49236,2890.00
0,49239,2890.00
0,49240,2890.00
0,49241,2890.00
0,49243,2910.00
0,49244,2890.00
0,49246,2890.00
0,49247,2870.00
0,49248,2910.00
0,49250,2910.00
0,49251,2910.00
0,49253,2890.00
0,49254,2890.00
0,49256,2880.00
0,49257,2920.00
0,49258,2920.00
0,49260,2890.00
0,49261,2890.00
0,49263,2870.00
0,49264,2910.00
0,49265,2910.00
0,49267,2880.00
0,49268,2890.00
0,49270,2890.00
0,49271,2890.00
0,49272,2910.00
0,49274,2910.00
0,49275,2880.00
0,49277,2880.00
0,49278,2880.00
0,49281,2890.00
0,49282,2920.00
