graph,order,freq,input_time,task_time,total_time,input_power,task_power,input_e,task_e,total_e
mobile,BLBBGBLBLGLGBL,"((0,), (0,), (6,), (5,), (1, 4), (7,), (2,), (6,), (1,), (2, 7), (5,), (1, 1), (3,), (0,))",61.281,201.47858,262.75958,3273.4306243539027,4225.5193987280745,200.5991020910315,851.3516482181863,1051.9507503092177
mobile,BLBBGBLBLGLGBL,"((0,), (4,), (7,), (3,), (1, 0), (5,), (2,), (7,), (1,), (4, 4), (3,), (2, 3), (5,), (3,))",61.3331,167.38404,228.71714,3297.8816599591246,4470.460230147683,202.269305638439,748.283693981449,950.552999619888
mobile,BLBBGBLBLGLGBL,"((4,), (0,), (6,), (6,), (2, 6), (3,), (4,), (7,), (2,), (3, 4), (0,), (2, 6), (3,), (4,))",22.7783,172.19163,194.96993,3892.79595661949,4446.087755182954,88.67127413866572,765.5790976879939,854.2503718266596
mobile,BLBBGBLBLGLGBL,"((1,), (4,), (3,), (3,), (1, 7), (5,), (4,), (4,), (3,), (3, 1), (1,), (0, 6), (4,), (2,))",41.8739,188.09806000000003,229.97196,3411.0421047534846,4249.255374006735,142.83363599023696,799.2766922952414,942.1103282854784
mobile,BLBBGBLBLGLGBL,"((0,), (0,), (6,), (6,), (2, 1), (2,), (0,), (7,), (1,), (0, 7), (1,), (0, 0), (7,), (4,))",61.3614,227.32687,288.68827,3311.188302183259,4126.3668189810005,203.17914988558783,938.0340534308076,1141.2132033163953
mobile,BLBBGBLBLGLGBL,"((5,), (0,), (4,), (0,), (0, 5), (4,), (2,), (7,), (2,), (3, 4), (2,), (3, 6), (5,), (4,))",20.655,191.73448000000005,212.38948000000005,4106.842820684218,4275.436423745221,84.82683846123253,819.7485794798498,904.5754179410824
mobile,BLBBGBLBLGLGBL,"((5,), (2,), (1,), (4,), (2, 7), (4,), (1,), (7,), (5,), (0, 3), (5,), (1, 0), (6,), (3,))",20.4427,189.76357,210.20627,4082.198459661254,4340.83478706772,83.45115845131711,823.7323059741603,907.1834644254776
mobile,BLBBGBLBLGLGBL,"((4,), (1,), (4,), (0,), (2, 3), (3,), (3,), (1,), (0,), (4, 4), (3,), (4, 6), (6,), (2,))",22.7992,192.50078,215.29998000000003,3888.5457036019534,4212.330092345781,88.65573120556165,810.8768283940349,899.5325595995965
mobile,BLBBGBLBLGLGBL,"((6,), (2,), (6,), (3,), (3, 4), (3,), (0,), (3,), (0,), (4, 0), (4,), (3, 4), (0,), (4,))",17.4202,173.88442000000003,191.30462000000003,4429.319059274059,4348.004894748772,77.15962387636598,756.0503092805513,833.2099331569174
mobile,BLBBGBLBLGLGBL,"((0,), (5,), (4,), (7,), (3, 3), (3,), (3,), (4,), (3,), (4, 2), (4,), (1, 6), (0,), (5,))",61.3614,171.11432999999997,232.47573,3336.194451038928,4501.153431532852,204.7135621879801,770.2118536639447,974.9254158519248
mobile,GBLBLGLGBGGGGG,"((0, 1), (7,), (0,), (3,), (0,), (3, 1), (2,), (3, 2), (3,), (0, 4), (3, 1), (3, 1), (2, 6), (1, 5))",32.2592,220.99157,253.25077,3481.1066183451635,4227.193409827103,112.2977146225203,934.1741083313448,1046.4718229538653
mobile,GBLBLGLGBGGGGG,"((1, 2), (4,), (4,), (3,), (0,), (1, 6), (5,), (4, 5), (4,), (4, 5), (4, 5), (4, 4), (1, 4), (1, 6))",24.8529,181.44372,206.29662,3697.704874731391,4615.973749850285,91.8986894812118,837.5394485951851,929.438138076397
mobile,GBLBLGLGBGGGGG,"((4, 4), (3,), (0,), (5,), (0,), (1, 7), (5,), (2, 5), (4,), (0, 7), (4, 3), (2, 3), (0, 2), (3, 6))",15.3234,214.29728000000003,229.62068,4419.021242368744,4386.979953175098,67.71443010531323,940.1178713799508,1007.832301485264
mobile,GBLBLGLGBGGGGG,"((3, 6), (2,), (5,), (7,), (2,), (0, 7), (4,), (2, 1), (5,), (3, 2), (0, 3), (4, 6), (0, 6), (2, 7))",11.8346,210.91543,222.75003,4947.480436507938,4462.956133572457,58.551451973896846,941.306311983572,999.8577639574688
mobile,GBLBLGLGBGGGGG,"((0, 3), (7,), (4,), (7,), (1,), (2, 6), (3,), (3, 4), (1,), (0, 1), (4, 2), (4, 6), (4, 1), (4, 4))",19.3755,178.52316000000002,197.89866,3860.170289987792,4733.960864301858,74.79272945365845,845.121652811499,919.9143822651574
mobile,GBLBLGLGBGGGGG,"((1, 0), (7,), (1,), (4,), (3,), (2, 2), (1,), (1, 4), (2,), (3, 2), (0, 1), (0, 7), (2, 2), (2, 7))",46.9822,232.71253,279.69473,3436.05697070764,4216.295400218102,161.43351580918048,981.1847698121172,1142.6182856212977
mobile,GBLBLGLGBGGGGG,"((3, 4), (6,), (1,), (4,), (4,), (2, 3), (0,), (2, 2), (1,), (1, 1), (0, 7), (4, 1), (3, 6), (1, 7))",14.6763,225.4661,240.1424,4487.257144522146,4279.963796315582,65.85633203015037,964.9867452964688,1030.843077326619
mobile,GBLBLGLGBGGGGG,"((3, 1), (0,), (1,), (4,), (1,), (3, 7), (1,), (4, 2), (3,), (3, 1), (0, 0), (1, 7), (4, 0), (4, 5))",29.3585,205.10904,234.46754,3715.799079633212,4412.095952851437,109.09028727941164,904.9607652772436,1014.0510525566552
mobile,GBLBLGLGBGGGGG,"((3, 0), (3,), (2,), (7,), (3,), (3, 2), (3,), (2, 6), (4,), (0, 4), (2, 2), (2, 2), (0, 4), (2, 6))",41.1683,210.90768000000003,252.07598,3575.2277846400843,4359.817104545331,147.18605000639835,919.5189107439734,1066.7049607503718
mobile,GBLBLGLGBGGGGG,"((4, 7), (5,), (2,), (2,), (3,), (2, 7), (2,), (0, 1), (1,), (0, 4), (0, 3), (4, 7), (3, 6), (0, 7))",11.1493,263.12524,274.27454,5342.698412698412,4164.026967695273,59.5673474126984,1095.660595241291,1155.2279426539894
mobile,GBLGGLBLLGBGBG,"((0, 1), (4,), (5,), (3, 7), (3, 2), (4,), (6,), (1,), (4,), (0, 2), (4,), (1, 5), (6,), (3, 6))",32.9141,184.02415,216.93825,3628.919646602189,4431.45752974493,119.4426241402291,815.4952051724105,934.9378293126396
mobile,GBLGGLBLLGBGBG,"((2, 5), (0,), (2,), (0, 4), (1, 3), (0,), (5,), (0,), (4,), (3, 2), (7,), (2, 0), (0,), (1, 1))",16.9486,242.61170000000004,259.56030000000004,4114.533648018648,4047.416219314316,69.73558498680886,981.9505295754192,1051.686114562228
mobile,GBLGGLBLLGBGBG,"((2, 0), (4,), (1,), (1, 7), (3, 1), (4,), (0,), (3,), (1,), (2, 1), (6,), (0, 7), (5,), (2, 3))",52.9312,208.10990000000004,261.04110000000003,3376.8499809708564,4271.597448390253,178.74072171276458,888.9617178247508,1067.7024395375154
mobile,GBLGGLBLLGBGBG,"((4, 2), (6,), (4,), (0, 6), (4, 3), (2,), (3,), (1,), (4,), (3, 2), (7,), (1, 2), (2,), (1, 2))",26.797,202.23537,229.03237,3816.603463622292,4304.6424459885,102.27352301468656,870.5509577821892,972.8244807968758
mobile,GBLGGLBLLGBGBG,"((3, 4), (0,), (1,), (0, 5), (3, 6), (3,), (4,), (0,), (3,), (0, 1), (1,), (1, 3), (6,), (0, 0))",20.6718,266.88557999999995,287.55738,3909.611028579262,3962.4614734204647,80.8186972605848,1057.523828561475,1138.3425258220598
mobile,GBLGGLBLLGBGBG,"((0, 2), (6,), (4,), (4, 4), (2, 5), (0,), (3,), (1,), (5,), (4, 3), (0,), (2, 1), (6,), (0, 6))",26.7103,211.03697000000005,237.74727,3659.3383860906033,4286.648803894715,97.74202609399585,904.6413750280648,1002.3834011220608
mobile,GBLGGLBLLGBGBG,"((3, 3), (1,), (0,), (4, 5), (0, 2), (1,), (7,), (4,), (2,), (2, 2), (0,), (2, 2), (1,), (4, 4))",21.551,203.31049,224.86149,3967.4980354733,4267.945414158963,85.50355016248508,867.7180734459116,953.2216236083968
mobile,GBLGGLBLLGBGBG,"((4, 1), (6,), (2,), (1, 7), (2, 6), (5,), (0,), (5,), (5,), (1, 6), (6,), (2, 4), (4,), (1, 6))",32.1822,194.24293000000003,226.42513,3836.4871992995945,4453.905413126314,123.46659834529942,865.1396373885158,988.6062357338152
mobile,GBLGGLBLLGBGBG,"((4, 7), (3,), (5,), (4, 2), (1, 6), (2,), (4,), (3,), (4,), (2, 7), (0,), (2, 1), (7,), (0, 0))",15.4364,211.44128,226.87768,4695.242146464646,4323.399760739009,72.47763586968686,914.14517936235,986.6228152320368
mobile,GBLGGLBLLGBGBG,"((3, 4), (1,), (5,), (4, 7), (3, 4), (0,), (3,), (3,), (4,), (3, 5), (3,), (4, 6), (7,), (0, 4))",18.3664,180.8755,199.2419,4076.5783799533806,4533.291104195584,74.87206915757577,819.9612951169283,894.8333642745041
mobile,BLLBLGGGGLGLBG,"((5,), (2,), (4,), (4,), (1,), (0, 1), (2, 3), (2, 2), (4, 1), (5,), (3, 2), (1,), (3,), (4, 5))",17.83,173.41458999999998,191.24459,4370.642179487181,4458.350254570834,77.92855006025643,773.1429814727968,851.0715315330532
mobile,BLLBLGGGGLGLBG,"((2,), (1,), (2,), (7,), (3,), (4, 0), (1, 7), (1, 6), (3, 0), (2,), (0, 1), (5,), (0,), (1, 4))",30.3142,217.02531,247.33951,3634.5193377382857,4233.070648699979,110.17754610806594,918.683469786014,1028.86101589408
mobile,BLLBLGGGGLGLBG,"((0,), (4,), (1,), (1,), (5,), (3, 2), (1, 5), (4, 6), (0, 5), (0,), (1, 4), (4,), (6,), (1, 3))",60.8193,226.64765,287.46695,3345.1864251123247,4136.969090946514,203.451896744834,937.6343225856638,1141.0862193304977
mobile,BLLBLGGGGLGLBG,"((2,), (1,), (3,), (0,), (4,), (4, 2), (1, 5), (1, 7), (0, 6), (2,), (3, 0), (5,), (0,), (3, 2))",29.9142,223.71075,253.62495,3616.019629035825,4159.698024107756,108.17033438690348,930.5691647466642,1038.7394991335675
mobile,BLLBLGGGGLGLBG,"((3,), (2,), (4,), (0,), (4,), (2, 6), (3, 5), (1, 1), (3, 0), (3,), (3, 4), (5,), (7,), (2, 1))",26.0366,190.97616,217.01276,3697.787194149589,4326.324920740589,96.2778060591952,826.2249202753419,922.5027263345372
mobile,BLLBLGGGGLGLBG,"((0,), (5,), (1,), (3,), (0,), (4, 2), (2, 3), (2, 2), (2, 4), (5,), (4, 2), (0,), (1,), (2, 3))",60.4183,194.4779,254.8962,3340.748641669676,4292.482857356139,201.842353656991,834.7930518846215,1036.6354055416125
mobile,BLLBLGGGGLGLBG,"((2,), (3,), (3,), (7,), (3,), (0, 2), (3, 5), (2, 2), (4, 6), (5,), (1, 0), (4,), (2,), (4, 3))",30.0598,175.67659,205.73639,3685.5369705513776,4533.341357607395,110.78650422738028,796.4019510104378,907.188455237818
mobile,BLLBLGGGGLGLBG,"((0,), (3,), (5,), (1,), (5,), (2, 5), (4, 5), (4, 5), (1, 5), (3,), (1, 2), (1,), (4,), (3, 2))",58.7675,187.42884000000004,246.19634,3367.3459935697024,4340.5219396201,197.89050567710748,813.5389921375456,1011.4294978146532
mobile,BLLBLGGGGLGLBG,"((5,), (4,), (0,), (1,), (0,), (2, 2), (3, 3), (1, 3), (3, 7), (0,), (0, 2), (3,), (0,), (0, 3))",18.201,260.363,278.564,4180.706864801866,3957.948621502633,76.09304564625876,1030.50337694029,1106.596422586549
mobile,BLLBLGGGGLGLBG,"((5,), (3,), (4,), (0,), (2,), (1, 7), (4, 4), (2, 5), (0, 1), (5,), (3, 2), (1,), (0,), (2, 1))",19.2912,222.32781,241.61901,4133.836959706959,4139.184895227529,79.74667555709888,920.255912941016,1000.0025884981148
mobile,BGGBLGGGBLBLLG,"((2,), (0, 1), (3, 3), (5,), (3,), (1, 2), (1, 5), (1, 3), (4,), (1,), (0,), (5,), (1,), (4, 6))",26.9033,200.00748,226.91078,3817.7092410096784,4286.838912123331,102.70897702365568,857.3998479797289,960.1088250033846
mobile,BGGBLGGGBLBLLG,"((7,), (3, 6), (2, 4), (3,), (2,), (3, 5), (0, 6), (3, 0), (7,), (0,), (6,), (5,), (1,), (0, 7))",13.8304,200.41893,214.24933,5042.8220959595965,4437.4135344212,69.7442467159596,889.341672536215,959.0859192521746
mobile,BGGBLGGGBLBLLG,"((5,), (4, 3), (1, 2), (6,), (5,), (0, 1), (4, 4), (3, 5), (2,), (0,), (6,), (1,), (5,), (1, 2))",18.3315,190.46604,208.79754,4165.736185342436,4422.446295845623,76.36419288160486,842.3258330823843,918.6900259639892
mobile,BGGBLGGGBLBLLG,"((3,), (4, 6), (0, 6), (3,), (0,), (2, 0), (2, 1), (1, 6), (7,), (5,), (0,), (4,), (4,), (0, 6))",22.8402,224.58845,247.42865000000003,3839.9565047942265,4235.524127249755,87.70537456080109,951.2497986766252,1038.9551732374264
mobile,BGGBLGGGBLBLLG,"((2,), (3, 2), (2, 5), (6,), (3,), (1, 6), (3, 3), (4, 1), (1,), (5,), (4,), (4,), (2,), (4, 2))",29.5193,158.34708,187.86638,3639.61894706128,4700.1520874826565,107.43900358398604,744.2553586087832,851.6943621927693
mobile,BGGBLGGGBLBLLG,"((6,), (2, 2), (3, 0), (7,), (3,), (2, 1), (4, 5), (0, 7), (0,), (5,), (7,), (1,), (4,), (4, 6))",14.8837,182.39046,197.27416,4743.024570707069,4637.187471588815,70.59375480303281,845.7787560493209,916.3725108523536
mobile,BGGBLGGGBLBLLG,"((7,), (1, 5), (4, 5), (2,), (1,), (0, 3), (2, 3), (3, 4), (2,), (0,), (3,), (0,), (1,), (2, 5))",14.1198,209.6177,223.7375,4924.89590909091,4215.911846535845,69.53854525718184,883.7297446735969,953.2682899307788
mobile,BGGBLGGGBLBLLG,"((7,), (3, 1), (2, 1), (5,), (3,), (0, 0), (3, 0), (3, 4), (4,), (3,), (2,), (1,), (5,), (1, 4))",14.4735,189.12296,203.59646,4885.582979797981,4374.52625390255,70.71148525810608,827.3233537357619,898.034838993868
mobile,BGGBLGGGBLBLLG,"((0,), (3, 2), (1, 2), (2,), (1,), (0, 6), (2, 3), (2, 4), (2,), (1,), (3,), (1,), (0,), (0, 7))",55.3884,243.9587,299.3471,3416.158313849068,4021.588673770093,189.21554315079769,981.101544787676,1170.3170879384736
mobile,BGGBLGGGBLBLLG,"((6,), (3, 2), (0, 5), (6,), (4,), (0, 2), (0, 4), (0, 0), (2,), (4,), (7,), (4,), (2,), (0, 5))",15.8405,229.52712,245.36762,4544.5257215007205,4212.887152361953,71.98755969143217,966.9718549666402,1038.9594146580723
mobile,LGBLGLLBLBGGGG,"((4,), (1, 6), (1,), (1,), (3, 7), (3,), (3,), (7,), (4,), (2,), (2, 6), (2, 5), (4, 4), (0, 0))",41.454,212.94959,254.40359,3384.33031837256,4272.517491017143,140.29402901781611,909.8308479799292,1050.124876997745
mobile,LGBLGLLBLBGGGG,"((5,), (1, 7), (4,), (4,), (1, 4), (2,), (3,), (4,), (0,), (3,), (4, 4), (3, 3), (1, 3), (3, 0))",36.0736,175.53228,211.60588,3536.12930769231,4473.012344330549,127.56091419396932,785.1580552684862,912.7189694624556
mobile,LGBLGLLBLBGGGG,"((2,), (2, 4), (7,), (3,), (4, 3), (3,), (5,), (0,), (3,), (3,), (4, 2), (3, 1), (1, 0), (1, 0))",59.8176,185.52725,245.34485,3253.062885226671,4412.6420996410125,194.5904144433349,818.6653539806231,1013.255768423958
mobile,LGBLGLLBLBGGGG,"((0,), (1, 3), (1,), (5,), (4, 4), (0,), (3,), (5,), (1,), (7,), (2, 2), (0, 7), (4, 3), (3, 6))",118.062,202.5648,320.6268,3186.5977188978013,4396.0965857581,376.21609988851225,890.4944256747725,1266.7105255632848
mobile,LGBLGLLBLBGGGG,"((2,), (3, 6), (1,), (0,), (4, 1), (2,), (0,), (0,), (0,), (5,), (0, 2), (3, 6), (3, 3), (2, 6))",60.3872,226.21078,286.59798,3281.57664650604,4133.665135007752,198.16522526788955,935.0796144489088,1133.2448397167984
mobile,LGBLGLLBLBGGGG,"((1,), (1, 5), (2,), (5,), (0, 0), (1,), (1,), (3,), (0,), (3,), (0, 7), (0, 2), (1, 6), (1, 6))",80.6893,254.6556,335.34489999999994,3209.1920980487034,4019.5744243854574,258.94746395708125,1023.6071367865331,1282.5546007436146
mobile,LGBLGLLBLBGGGG,"((5,), (4, 4), (4,), (1,), (4, 2), (4,), (1,), (4,), (2,), (6,), (1, 5), (0, 5), (2, 2), (0, 0))",35.4787,219.66058,255.13928,3522.89393939394,4237.481419140603,124.9876972075758,930.807626267648,1055.7953234752238
mobile,LGBLGLLBLBGGGG,"((0,), (2, 1), (7,), (0,), (3, 0), (2,), (5,), (3,), (1,), (1,), (1, 1), (3, 6), (4, 7), (4, 0))",117.935,190.26298000000003,308.19798000000003,3161.190201903361,4367.148350123348,372.81496646147286,830.9066591965517,1203.7216256580243
mobile,LGBLGLLBLBGGGG,"((0,), (2, 7), (0,), (2,), (4, 6), (1,), (2,), (6,), (4,), (7,), (4, 6), (4, 1), (3, 7), (0, 0))",117.675,205.11821999999995,322.79322,3154.6273174194216,4417.921588042504,371.2207695773304,906.1962122388512,1277.4169818161818
mobile,LGBLGLLBLBGGGG,"((2,), (0, 7), (5,), (3,), (2, 3), (5,), (5,), (0,), (2,), (6,), (0, 1), (3, 2), (0, 1), (4, 7))",60.6441,205.99421,266.63831,3331.3160167538927,4346.898594594786,202.0246616516248,895.4359419436632,1097.460603595288
mobile,LBLLBGBBLLGLBG,"((4,), (0,), (4,), (3,), (2,), (3, 0), (0,), (2,), (5,), (5,), (3, 1), (5,), (6,), (0, 5))",42.0709,198.70324,240.77414,3408.0939490968794,4224.979550603691,143.3815797230599,839.5171256386973,982.8987053617572
mobile,LBLLBGBBLLGLBG,"((1,), (2,), (1,), (3,), (3,), (4, 7), (3,), (3,), (1,), (3,), (4, 1), (5,), (0,), (4, 6))",80.8437,162.74784999999997,243.59155,3247.859194577352,4477.816654971745,262.56895436865307,728.7550332908432,991.3239876594964
mobile,LBLLBGBBLLGLBG,"((4,), (6,), (2,), (4,), (5,), (1, 3), (1,), (1,), (0,), (2,), (3, 1), (5,), (2,), (3, 3))",42.2845,179.13003999999998,221.41454,3419.8196533479304,4268.003195962283,144.60536413199057,764.5275832128516,909.132947344842
mobile,LBLLBGBBLLGLBG,"((5,), (2,), (3,), (2,), (1,), (0, 4), (7,), (0,), (2,), (5,), (4, 1), (2,), (7,), (1, 2))",36.015,198.06874,234.08374,3534.3939347826085,4224.321294348807,127.29119756119564,836.7059961268374,963.997193688033
mobile,LBLLBGBBLLGLBG,"((5,), (2,), (1,), (4,), (2,), (4, 2), (2,), (3,), (2,), (1,), (0, 4), (2,), (2,), (0, 5))",36.2211,222.57941,258.80051,3547.4096785243764,4025.250894301402,128.4910807067993,895.9379691555785,1024.4290498623775
mobile,LBLLBGBBLLGLBG,"((0,), (0,), (4,), (1,), (3,), (3, 5), (4,), (4,), (4,), (0,), (4, 3), (5,), (3,), (4, 4))",117.901,169.02692000000002,286.92792000000003,3178.6773910300226,4410.530936551401,374.7692430798307,745.4984597699989,1120.2677028498297
mobile,LBLLBGBBLLGLBG,"((5,), (5,), (2,), (4,), (3,), (2, 7), (1,), (6,), (3,), (2,), (1, 0), (5,), (4,), (4, 0))",36.0423,158.01094999999998,194.05325,3551.0258234519106,4544.783337006232,127.9871380366008,718.1255326245248,846.1126706611255
mobile,LBLLBGBBLLGLBG,"((1,), (7,), (3,), (1,), (7,), (3, 0), (4,), (4,), (2,), (3,), (2, 5), (0,), (1,), (1, 2))",80.6057,190.80442,271.41012,3193.22217249906,4219.634849606484,257.39190846980745,805.1249800909524,1062.5168885607598
mobile,LBLLBGBBLLGLBG,"((4,), (7,), (3,), (4,), (5,), (2, 6), (0,), (4,), (2,), (5,), (1, 2), (5,), (6,), (2, 1))",41.4402,171.08056999999997,212.52077,3394.129161579162,4431.570784341202,140.65339128167278,758.1556557804397,898.8090470621125
mobile,LBLLBGBBLLGLBG,"((0,), (4,), (5,), (1,), (1,), (1, 5), (1,), (2,), (4,), (2,), (3, 5), (1,), (4,), (1, 5))",117.839,195.69949,313.53849,3167.2470362415715,4136.018000344624,373.2252235036705,809.4166132982627,1182.641836801933
mobile,GGGLLBLBLBBBBG,"((0, 2), (1, 4), (1, 6), (4,), (2,), (2,), (4,), (3,), (3,), (2,), (5,), (1,), (5,), (3, 6))",24.1536,172.14334,196.29694,3836.0844594612495,4354.854908797532,92.65524960004323,749.6592692158024,842.3145188158456
mobile,GGGLLBLBLBBBBG,"((2, 3), (1, 2), (2, 0), (3,), (4,), (2,), (1,), (2,), (2,), (0,), (1,), (4,), (5,), (1, 4))",21.5504,199.99774,221.54814,3796.6680874272793,4118.481431616923,81.81971595129284,823.6869785553491,905.506694506642
mobile,GGGLLBLBLBBBBG,"((1, 4), (2, 3), (3, 5), (2,), (0,), (3,), (4,), (6,), (1,), (6,), (4,), (6,), (7,), (3, 6))",17.5471,151.00002,168.54712,4225.8772832722825,4701.873198696096,74.15189127730707,709.9829470405743,784.1348383178814
mobile,GGGLLBLBLBBBBG,"((4, 3), (3, 7), (1, 4), (0,), (4,), (0,), (2,), (7,), (0,), (1,), (3,), (0,), (7,), (0, 6))",20.0757,233.84657,253.92227,4149.296935286934,4103.848108064393,83.3000404837399,959.670803871848,1042.9708443555878
mobile,GGGLLBLBLBBBBG,"((4, 3), (0, 2), (4, 2), (5,), (2,), (5,), (2,), (6,), (3,), (6,), (7,), (2,), (5,), (0, 2))",22.4352,183.18057,205.61577000000003,3914.678713369962,4498.360363021317,87.82659987019777,824.0122153636518,911.8388152338496
mobile,GGGLLBLBLBBBBG,"((2, 1), (0, 3), (0, 6), (1,), (5,), (2,), (2,), (2,), (2,), (3,), (2,), (1,), (1,), (3, 6))",32.0823,203.28593,235.36823,3658.290222691601,4114.129598433301,117.36636441145872,836.3446615580402,953.7110259694988
mobile,GGGLLBLBLBBBBG,"((3, 1), (2, 6), (0, 6), (5,), (0,), (0,), (1,), (6,), (5,), (5,), (1,), (1,), (2,), (4, 4))",33.9434,193.1045900000001,227.04799000000008,3671.481170370512,4310.542629844223,124.62255395835442,832.3855672135908,957.0081211719452
mobile,GGGLLBLBLBBBBG,"((4, 0), (1, 5), (4, 3), (2,), (4,), (7,), (1,), (3,), (0,), (7,), (1,), (0,), (7,), (4, 6))",51.8709,177.68815999999995,229.55906,3657.418966100111,4523.046682061204,189.71361344868225,803.6918425295601,993.4054559782423
mobile,GGGLLBLBLBBBBG,"((0, 4), (1, 6), (2, 1), (1,), (2,), (6,), (5,), (1,), (3,), (5,), (5,), (6,), (3,), (0, 1))",19.7113,193.06133,212.77263,3863.1491608391616,4298.270438256585,76.14769205404896,829.8298075094992,905.9774995635482
mobile,GGGLLBLBLBBBBG,"((1, 3), (0, 7), (2, 2), (0,), (5,), (0,), (2,), (1,), (1,), (0,), (5,), (7,), (7,), (3, 4))",21.2778,209.6912,230.969,3861.1387912087903,4222.300328984063,82.15653897158239,885.3792227450629,967.5357617166452
mobile,LBBGGBGGLLGGLL,"((0,), (3,), (1,), (0, 1), (2, 7), (4,), (0, 5), (2, 7), (0,), (5,), (3, 3), (4, 5), (4,), (2,))",117.32,199.638,316.958,3165.926362223964,4203.262383242505,371.4264808161154,839.1308956657673,1210.5573764818828
mobile,LBBGGBGGLLGGLL,"((5,), (4,), (7,), (3, 1), (1, 7), (1,), (3, 1), (0, 7), (1,), (4,), (2, 1), (4, 4), (2,), (2,))",34.812,180.3166,215.1286,3558.380869565216,4371.140884861694,123.87435483130427,788.1892624792521,912.0636173105564
mobile,LBBGGBGGLLGGLL,"((3,), (0,), (6,), (1, 1), (1, 5), (4,), (1, 3), (0, 7), (0,), (2,), (1, 2), (1, 3), (5,), (2,))",47.9292,230.5491,278.4783,3331.036870363981,4036.934287980152,159.65393236704932,930.7115668529648,1090.3654992200145
mobile,LBBGGBGGLLGGLL,"((4,), (7,), (0,), (1, 5), (1, 4), (2,), (3, 2), (1, 5), (0,), (0,), (0, 0), (2, 1), (5,), (5,))",40.097,221.5987,261.6957,3473.644729344729,4079.798934834714,139.2827327125356,904.0781402207574,1043.360872933293
mobile,LBBGGBGGLLGGLL,"((5,), (0,), (5,), (0, 3), (1, 0), (3,), (3, 1), (4, 7), (3,), (2,), (2, 1), (2, 7), (0,), (1,))",35.4073,206.5678,241.9751,3522.147463768117,4137.91808882948,124.70973189387686,854.7606361897103,979.4703680835872
mobile,LBBGGBGGLLGGLL,"((4,), (4,), (6,), (4, 6), (0, 6), (3,), (0, 6), (1, 2), (2,), (2,), (1, 0), (3, 3), (4,), (1,))",40.9035,179.88639999999995,220.7899,3398.421932013236,4305.089281324868,139.00735149610338,774.4270124961176,913.434363992221
mobile,LBBGGBGGLLGGLL,"((3,), (0,), (7,), (3, 5), (0, 7), (2,), (2, 2), (1, 0), (5,), (1,), (1, 7), (3, 5), (5,), (5,))",47.6204,187.141,234.7614,3370.480947580646,4346.540747908955,160.50365091616936,813.4159821044298,973.9196330205992
mobile,LBBGGBGGLLGGLL,"((0,), (5,), (5,), (1, 2), (1, 1), (5,), (2, 6), (2, 4), (0,), (0,), (2, 3), (1, 6), (4,), (5,))",117.237,202.2111,319.4481,3174.8048788930364,4159.972438718789,372.2045995867829,841.1926028030089,1213.3972023897918
mobile,LBBGGBGGLLGGLL,"((1,), (4,), (7,), (0, 7), (1, 3), (2,), (1, 5), (2, 3), (0,), (0,), (4, 0), (1, 1), (3,), (2,))",79.7864,208.56240000000005,288.34880000000004,3198.0255357295323,4145.276747059771,255.1589446039308,864.5488670309791,1119.7078116349098
mobile,LBBGGBGGLLGGLL,"((5,), (7,), (7,), (2, 3), (3, 0), (5,), (4, 7), (3, 1), (1,), (0,), (1, 4), (1, 3), (2,), (0,))",35.681,188.3598,224.0408,3515.745604743084,4312.416827439362,125.44531892283798,812.2859711331128,937.7312900559508
mobile,LLGGGGGBBGBGBB,"((2,), (4,), (4, 4), (1, 5), (1, 5), (0, 5), (4, 0), (1,), (6,), (2, 3), (6,), (1, 5), (0,), (2,))",60.2657,208.47936,268.74506,3281.93941097426,4298.435102452028,197.78837595995148,896.1349991607333,1093.9233751206848
mobile,LLGGGGGBBGBGBB,"((4,), (3,), (2, 7), (2, 3), (2, 0), (1, 6), (1, 0), (7,), (3,), (3, 3), (5,), (1, 2), (1,), (4,))",41.8614,175.42595999999998,217.28736,3446.0993404488227,4478.238916407088,144.25854293026435,785.599361020073,929.8579039503376
mobile,LLGGGGGBBGBGBB,"((5,), (4,), (1, 1), (2, 0), (1, 0), (0, 5), (1, 4), (1,), (2,), (1, 7), (7,), (2, 5), (7,), (2,))",35.9397,202.96081,238.90051,3552.546383500559,4300.750975327657,127.67745125909504,872.8839015607914,1000.5613528198865
mobile,LLGGGGGBBGBGBB,"((5,), (4,), (0, 3), (0, 0), (1, 5), (0, 3), (2, 0), (0,), (4,), (2, 6), (3,), (0, 4), (0,), (1,))",35.3886,267.04470000000003,302.43330000000003,3533.160589591569,3932.886368346992,125.03360684082018,1050.2564603693122,1175.2900672101323
mobile,LLGGGGGBBGBGBB,"((4,), (1,), (0, 6), (4, 7), (0, 0), (4, 5), (0, 0), (1,), (0,), (3, 0), (2,), (3, 4), (2,), (7,))",41.75,207.0211,248.7711,3513.860571835573,4285.403725597647,146.70367887413516,887.1689932173231,1033.8726720914583
mobile,LLGGGGGBBGBGBB,"((4,), (3,), (2, 2), (3, 4), (4, 6), (0, 6), (3, 1), (5,), (3,), (0, 4), (3,), (1, 0), (1,), (2,))",41.866,205.93,247.796,3413.0598799348804,4223.059555836787,142.89116493335368,869.6546543334696,1012.5458192668232
mobile,LLGGGGGBBGBGBB,"((5,), (4,), (0, 0), (0, 3), (3, 6), (1, 4), (0, 6), (1,), (1,), (1, 0), (2,), (2, 1), (0,), (7,))",35.9003,235.77419999999995,271.6745,3664.396376811594,4065.504865371271,131.55292924644928,958.541157229019,1090.0940864754682
mobile,LLGGGGGBBGBGBB,"((3,), (0,), (3, 5), (2, 3), (2, 1), (2, 6), (3, 4), (1,), (4,), (0, 7), (6,), (2, 3), (5,), (3,))",49.3194,197.30616,246.62556,3346.471911656892,4328.958800882678,165.04598679977093,854.1302378003658,1019.1762246001368
mobile,LLGGGGGBBGBGBB,"((1,), (0,), (2, 3), (2, 2), (1, 3), (1, 0), (2, 3), (1,), (4,), (4, 3), (3,), (0, 2), (2,), (1,))",80.1536,226.1983,306.3519,3192.703447024673,4059.572303199913,255.90667501143685,918.2683537109048,1174.1750287223415
mobile,LLGGGGGBBGBGBB,"((4,), (0,), (4, 2), (0, 4), (2, 5), (1, 2), (0, 0), (6,), (6,), (0, 2), (0,), (2, 3), (4,), (4,))",41.953,229.0345,270.9875,3437.881070621588,4150.838888670333,144.2294245557875,950.6853094471654,1094.9147340029529
mobile,LBGLBGLGGBBGGB,"((0,), (2,), (3, 0), (2,), (4,), (1, 0), (1,), (2, 1), (2, 5), (4,), (7,), (0, 2), (3, 4), (7,))",117.768,193.69484000000003,311.46284,3096.66465555084,4251.347471979242,364.6880031549113,823.4640683694239,1188.1520715243353
mobile,LBGLBGLGGBBGGB,"((5,), (4,), (0, 2), (1,), (5,), (4, 1), (5,), (3, 1), (0, 3), (6,), (1,), (4, 0), (2, 1), (1,))",35.29,199.13299000000004,234.42299000000003,3443.3299565217376,4229.1654125226805,121.51511416565212,842.166353800225,963.6814679658772
mobile,LBGLBGLGGBBGGB,"((5,), (1,), (4, 6), (2,), (3,), (0, 6), (4,), (2, 3), (0, 7), (7,), (2,), (2, 4), (3, 6), (5,))",35.8677,195.62742000000003,231.49512,3498.892446488293,4347.066571553546,125.49722460290816,850.4054179612658,975.902642564174
mobile,LBGLBGLGGBBGGB,"((0,), (6,), (3, 4), (1,), (6,), (2, 4), (1,), (4, 7), (4, 6), (3,), (0,), (2, 0), (1, 2), (2,))",117.773,182.2923,300.0653,3062.872314089419,4399.834484419597,360.72366104725313,802.0559477841626,1162.7796088314158
mobile,LBGLBGLGGBBGGB,"((5,), (3,), (2, 4), (4,), (2,), (0, 5), (5,), (1, 4), (3, 3), (2,), (5,), (0, 1), (1, 7), (5,))",35.9004,202.67953,238.57993,3488.787532938078,4199.871053242171,125.24886794749015,851.2278911317281,976.4767590792184
mobile,LBGLBGLGGBBGGB,"((2,), (7,), (0, 5), (2,), (2,), (1, 4), (3,), (4, 3), (2, 0), (5,), (2,), (1, 3), (2, 1), (0,))",59.7843,216.85507,276.63937,3154.8252024291496,4116.691880470818,188.60901634958503,892.725505907931,1081.334522257516
mobile,LBGLBGLGGBBGGB,"((5,), (0,), (1, 2), (0,), (4,), (0, 2), (2,), (4, 0), (4, 1), (7,), (3,), (1, 5), (2, 0), (3,))",35.8416,208.53481,244.37641,3465.997019104085,4181.917638308816,124.22687875992098,872.0754001403777,996.3022789002988
mobile,LBGLBGLGGBBGGB,"((1,), (1,), (0, 6), (0,), (6,), (4, 5), (1,), (2, 7), (4, 2), (0,), (1,), (3, 1), (1, 3), (4,))",80.4675,207.46203,287.92953,3119.365884534752,4177.04018349961,251.0075743138001,866.5772358604016,1117.5848101742015
mobile,LBGLBGLGGBBGGB,"((3,), (6,), (1, 2), (3,), (1,), (2, 7), (3,), (3, 4), (3, 2), (4,), (2,), (0, 7), (0, 5), (2,))",49.276,202.35941000000005,251.63541000000004,3239.046248778104,4190.120523456926,159.60724295478985,847.9103169556349,1007.5175599104248
mobile,LBGLBGLGGBBGGB,"((1,), (2,), (3, 5), (0,), (6,), (0, 7), (4,), (1, 2), (3, 6), (0,), (0,), (1, 7), (1, 3), (5,))",80.4916,222.41222,302.90381999999994,3131.144979225363,4106.0812874908,252.03086920981625,913.2426546512868,1165.273523861103
mobile,GBBGGBLGLLGBLL,"((4, 4), (0,), (1,), (3, 0), (2, 3), (2,), (4,), (1, 0), (0,), (1,), (4, 4), (7,), (5,), (0,))",21.7084,190.18697,211.89537,3889.744552179848,4157.311105125331,84.44013063654101,790.6664024311382,875.1065330676792
mobile,GBBGGBLGLLGBLL,"((0, 6), (5,), (6,), (3, 7), (0, 6), (5,), (4,), (1, 6), (0,), (0,), (4, 2), (3,), (3,), (5,))",15.8189,173.94347999999997,189.76238,4357.951652236652,4356.722778897613,68.93800139156637,757.8235215567213,826.7615229482876
mobile,GBBGGBLGLLGBLL,"((1, 0), (0,), (3,), (3, 2), (2, 0), (7,), (3,), (1, 4), (0,), (2,), (2, 5), (2,), (5,), (3,))",53.9645,190.25518,244.21968,3269.8708417595817,4133.718503823026,176.45694504013494,786.4613580141805,962.9183030543154
mobile,GBBGGBLGLLGBLL,"((1, 3), (5,), (4,), (0, 3), (2, 0), (2,), (3,), (1, 1), (2,), (3,), (1, 4), (0,), (4,), (5,))",23.4449,202.33744,225.78234,3675.182889822596,4007.6124782801658,86.16429533360179,810.8900493672643,897.0543447008661
mobile,GBBGGBLGLLGBLL,"((0, 4), (4,), (3,), (4, 7), (1, 3), (7,), (4,), (1, 0), (2,), (2,), (4, 0), (3,), (0,), (0,))",20.0603,181.08215,201.14245,3748.754931318681,4243.455104830913,75.20114854873215,768.4139738112572,843.6151223599893
mobile,GBBGGBLGLLGBLL,"((2, 1), (0,), (3,), (2, 7), (2, 5), (0,), (3,), (1, 3), (0,), (4,), (0, 3), (6,), (0,), (1,))",37.7277,229.44638,267.17408,3365.896282980304,3897.366879216541,126.98752519539602,894.2367219681325,1021.2242471635286
mobile,GBBGGBLGLLGBLL,"((1, 2), (7,), (5,), (2, 4), (1, 0), (1,), (0,), (0, 5), (5,), (4,), (4, 5), (4,), (3,), (2,))",28.1028,176.09996,204.20276,3503.430538847117,4297.172579301811,98.45620774711276,756.7319193281458,855.1881270752585
mobile,GBBGGBLGLLGBLL,"((3, 2), (0,), (4,), (2, 4), (1, 0), (0,), (5,), (0, 5), (5,), (4,), (2, 6), (5,), (0,), (4,))",29.0864,201.81427,230.90067,3613.411873422415,4088.724432750913,105.10114311511374,825.1629366267895,930.2640797419032
mobile,GBBGGBLGLLGBLL,"((3, 4), (6,), (4,), (2, 1), (0, 4), (7,), (5,), (1, 4), (1,), (4,), (1, 3), (5,), (1,), (2,))",20.8033,176.16088000000002,196.96418000000003,3872.369156162467,4257.7131457740215,80.55805726639466,750.04249454712,830.6005518135146
mobile,GBBGGBLGLLGBLL,"((0, 0), (5,), (1,), (0, 5), (1, 3), (1,), (3,), (1, 3), (5,), (1,), (1, 5), (6,), (0,), (2,))",53.9572,214.32270000000003,268.27990000000005,3240.1679154098792,3980.3315025425545,174.83038824535393,853.0753945199773,1027.9057827653312
mobile,GLBBLBGBLBGBLG,"((3, 5), (2,), (4,), (1,), (5,), (2,), (2, 1), (2,), (0,), (7,), (0, 4), (3,), (4,), (0, 2))",17.0256,243.92029,260.94589,4062.733900543901,3984.751571890441,69.17048229710025,971.9617589934722,1041.1322412905724
mobile,GLBBLBGBLBGBLG,"((0, 4), (1,), (2,), (1,), (0,), (5,), (3, 2), (5,), (4,), (0,), (3, 5), (0,), (3,), (2, 0))",20.9231,222.18341,243.10651,3722.4472933275847,4036.584034356498,77.88513696302239,896.8620055048839,974.7471424679064
mobile,GLBBLBGBLBGBLG,"((0, 2), (3,), (5,), (2,), (1,), (6,), (1, 5), (5,), (3,), (1,), (0, 4), (2,), (0,), (1, 1))",27.2049,219.31702,246.52192,3480.060150683081,4051.678945109858,94.67468839331814,888.6021522382376,983.2768406315556
mobile,GLBBLBGBLBGBLG,"((2, 5), (1,), (6,), (7,), (0,), (4,), (4, 5), (2,), (2,), (3,), (2, 4), (6,), (4,), (1, 0))",18.5329,187.71004,206.24294,3962.484293623043,4340.533239679749,73.4363251652865,814.7616680416153,888.1979932069017
mobile,GLBBLBGBLBGBLG,"((3, 5), (2,), (3,), (6,), (0,), (1,), (4, 0), (0,), (1,), (7,), (4, 7), (1,), (3,), (1, 2))",16.7028,214.15989,230.86269,4092.89812909313,4230.423973857411,68.36285887061673,905.987132894666,974.3499917652828
mobile,GLBBLBGBLBGBLG,"((1, 7), (1,), (3,), (3,), (4,), (0,), (0, 5), (4,), (3,), (4,), (2, 6), (1,), (2,), (1, 5))",12.6553,216.38687,229.04217,4768.76888888889,4087.388688537873,60.35020091955557,884.4572447861151,944.8074457056708
mobile,GLBBLBGBLBGBLG,"((1, 5), (3,), (1,), (6,), (0,), (7,), (3, 1), (5,), (2,), (2,), (1, 0), (3,), (4,), (1, 1))",17.392,200.93374,218.32574,3989.212116217116,4206.335891365051,69.38037712524807,845.1948023482134,914.5751794734616
mobile,GLBBLBGBLBGBLG,"((2, 7), (1,), (1,), (5,), (5,), (0,), (2, 0), (3,), (3,), (3,), (4, 7), (1,), (3,), (0, 5))",12.8824,224.78222000000008,237.66462000000007,4713.634126984126,4111.146587660594,60.722920277460304,924.1126567197732,984.8355769972336
mobile,GLBBLBGBLBGBLG,"((4, 0), (2,), (1,), (6,), (3,), (6,), (2, 4), (0,), (2,), (4,), (3, 7), (2,), (2,), (0, 1))",51.1743,216.96991,268.14421,3500.363207736795,4140.536294283149,179.1286369016851,898.3717871223483,1077.5004240240337
mobile,GLBBLBGBLBGBLG,"((1, 4), (2,), (0,), (4,), (5,), (7,), (4, 7), (7,), (2,), (2,), (1, 3), (3,), (3,), (2, 4))",17.8621,193.14097000000004,211.00307000000004,3920.1886907536905,4331.3179975632165,70.02280241311149,836.5549594278175,906.577761840929
mobile,LLGBGBLBGBBBBG,"((0,), (1,), (4, 1), (5,), (1, 2), (7,), (0,), (6,), (0, 7), (7,), (3,), (1,), (7,), (4, 0))",117.738,197.4354,315.1734,3070.082288685004,4492.204932030876,361.465348505195,886.9202776374888,1248.3856261426838
mobile,LLGBGBLBGBBBBG,"((4,), (5,), (4, 3), (3,), (3, 1), (1,), (0,), (7,), (1, 7), (1,), (2,), (0,), (3,), (2, 4))",42.4351,215.78073,258.21583,3317.934444444443,4193.035095009168,140.7968799434444,904.7761737166976,1045.573053660142
mobile,LLGBGBLBGBBBBG,"((1,), (3,), (1, 7), (2,), (0, 2), (0,), (4,), (1,), (1, 4), (7,), (0,), (3,), (7,), (4, 6))",80.8954,232.92361,313.81901,3150.943678035434,4114.362084787506,254.89684921214769,958.332069635832,1213.2289188479797
mobile,LLGBGBLBGBBBBG,"((4,), (3,), (2, 5), (5,), (3, 3), (4,), (2,), (7,), (4, 0), (3,), (0,), (1,), (2,), (3, 7))",42.3361,185.82844000000009,228.16454000000004,3377.750760669726,4417.53522941296,143.0007939787896,820.9036803268529,963.9044743056425
mobile,LLGBGBLBGBBBBG,"((2,), (1,), (3, 4), (4,), (0, 4), (5,), (3,), (6,), (0, 5), (1,), (4,), (5,), (5,), (3, 5))",60.6631,197.34057,258.00367,3193.0170290642186,4303.362545653804,193.6983113358256,849.2280176759728,1042.9263290117983
mobile,LLGBGBLBGBBBBG,"((5,), (4,), (0, 6), (2,), (0, 3), (7,), (2,), (2,), (1, 2), (1,), (4,), (5,), (2,), (4, 5))",36.4943,205.18701,241.68131,3511.4715790513847,4269.275883070653,128.14869724737497,875.999953312377,1004.148650559752
mobile,LLGBGBLBGBBBBG,"((1,), (3,), (0, 7), (1,), (4, 4), (4,), (5,), (0,), (4, 5), (3,), (5,), (6,), (2,), (1, 3))",80.5652,213.90415,294.46935,3099.923414234265,4257.214304816627,249.7459498524664,910.6358072396414,1160.3817570921078
mobile,LLGBGBLBGBBBBG,"((3,), (3,), (3, 2), (2,), (4, 2), (7,), (0,), (3,), (0, 4), (2,), (0,), (2,), (2,), (1, 6))",49.6099,228.68306,278.29296,3250.232925579324,4068.372262545201,161.2437304146977,930.36781821796,1091.6115486326578
mobile,LLGBGBLBGBBBBG,"((5,), (0,), (3, 1), (6,), (0, 6), (0,), (3,), (6,), (0, 6), (5,), (7,), (7,), (2,), (4, 0))",36.2095,210.42191,246.63141,3452.293772068511,4415.911585378673,125.00583133971476,929.2045501865084,1054.2103815262233
mobile,LLGBGBLBGBBBBG,"((5,), (5,), (1, 4), (1,), (1, 4), (2,), (4,), (3,), (2, 4), (4,), (1,), (6,), (3,), (3, 5))",36.4951,196.28258,232.77768000000003,3497.0157819499327,4254.177988433742,127.62394066384098,835.021031348985,962.644972012826
mobile,LGLBLBBGGLBBLB,"((5,), (3, 4), (0,), (7,), (4,), (4,), (7,), (1, 4), (0, 3), (5,), (1,), (5,), (1,), (6,))",35.8397,186.58716,222.42686,3537.7349799331105,4315.614905655897,126.7913603603087,805.2383289000019,932.0296892603104
mobile,LGLBLBBGGLBBLB,"((2,), (4, 2), (0,), (4,), (5,), (7,), (1,), (2, 5), (3, 1), (3,), (3,), (1,), (4,), (0,))",59.7784,188.13834,247.91674,3158.6094599303133,4189.379667458814,188.81661973949824,788.1829362654532,976.9995560049516
mobile,LGLBLBBGGLBBLB,"((5,), (2, 4), (1,), (0,), (5,), (6,), (5,), (1, 2), (1, 7), (4,), (4,), (4,), (5,), (6,))",35.8363,190.55694000000005,226.39324,3538.490628081258,4217.611593252595,126.80641169510838,803.6951593187395,930.501571013848
mobile,LGLBLBBGGLBBLB,"((0,), (1, 4), (0,), (6,), (3,), (1,), (1,), (1, 3), (0, 7), (1,), (5,), (2,), (0,), (7,))",117.789,222.00962,339.79862,3088.200213821269,4015.051349499803,363.7560149857935,891.3800243829385,1255.136039368732
mobile,LGLBLBBGGLBBLB,"((5,), (0, 5), (5,), (1,), (1,), (7,), (3,), (0, 0), (1, 3), (1,), (3,), (5,), (4,), (2,))",35.842,212.00793,247.84993,3451.1040513834,4028.339213772503,123.6944714096838,854.0398580497359,977.7343294594198
mobile,LGLBLBBGGLBBLB,"((5,), (2, 1), (0,), (4,), (2,), (5,), (3,), (0, 0), (3, 0), (3,), (7,), (4,), (4,), (2,))",35.8646,188.03618,223.90078,3453.962763504612,4192.58470897571,123.87499292798752,788.3576130022042,912.2326059301917
mobile,LGLBLBBGGLBBLB,"((1,), (1, 3), (3,), (1,), (3,), (0,), (0,), (1, 4), (4, 0), (1,), (1,), (1,), (5,), (3,))",80.5048,221.19639,301.70119,3117.248376605925,3903.5198581410073,250.95345710898468,863.444500914103,1114.3979580230875
mobile,LGLBLBBGGLBBLB,"((0,), (0, 6), (5,), (6,), (2,), (3,), (7,), (4, 1), (1, 3), (4,), (6,), (6,), (0,), (2,))",117.798,181.1233100000001,298.92131000000006,3071.21941786284,4365.9561566786615,361.7835049854068,790.7764304125183,1152.559935397925
mobile,LGLBLBBGGLBBLB,"((5,), (3, 1), (0,), (2,), (1,), (2,), (6,), (0, 5), (1, 6), (4,), (7,), (3,), (2,), (2,))",35.8304,203.84303000000003,239.67343,3448.995471014492,4100.898382210893,123.57888732463763,835.9395519519666,959.5184392766042
mobile,LGLBLBBGGLBBLB,"((4,), (4, 7), (5,), (1,), (2,), (6,), (4,), (3, 4), (4, 1), (3,), (1,), (3,), (5,), (1,))",41.2545,171.63197,212.88647,3304.4978937728943,4330.573823497131,136.32540835865387,743.264916557245,879.5903249158989
mobile,BBBGBBLGGGLGBG,"((4,), (6,), (4,), (1, 0), (5,), (0,), (1,), (1, 1), (4, 0), (2, 5), (2,), (4, 5), (1,), (1, 7))",21.0093,212.64574,233.65504,4021.4606684981673,4194.776527490033,84.48807362267854,892.0013588227484,976.4894324454268
mobile,BBBGBBLGGGLGBG,"((7,), (3,), (1,), (3, 4), (5,), (0,), (0,), (3, 0), (1, 3), (2, 4), (3,), (3, 4), (1,), (2, 4))",15.5993,204.32602999999995,219.92533,4601.70517871018,4174.03378744801,71.78337959425372,852.8637528751154,924.6471324693692
mobile,BBBGBBLGGGLGBG,"((7,), (5,), (5,), (1, 4), (2,), (6,), (3,), (0, 4), (4, 5), (2, 1), (0,), (0, 5), (4,), (0, 7))",14.175,240.46498,254.63998,4880.392907647907,4139.797688470213,69.17956946590908,995.476368362036,1064.655937827945
mobile,BBBGBBLGGGLGBG,"((1,), (1,), (0,), (1, 2), (5,), (4,), (0,), (0, 3), (0, 0), (1, 1), (5,), (0, 6), (3,), (0, 5))",41.25,297.44407,338.69407,3371.2298470239857,3803.901923203886,139.0632311897394,1131.4480699185913,1270.5113011083306
mobile,BBBGBBLGGGLGBG,"((3,), (1,), (5,), (1, 1), (0,), (5,), (3,), (2, 2), (2, 1), (4, 5), (0,), (4, 0), (7,), (1, 0))",26.7675,217.75629000000004,244.52379,3572.35535167576,4146.996926323554,95.62302187598092,903.0346653176208,998.6576871936016
mobile,BBBGBBLGGGLGBG,"((7,), (2,), (6,), (2, 6), (7,), (6,), (0,), (3, 3), (0, 7), (3, 6), (2,), (4, 1), (5,), (0, 6))",14.4965,206.6397,221.1362,4818.817023809524,4370.833441792552,69.85598098565475,903.1877111619804,973.043692147635
mobile,BBBGBBLGGGLGBG,"((4,), (4,), (6,), (0, 6), (6,), (0,), (1,), (1, 3), (1, 6), (2, 2), (1,), (1, 3), (0,), (0, 6))",19.6953,269.55309000000005,289.24839000000003,3982.540985680987,3911.7117860516646,78.43733947528274,1054.4139991196453,1132.851338594928
mobile,BBBGBBLGGGLGBG,"((2,), (6,), (4,), (3, 3), (2,), (6,), (2,), (4, 3), (1, 3), (1, 4), (5,), (1, 7), (1,), (0, 2))",30.8833,215.9526,246.8359,3469.640920862763,4196.928285997319,107.15396145128096,906.3375753746648,1013.4915368259456
mobile,BBBGBBLGGGLGBG,"((4,), (5,), (3,), (2, 6), (6,), (0,), (1,), (3, 5), (3, 7), (1, 1), (5,), (4, 5), (4,), (3, 2))",23.0528,174.97828,198.03108,3809.376972096531,4476.946397482024,87.81680546234692,783.3683802836009,871.1851857459478
mobile,BBBGBBLGGGLGBG,"((6,), (0,), (6,), (3, 6), (7,), (5,), (2,), (1, 1), (4, 3), (2, 5), (3,), (4, 7), (7,), (4, 4))",17.5041,160.00331,177.50741,4378.377692307691,4795.162571367915,76.63956096392307,767.2418834069776,843.8814443709007
mobile,BGBGBLBLLBGBLG,"((7,), (3, 6), (6,), (4, 2), (1,), (4,), (1,), (3,), (0,), (3,), (1, 7), (7,), (1,), (0, 2))",15.6786,208.17626,223.85486,4621.75222943723,4242.356456292181,72.46260450445456,883.1579006577598,955.6205051622144
mobile,BGBGBLBLLBGBLG,"((3,), (2, 3), (2,), (4, 3), (4,), (3,), (2,), (1,), (2,), (3,), (3, 7), (5,), (0,), (4, 2))",25.1975,166.92478000000003,192.12228,3688.257307096927,4453.501353105191,92.93486349557485,743.3997335967864,836.3345970923613
mobile,BGBGBLBLLBGBLG,"((5,), (1, 4), (0,), (0, 6), (1,), (3,), (5,), (2,), (1,), (3,), (3, 4), (5,), (0,), (2, 1))",19.9951,224.13988,244.13498,3973.0577619929095,4013.2493460652977,79.44168725682442,899.5292268371544,978.9709140939788
mobile,BGBGBLBLLBGBLG,"((5,), (2, 4), (0,), (2, 5), (4,), (2,), (2,), (1,), (1,), (7,), (0, 1), (1,), (2,), (4, 2))",18.9874,209.27127,228.25867,4107.68224053724,4137.974880152674,77.9942057739768,865.9592583976478,943.9534641716244
mobile,BGBGBLBLLBGBLG,"((5,), (3, 6), (0,), (1, 6), (3,), (0,), (1,), (2,), (2,), (1,), (2, 2), (1,), (2,), (4, 0))",20.404,211.33786,231.74186,4000.578355419093,4078.311034267815,81.62780076397117,861.9015263965467,943.529327160518
mobile,BGBGBLBLLBGBLG,"((1,), (1, 1), (7,), (4, 6), (7,), (0,), (4,), (4,), (1,), (5,), (3, 6), (1,), (0,), (2, 0))",42.2271,188.82672000000005,231.0538200000001,3343.548245427396,4318.960599136144,141.1883461144872,815.5351637441132,956.7235098586004
mobile,BGBGBLBLLBGBLG,"((2,), (1, 1), (1,), (3, 2), (6,), (5,), (0,), (4,), (3,), (5,), (2, 6), (6,), (3,), (3, 2))",30.3392,174.92761,205.26681,3523.7979104010024,4383.86394386352,106.9092095632381,766.8588422652197,873.7680518284577
mobile,BGBGBLBLLBGBLG,"((3,), (4, 4), (4,), (2, 2), (6,), (0,), (5,), (5,), (4,), (1,), (3, 7), (3,), (2,), (0, 7))",24.4698,199.54192000000003,224.01172000000005,3787.3925560224097,4264.181555406434,92.67673836735716,850.8829747943864,943.5597131617436
mobile,BGBGBLBLLBGBLG,"((2,), (1, 0), (2,), (1, 7), (0,), (2,), (4,), (2,), (0,), (2,), (4, 0), (6,), (0,), (1, 1))",31.1712,238.19061,269.36181,3480.432846956965,3965.4792947035535,108.48926835906494,944.5399321478092,1053.029200506874
mobile,BGBGBLBLLBGBLG,"((7,), (0, 4), (3,), (1, 5), (2,), (2,), (3,), (2,), (3,), (7,), (1, 1), (3,), (0,), (0, 3))",15.0703,229.59408,244.66438,4682.901067821067,4028.5216720377457,70.57272396238382,924.924727051568,995.4974510139516
mobile,BBBGGGBGBLGGLB,"((5,), (3,), (7,), (0, 5), (3, 7), (4, 7), (1,), (1, 2), (4,), (1,), (1, 1), (1, 4), (0,), (6,))",17.0322,203.51220000000004,220.5444,4345.293805361305,4194.469625528537,74.00991315167482,853.6257413244889,927.6356544761636
mobile,BBBGGGBGBLGGLB,"((0,), (2,), (0,), (4, 6), (2, 6), (2, 3), (0,), (1, 2), (7,), (2,), (3, 4), (0, 2), (3,), (6,))",53.3257,207.2119700000001,260.53767000000005,3353.008428060226,4161.686060370067,178.80152153221118,862.3511670908209,1041.1526886230322
mobile,BBBGGGBGBLGGLB,"((4,), (0,), (1,), (1, 1), (2, 1), (3, 5), (5,), (4, 0), (7,), (5,), (3, 0), (3, 1), (0,), (6,))",19.6842,170.52790000000002,190.2121,4086.2374554612056,4448.096881212198,80.43431532078947,758.5246201496658,838.9589354704552
mobile,BBBGGGBGBLGGLB,"((6,), (3,), (4,), (0, 7), (4, 5), (1, 2), (3,), (0, 5), (7,), (5,), (0, 6), (4, 6), (4,), (5,))",13.9153,200.60327,214.51857,4468.386998556999,4328.098699150013,62.17894560102021,868.230751932239,930.4096975332592
mobile,BBBGGGBGBLGGLB,"((7,), (2,), (6,), (2, 5), (4, 2), (4, 7), (5,), (3, 1), (4,), (5,), (1, 3), (4, 6), (5,), (7,))",11.1625,144.95799000000002,156.12049000000002,5108.188253968254,4940.914561624575,57.02015138492063,716.2250436148297,773.2451949997503
mobile,BBBGGGBGBLGGLB,"((5,), (4,), (5,), (4, 4), (3, 6), (3, 7), (6,), (3, 7), (5,), (0,), (2, 7), (1, 3), (2,), (7,))",15.7197,155.59222,171.31192,4520.288724608725,4714.624453301926,71.05758266423177,733.558885155533,804.6164678197647
mobile,BBBGGGBGBLGGLB,"((2,), (5,), (6,), (3, 6), (0, 3), (4, 2), (4,), (2, 1), (3,), (4,), (3, 6), (1, 2), (5,), (3,))",28.2223,165.61337999999998,193.83568,3533.789195437346,4435.105307884782,99.7316588103914,734.5127806947393,834.2444395051307
mobile,BBBGGGBGBLGGLB,"((2,), (2,), (4,), (0, 5), (0, 7), (2, 0), (3,), (0, 4), (3,), (2,), (0, 1), (3, 2), (1,), (4,))",29.0436,231.86096,260.90456,3570.99523047532,3942.996108940566,103.714557075833,914.2268630952244,1017.9414201710572
mobile,BBBGGGBGBLGGLB,"((2,), (3,), (5,), (4, 4), (4, 2), (2, 7), (7,), (0, 6), (0,), (3,), (3, 1), (2, 7), (0,), (2,))",30.0563,189.34854,219.40484,3511.509514376232,4299.100221592298,105.54298341694634,814.0283502721782,919.5713336891243
mobile,BBBGGGBGBLGGLB,"((6,), (1,), (6,), (3, 5), (3, 6), (4, 4), (5,), (0, 1), (2,), (0,), (3, 5), (2, 7), (5,), (1,))",16.7255,193.44443,210.16993,4192.243441003439,4252.730514756948,70.11736767250302,822.6670303707645,892.7843980432675
mobile,GLGBBGBGBGGGGG,"((3, 5), (3,), (4, 0), (5,), (3,), (2, 1), (3,), (0, 5), (1,), (0, 4), (2, 3), (3, 3), (0, 2), (4, 2))",16.2548,224.58592000000004,240.84072000000003,4178.579264624264,4226.376874489876,67.92197023061449,949.1847386240336,1017.106708854648
mobile,GLGBBGBGBGGGGG,"((0, 5), (5,), (0, 0), (5,), (2,), (4, 0), (6,), (0, 4), (4,), (1, 6), (4, 0), (3, 1), (2, 2), (4, 3))",15.1544,203.3578,218.5122,4112.089125874127,4439.450715187522,62.31624344914687,902.796930648961,965.113174098108
mobile,GLGBBGBGBGGGGG,"((4, 4), (2,), (1, 7), (6,), (5,), (1, 4), (4,), (4, 5), (7,), (3, 6), (0, 3), (2, 7), (3, 7), (2, 6))",16.5503,192.26548000000005,208.81578,4344.197731712733,4572.299751037787,71.89777571916525,879.0954063371609,950.993182056326
mobile,GLGBBGBGBGGGGG,"((2, 3), (3,), (3, 5), (5,), (3,), (3, 3), (2,), (1, 3), (4,), (4, 7), (0, 6), (4, 0), (2, 0), (1, 4))",20.0379,203.28909,223.32699,3782.253594322344,4388.41202438966,75.78841929767171,892.1162869832317,967.9047062809034
mobile,GLGBBGBGBGGGGG,"((1, 6), (3,), (3, 0), (2,), (5,), (4, 7), (4,), (1, 7), (3,), (2, 4), (2, 4), (4, 4), (3, 6), (1, 5))",13.1202,197.36666,210.48686,4453.574325396826,4474.441329058512,58.43178586407144,883.1055404822393,941.5373263463108
mobile,GLGBBGBGBGGGGG,"((4, 6), (1,), (4, 0), (6,), (6,), (1, 5), (5,), (2, 0), (0,), (1, 0), (1, 2), (0, 6), (4, 7), (4, 4))",12.5748,221.44536,234.02016,4704.558968253969,4333.581094623328,59.158888114000014,959.6514255880568,1018.8103137020568
mobile,GLGBBGBGBGGGGG,"((1, 7), (3,), (0, 3), (2,), (7,), (0, 7), (2,), (4, 7), (4,), (4, 7), (3, 0), (3, 0), (3, 1), (0, 4))",12.3447,220.70566,233.05036,4690.861349206349,4376.905867501167,57.90727609754761,966.0078982447176,1023.9151743422652
mobile,GLGBBGBGBGGGGG,"((4, 2), (0,), (2, 5), (1,), (7,), (2, 2), (3,), (3, 0), (0,), (4, 0), (4, 1), (3, 3), (1, 5), (4, 4))",24.3964,192.39091,216.78731,3845.194240342992,4506.148600772854,93.80889676510375,866.942029897916,960.7509266630198
mobile,GLGBBGBGBGGGGG,"((3, 1), (2,), (1, 5), (5,), (7,), (1, 0), (3,), (3, 5), (1,), (3, 0), (3, 7), (3, 0), (1, 4), (2, 0))",36.9348,190.88214,227.81694,3452.622056951905,4420.114189213389,127.52190514910724,843.7208554814166,971.242760630524
mobile,GLGBBGBGBGGGGG,"((2, 6), (0,), (2, 3), (4,), (6,), (1, 6), (1,), (0, 0), (2,), (0, 7), (2, 2), (0, 2), (1, 6), (0, 7))",12.2527,290.5185,302.7712,4824.610039682539,3952.9711520142414,59.11449943321825,1148.4112496264495,1207.5257490596678
mobile,GLGLBBBBBBLLGG,"((3, 1), (5,), (3, 6), (1,), (6,), (1,), (3,), (7,), (7,), (1,), (0,), (3,), (0, 0), (0, 7))",29.1961,213.76966,242.96576,3746.748370054176,4233.338590465688,109.39044008693874,904.9593511487292,1014.349791235668
mobile,GLGLBBBBBBLLGG,"((1, 6), (1,), (1, 6), (1,), (0,), (1,), (5,), (1,), (5,), (0,), (1,), (1,), (1, 3), (0, 6))",13.0987,257.8336,270.9323,4521.00103174603,3861.2917385225214,59.219236214531726,995.5707495935204,1054.789985808052
mobile,GLGLBBBBBBLLGG,"((4, 3), (3,), (4, 7), (0,), (7,), (7,), (7,), (1,), (0,), (7,), (0,), (3,), (4, 5), (2, 2))",21.5263,183.2561,204.7824,3874.157619684238,4500.086666762517,83.3962791686088,824.6683322128986,908.0646113815072
mobile,GLGLBBBBBBLLGG,"((0, 2), (5,), (4, 1), (1,), (3,), (3,), (2,), (2,), (2,), (3,), (3,), (1,), (1, 4), (2, 5))",24.1443,179.60429999999997,203.74859999999995,3652.775500904325,4214.878309198837,88.1937075264843,757.0102683088405,845.2039758353249
mobile,GLGLBBBBBBLLGG,"((2, 2), (2,), (2, 0), (0,), (2,), (4,), (5,), (2,), (7,), (1,), (3,), (3,), (1, 5), (4, 5))",24.1194,174.1404,198.2598,3739.5433710407247,4365.49761594661,90.19554238347963,760.2095010399889,850.4050434234686
mobile,GLGLBBBBBBLLGG,"((3, 3), (0,), (2, 3), (3,), (3,), (1,), (5,), (4,), (2,), (4,), (3,), (5,), (3, 1), (0, 2))",21.9137,198.9723,220.886,3739.855425554836,4119.313449730237,81.95406983898101,819.6292715137596,901.5833413527406
mobile,GLGLBBBBBBLLGG,"((4, 2), (5,), (3, 6), (2,), (0,), (7,), (2,), (5,), (1,), (6,), (5,), (2,), (3, 2), (4, 0))",27.4653,155.53426000000002,182.99956,3759.552005933952,4675.263497636831,103.25722370857775,727.1636484099564,830.4208721185341
mobile,GLGLBBBBBBLLGG,"((1, 4), (4,), (4, 7), (3,), (0,), (0,), (1,), (3,), (4,), (5,), (2,), (1,), (1, 7), (1, 2))",18.4087,200.70462,219.11332,3849.646200670674,4140.747486842874,70.86698201428624,831.067150862754,901.9341328770404
mobile,GLGLBBBBBBLLGG,"((2, 5), (3,), (1, 1), (1,), (0,), (6,), (2,), (3,), (1,), (7,), (0,), (5,), (3, 5), (2, 0))",17.5285,196.5418,214.0703,4016.024340659339,4216.396560398793,70.39488265524723,828.6981694945873,899.0930521498345
mobile,GLGLBBBBBBLLGG,"((0, 2), (1,), (2, 1), (1,), (2,), (3,), (0,), (1,), (6,), (0,), (2,), (3,), (0, 3), (3, 7))",21.8687,207.72290000000004,229.59160000000003,3868.386402233386,4064.127931955676,84.59658171452125,844.2124399968359,928.8090217113572
mobile,GBLLLLBGBLBLBG,"((4, 5), (6,), (5,), (2,), (3,), (4,), (7,), (4, 3), (5,), (0,), (3,), (5,), (3,), (3, 6))",15.4121,149.80542999999997,165.21752999999998,4628.084184704185,4681.257558004121,71.32849626307937,701.2778014175572,772.6062976806365
mobile,GBLLLLBGBLBLBG,"((3, 1), (6,), (5,), (0,), (2,), (4,), (1,), (3, 5), (4,), (3,), (5,), (2,), (3,), (2, 0))",37.5078,176.65324999999996,214.16105,3515.027609639404,4297.967710670127,131.84095257683285,759.2499644849374,891.0909170617703
mobile,GBLLLLBGBLBLBG,"((1, 3), (0,), (3,), (1,), (3,), (0,), (6,), (4, 0), (2,), (2,), (3,), (5,), (1,), (2, 5))",20.7262,197.52294,218.24914,3865.98798992674,4153.269002867637,80.12724027681959,820.3659040572841,900.4931443341037
mobile,GBLLLLBGBLBLBG,"((3, 1), (0,), (2,), (4,), (3,), (3,), (6,), (3, 2), (6,), (5,), (1,), (1,), (3,), (3, 7))",36.0938,169.69606,205.78986,3639.800043413108,4377.775711460966,131.37421480694405,742.8912897986227,874.2655046055668
mobile,GBLLLLBGBLBLBG,"((2, 7), (0,), (4,), (4,), (3,), (1,), (4,), (3, 3), (6,), (5,), (7,), (3,), (4,), (2, 6))",12.7283,165.78403,178.51233,4965.209325396826,4554.7553923858,63.19867385644842,755.1057046139493,818.3043784703978
mobile,GBLLLLBGBLBLBG,"((2, 5), (1,), (3,), (1,), (3,), (5,), (4,), (0, 2), (1,), (4,), (6,), (5,), (7,), (4, 4))",16.314,173.43660999999997,189.75061,4339.401212121211,4444.574064393851,70.79299137454544,770.851858622391,841.6448499969364
mobile,GBLLLLBGBLBLBG,"((3, 6), (4,), (2,), (0,), (1,), (2,), (7,), (2, 4), (3,), (1,), (7,), (0,), (6,), (3, 5))",14.0974,175.73353000000003,189.83093,4639.375555555557,4400.984967965223,65.40313295688891,773.4006238974657,838.8037568543547
mobile,GBLLLLBGBLBLBG,"((2, 7), (1,), (1,), (2,), (1,), (2,), (4,), (3, 5), (0,), (2,), (1,), (0,), (5,), (4, 5))",13.2273,193.75704,206.98434000000003,4948.228412698415,4204.971402563678,65.45170168328573,814.7428122453865,880.1945139286722
mobile,GBLLLLBGBLBLBG,"((2, 6), (0,), (4,), (3,), (0,), (0,), (0,), (3, 3), (1,), (5,), (4,), (4,), (1,), (3, 7))",13.6187,197.98141,211.60011,4859.090277777778,4182.66166862279,66.17449276597223,828.0892547068928,894.263747472865
mobile,GBLLLLBGBLBLBG,"((1, 4), (7,), (0,), (1,), (5,), (4,), (2,), (2, 5), (6,), (0,), (1,), (1,), (3,), (1, 3))",18.9619,201.69712000000004,220.65902000000003,3921.079836829837,4129.85724809462,74.35112375798369,832.9803129518107,907.3314367097944
mobile,BLLGBBGBLGGLBB,"((2,), (2,), (3,), (1, 1), (0,), (2,), (1, 3), (5,), (3,), (4, 0), (4, 6), (1,), (7,), (2,))",29.1464,180.30066,209.44706,3562.121717931622,4351.545508895864,103.82302443952224,784.5865272739602,888.4095517134824
mobile,BLLGBBGBLGGLBB,"((3,), (1,), (5,), (4, 1), (0,), (0,), (2, 1), (6,), (0,), (4, 5), (1, 2), (3,), (2,), (5,))",21.0355,197.54803,218.58353,3836.2200164296473,4257.753822480619,80.69680615560584,841.1108798560161,921.807686011622
mobile,BLLGBBGBLGGLBB,"((2,), (0,), (4,), (3, 7), (1,), (2,), (3, 4), (6,), (0,), (1, 7), (4, 0), (4,), (1,), (5,))",24.3409,180.14237,204.48327,3708.0773090327607,4400.729206188926,90.25793897143554,792.7577889310918,883.0157279025274
mobile,BLLGBBGBLGGLBB,"((6,), (2,), (0,), (4, 1), (3,), (4,), (1, 5), (7,), (1,), (1, 7), (3, 6), (1,), (1,), (0,))",18.48,194.40527,212.88527,4254.198168824639,4274.433236386463,78.61758215987933,830.9723474166842,909.5899295765636
mobile,BLLGBBGBLGGLBB,"((0,), (5,), (0,), (0, 6), (6,), (1,), (3, 3), (1,), (2,), (1, 5), (4, 5), (4,), (1,), (1,))",56.6801,217.22010000000003,273.90020000000004,3301.925416800806,4100.020928485712,187.15346281681136,890.6069560877594,1077.7604189045708
mobile,BLLGBBGBLGGLBB,"((6,), (2,), (5,), (3, 3), (1,), (0,), (2, 4), (7,), (1,), (3, 4), (3, 2), (3,), (3,), (3,))",15.6852,170.65383999999997,186.33904,4380.602784160283,4399.497386617148,68.71063079011087,750.7911230961807,819.5017538862916
mobile,BLLGBBGBLGGLBB,"((7,), (2,), (1,), (1, 5), (7,), (1,), (0, 7), (2,), (0,), (2, 0), (0, 0), (0,), (1,), (7,))",12.3734,225.1349,237.5083,5225.410158730159,4093.204520759746,64.65609005803175,921.5231904607932,986.1792805188252
mobile,BLLGBBGBLGGLBB,"((4,), (4,), (4,), (1, 1), (5,), (4,), (1, 6), (2,), (1,), (0, 7), (0, 3), (3,), (7,), (0,))",23.22,222.4598,245.6798,3804.632245564893,4090.599326404671,88.3435607420168,909.993908032118,998.3374687741348
mobile,BLLGBBGBLGGLBB,"((6,), (4,), (0,), (0, 5), (4,), (4,), (1, 0), (1,), (1,), (4, 2), (3, 1), (1,), (7,), (1,))",18.1339,196.1636,214.2975,4235.616875901874,4207.860408578971,76.808252865917,825.4290460443218,902.2372989102388
mobile,BLLGBBGBLGGLBB,"((4,), (4,), (4,), (0, 0), (4,), (1,), (4, 6), (3,), (0,), (4, 6), (0, 3), (2,), (0,), (1,))",22.7549,222.83769000000004,245.59259000000003,3829.785130114983,4062.66142431965,87.14637765725342,905.3140870475008,992.460464704754
mobile,LLGBLLLBLGBGBB,"((3,), (1,), (0, 4), (6,), (4,), (1,), (5,), (1,), (4,), (3, 3), (7,), (1, 3), (0,), (5,))",49.287,198.4778,247.7648,3353.232916189201,4229.811078006468,165.27079074021717,839.5235971783521,1004.7943879185692
mobile,LLGBLLLBLGBGBB,"((5,), (0,), (1, 2), (3,), (5,), (2,), (2,), (3,), (5,), (4, 2), (7,), (1, 1), (6,), (2,))",35.8568,185.26192,221.11872,3523.9789871794883,4311.017207539905,126.35860974749748,798.6673250218813,925.0259347693788
mobile,LLGBLLLBLGBGBB,"((3,), (2,), (2, 2), (0,), (4,), (2,), (4,), (5,), (1,), (1, 7), (3,), (4, 4), (7,), (4,))",49.2099,189.6947,238.9046,3341.298856315253,4271.447010498129,164.42498258938798,810.2708592223395,974.6958418117274
mobile,LLGBLLLBLGBGBB,"((2,), (1,), (0, 4), (7,), (0,), (2,), (3,), (5,), (2,), (2, 6), (5,), (2, 7), (3,), (6,))",60.2,182.58853,242.78853,3278.2296187584334,4397.994186603839,197.3494230492577,803.0232934805406,1000.3727165297984
mobile,LLGBLLLBLGBGBB,"((0,), (1,), (1, 1), (1,), (0,), (3,), (4,), (7,), (3,), (1, 4), (2,), (3, 4), (6,), (6,))",117.812,192.43768,310.24968,3153.790177804651,4218.724350706397,371.5543284275216,811.8415266094454,1183.395855036967
mobile,LLGBLLLBLGBGBB,"((0,), (5,), (2, 6), (7,), (0,), (1,), (2,), (1,), (3,), (1, 5), (0,), (1, 7), (6,), (5,))",117.828,208.45439,326.28239,3145.015726378884,4182.920748050736,370.5709130077712,871.9481929532598,1242.519105961031
mobile,LLGBLLLBLGBGBB,"((1,), (2,), (3, 7), (6,), (2,), (4,), (2,), (2,), (5,), (0, 0), (1,), (1, 0), (0,), (4,))",80.5509,210.63055,291.18145,3180.89522523249,4106.466507746148,256.2239731981797,864.9472990831504,1121.1712722813302
mobile,LLGBLLLBLGBGBB,"((1,), (2,), (1, 2), (6,), (0,), (0,), (0,), (0,), (3,), (4, 4), (1,), (0, 2), (2,), (3,))",80.5876,226.4654,307.053,3171.4860062893085,3993.80181988376,255.58244568044023,904.4579266607036,1160.040372341144
mobile,LLGBLLLBLGBGBB,"((0,), (1,), (0, 7), (6,), (4,), (3,), (1,), (6,), (0,), (2, 2), (6,), (1, 1), (2,), (3,))",117.81,203.2579000000001,321.06790000000007,3127.313136863137,4181.8283168887065,368.4287606538462,849.9896418513334,1218.4184025051795
mobile,LLGBLLLBLGBGBB,"((2,), (0,), (4, 6), (7,), (2,), (5,), (4,), (5,), (3,), (0, 7), (1,), (2, 4), (4,), (1,))",59.7225,200.66821,260.39071,3212.753603238866,4283.912903757711,191.8736770694332,859.6451341929622,1051.5188112623955
mobile,GGGLLGLBBBLGLG,"((2, 1), (2, 3), (2, 3), (4,), (0,), (4, 6), (1,), (4,), (3,), (4,), (3,), (3, 2), (1,), (4, 3))",32.9576,156.31820999999997,189.27581,3528.881380461856,4551.941951822089,116.30346098470967,711.551417932735,827.8548789174447
mobile,GGGLLGLBBBLGLG,"((3, 2), (4, 1), (2, 0), (4,), (2,), (1, 7), (1,), (3,), (7,), (2,), (3,), (1, 7), (5,), (2, 7))",22.8105,175.91115000000002,198.72165,4029.078216246689,4498.674578841968,91.9052886516951,791.3670186398563,883.2723072915513
mobile,GGGLLGLBBBLGLG,"((4, 1), (1, 4), (3, 1), (4,), (4,), (2, 5), (5,), (5,), (1,), (2,), (4,), (4, 3), (3,), (3, 6))",31.5846,155.39125,186.97585,3867.9100715789127,4616.093913149488,122.16639244679132,717.3006032816904,839.4669957284817
mobile,GGGLLGLBBBLGLG,"((0, 3), (1, 6), (0, 1), (3,), (4,), (2, 1), (3,), (6,), (1,), (4,), (4,), (2, 4), (5,), (1, 7))",21.3733,195.98871,217.36201,3867.6490842490857,4282.209457100857,82.66442417238099,839.2647074469974,921.9291316193784
mobile,GGGLLGLBBBLGLG,"((4, 5), (3, 1), (3, 1), (4,), (4,), (4, 7), (2,), (5,), (3,), (4,), (2,), (2, 5), (5,), (1, 3))",16.7292,160.23300000000003,176.96220000000002,4308.00696969697,4597.232549249517,72.06951019745455,736.6283630638981,808.6978732613526
mobile,GGGLLGLBBBLGLG,"((2, 3), (3, 3), (1, 5), (5,), (0,), (4, 4), (0,), (7,), (5,), (5,), (4,), (2, 7), (3,), (2, 2))",21.6485,165.42488000000003,187.07338,3734.5006623033846,4631.250596075672,80.84633758787481,766.1240741057466,846.9704116936214
mobile,GGGLLGLBBBLGLG,"((4, 1), (1, 5), (4, 2), (3,), (3,), (0, 0), (5,), (1,), (6,), (7,), (1,), (0, 6), (4,), (4, 6))",33.1002,189.59055000000004,222.69075000000004,3818.371329411069,4462.370910577417,126.38885467777229,846.0233552403735,972.4122099181458
mobile,GGGLLGLBBBLGLG,"((3, 6), (1, 7), (3, 4), (2,), (0,), (4, 2), (4,), (7,), (5,), (1,), (4,), (0, 0), (0,), (0, 4))",13.9224,216.46895,230.39135,4477.535454545454,4240.629725181679,62.33803961236362,917.9646639488666,980.3027035612304
mobile,GGGLLGLBBBLGLG,"((3, 2), (0, 2), (2, 6), (2,), (2,), (4, 6), (1,), (6,), (0,), (3,), (4,), (1, 1), (4,), (1, 4))",24.7009,204.47428,229.17517999999995,3750.586873143198,4206.75532165329,92.64287129482284,860.1732655312247,952.8161368260476
mobile,GGGLLGLBBBLGLG,"((3, 0), (4, 3), (4, 2), (2,), (4,), (2, 1), (1,), (4,), (7,), (2,), (0,), (1, 0), (3,), (3, 5))",49.0522,168.89106999999998,217.94327,3469.556327195398,4493.057918538341,170.18937087285408,758.8373594339132,929.0267303067671
mobile,BBBLGGGGLLLGGL,"((0,), (2,), (7,), (2,), (4, 5), (2, 4), (3, 6), (1, 1), (3,), (1,), (1,), (1, 3), (4, 3), (3,))",61.5011,174.5551,236.0562,3315.50796831863,4274.582859588914,203.9073871103609,746.150238513829,950.05762562419
mobile,BBBLGGGGLLLGGL,"((5,), (1,), (3,), (5,), (1, 7), (2, 3), (1, 4), (1, 0), (3,), (5,), (1,), (4, 2), (4, 4), (1,))",19.3847,161.76958,181.15428,4108.5606955596,4448.20810358724,79.64321651521418,719.5847566699042,799.2279731851183
mobile,BBBLGGGGLLLGGL,"((0,), (2,), (4,), (1,), (3, 6), (3, 1), (1, 3), (2, 3), (2,), (5,), (3,), (3, 6), (0, 4), (2,))",61.4794,167.6079,229.0873,3309.268617580559,4295.549774806888,203.4518490476822,719.9680771008555,923.4199261485376
mobile,BBBLGGGGLLLGGL,"((7,), (0,), (5,), (3,), (0, 3), (3, 4), (2, 5), (1, 6), (3,), (0,), (0,), (4, 5), (1, 6), (1,))",15.8407,189.7252,205.5659,4745.702614607615,4241.321117956831,75.17525140721484,804.6854973685834,879.8607487757982
mobile,BBBLGGGGLLLGGL,"((6,), (5,), (1,), (3,), (0, 3), (3, 7), (2, 0), (1, 7), (3,), (5,), (1,), (0, 6), (1, 5), (1,))",17.7625,190.62860000000003,208.3911,4350.34701141995,4236.451825731265,77.27303879034685,807.5888805065952,884.861919296942
mobile,BBBLGGGGLLLGGL,"((5,), (3,), (0,), (4,), (3, 7), (2, 2), (4, 3), (1, 1), (1,), (2,), (3,), (1, 0), (1, 4), (0,))",19.9142,194.6172,214.5314,4051.810767345399,4137.965623679176,80.68856998306975,805.3192833766949,886.0078533597647
mobile,BBBLGGGGLLLGGL,"((2,), (0,), (5,), (4,), (2, 7), (0, 7), (0, 4), (1, 5), (4,), (0,), (3,), (2, 3), (2, 0), (4,))",31.8679,194.4372,226.3051,3579.7821224689287,4159.751416408712,114.08013870062756,808.8104181025441,922.8905568031716
mobile,BBBLGGGGLLLGGL,"((5,), (5,), (3,), (0,), (3, 4), (3, 4), (2, 6), (2, 7), (4,), (3,), (0,), (1, 4), (2, 3), (3,))",19.3733,165.1323,184.5056,4155.205168532448,4344.743074032045,80.50003629152967,717.4574167239819,797.9574530155115
mobile,BBBLGGGGLLLGGL,"((1,), (6,), (4,), (2,), (0, 5), (3, 4), (4, 5), (2, 2), (2,), (3,), (1,), (1, 4), (3, 7), (2,))",41.9349,166.0001,207.935,3423.055480049963,4319.680364683812,143.5454892503472,717.0673725055492,860.6128617558963
mobile,BBBLGGGGLLLGGL,"((5,), (0,), (0,), (2,), (0, 5), (3, 6), (1, 3), (3, 1), (3,), (5,), (0,), (4, 7), (4, 1), (1,))",19.406,183.85,203.25600000000003,4103.52358974359,4279.6358560294375,79.6329787825641,786.811052131012,866.4440309135762
mobile,GGBLGBBBLBLGGB,"((1, 1), (2, 5), (2,), (5,), (2, 3), (7,), (0,), (4,), (1,), (6,), (5,), (2, 1), (1, 6), (3,))",33.6834,175.47991000000002,209.16331,3470.029966156605,4439.47889328413,116.8824073620394,779.0393566403989,895.9217640024383
mobile,GGBLGBBBLBLGGB,"((1, 1), (2, 6), (0,), (1,), (1, 5), (1,), (0,), (6,), (5,), (2,), (2,), (3, 5), (3, 7), (7,))",30.7146,197.93095,228.64555,3705.557798429032,4288.727835359111,113.81472555562834,848.8719747440724,962.6867002997008
mobile,GGBLGBBBLBLGGB,"((4, 4), (2, 1), (4,), (5,), (4, 2), (2,), (7,), (7,), (1,), (5,), (1,), (3, 4), (1, 6), (2,))",19.0362,162.85137999999998,181.88758,4073.231310078812,4639.104264582506,77.5388458649223,755.4845314511463,833.0233773160686
mobile,GGBLGBBBLBLGGB,"((2, 5), (1, 5), (3,), (5,), (0, 7), (4,), (5,), (4,), (0,), (4,), (4,), (1, 5), (4, 7), (6,))",11.8873,178.61745999999997,190.50476,4557.374574314573,4501.865345143568,54.17487877724962,804.1117532115674,858.286631988817
mobile,GGBLGBBBLBLGGB,"((1, 4), (3, 2), (6,), (3,), (4, 0), (3,), (3,), (5,), (3,), (2,), (4,), (3, 2), (2, 3), (0,))",20.3135,175.12125,195.43475,3819.086807971441,4400.980168765068,77.57901987372787,770.7051483793496,848.2841682530775
mobile,GGBLGBBBLBLGGB,"((2, 5), (0, 5), (3,), (3,), (2, 7), (2,), (5,), (2,), (3,), (2,), (1,), (1, 0), (2, 7), (0,))",18.4734,209.66642,228.13982,4005.070784215783,4138.828447027137,73.98727462513186,867.7733434823396,941.7606181074714
mobile,GGBLGBBBLBLGGB,"((3, 5), (1, 6), (0,), (3,), (4, 7), (1,), (4,), (0,), (5,), (3,), (5,), (0, 1), (3, 6), (0,))",18.6335,231.79469,250.42819,4053.613845182595,4103.396743857647,75.5330135842099,951.1455761894928,1026.6785897737027
mobile,GGBLGBBBLBLGGB,"((0, 4), (4, 0), (7,), (2,), (1, 0), (6,), (3,), (4,), (3,), (2,), (1,), (4, 0), (2, 6), (6,))",15.1214,161.38601999999997,176.50741999999997,4224.246744366744,4646.520450481656,63.87652472026728,749.8834423518414,813.7599670721087
mobile,GGBLGBBBLBLGGB,"((3, 7), (4, 3), (1,), (0,), (1, 1), (4,), (6,), (3,), (4,), (2,), (0,), (0, 3), (0, 7), (7,))",11.4196,207.36829,218.78789,5340.643769841268,4229.285133724532,60.98801559407936,877.0196261028775,938.0076416969569
mobile,GGBLGBBBLBLGGB,"((0, 3), (2, 0), (1,), (5,), (1, 5), (7,), (6,), (2,), (4,), (5,), (0,), (2, 0), (4, 2), (5,))",17.4511,176.78142000000005,194.23252,3879.878625679876,4454.5130365286,67.70814988460208,787.4751400060381,855.1832898906403
mobile,LLLBGLLGGGBLGB,"((3,), (3,), (1,), (4,), (3, 3), (3,), (5,), (1, 5), (3, 2), (4, 1), (2,), (2,), (1, 6), (7,))",49.2735,167.36088999999998,216.63439,3390.40907308378,4454.430105980672,167.05732146259362,745.4973869797195,912.5547084423132
mobile,LLLBGLLGGGBLGB,"((4,), (0,), (1,), (0,), (1, 2), (4,), (0,), (2, 6), (4, 7), (0, 4), (3,), (4,), (3, 1), (1,))",41.2338,230.59103,271.82483,3382.2837629994524,4021.571260402248,139.46441222676685,927.3382591545524,1066.8026713813192
mobile,LLLBGLLGGGBLGB,"((2,), (2,), (1,), (1,), (1, 4), (0,), (2,), (1, 3), (1, 7), (1, 7), (6,), (1,), (0, 6), (3,))",60.2846,228.34225,288.62685,3244.540759159069,4035.208294676986,195.5958418496008,921.408541225206,1117.0043830748068
mobile,LLLBGLLGGGBLGB,"((2,), (0,), (3,), (6,), (1, 1), (3,), (3,), (0, 4), (0, 2), (0, 0), (1,), (3,), (4, 2), (4,))",60.1446,237.85072,297.99532,3252.504935897435,3985.221219197993,195.6206083675769,947.8877363455204,1143.5083447130974
mobile,LLLBGLLGGGBLGB,"((2,), (3,), (5,), (0,), (4, 5), (5,), (0,), (3, 2), (2, 1), (1, 2), (0,), (1,), (3, 5), (5,))",60.1898,205.68402,265.87382,3258.6131275303646,4142.053359142295,196.13527242342715,851.9541859628911,1048.0894583863185
mobile,LLLBGLLGGGBLGB,"((3,), (4,), (1,), (0,), (1, 4), (4,), (0,), (3, 1), (3, 6), (4, 0), (4,), (3,), (0, 3), (2,))",49.2815,201.50815,250.78965,3312.5908164304337,4147.701429370858,163.24944431991642,835.7956417848773,999.0450861047937
mobile,LLLBGLLGGGBLGB,"((5,), (2,), (1,), (0,), (3, 6), (0,), (3,), (1, 6), (2, 3), (1, 5), (3,), (1,), (0, 0), (1,))",35.4178,236.5647,271.9825,3513.08308629776,3944.283305408519,124.4256741338768,933.0781968589746,1057.5038709928515
mobile,LLLBGLLGGGBLGB,"((4,), (5,), (2,), (5,), (0, 0), (0,), (3,), (1, 7), (1, 5), (0, 3), (4,), (0,), (0, 0), (2,))",41.968,237.5827,279.5507,3381.8119159895,3985.3460979233696,141.92788249024736,946.8492863790984,1088.7771688693458
mobile,LLLBGLLGGGBLGB,"((0,), (5,), (0,), (5,), (2, 7), (0,), (3,), (1, 2), (1, 7), (4, 6), (0,), (5,), (1, 5), (3,))",117.83,205.70955,323.53955,3134.489929807034,4235.161170858462,369.3369484291629,871.2130986347674,1240.5500470639304
mobile,LLLBGLLGGGBLGB,"((0,), (0,), (2,), (3,), (0, 2), (2,), (1,), (4, 5), (4, 0), (0, 3), (0,), (1,), (4, 1), (2,))",117.805,226.14113000000003,343.94613000000004,3124.24413919414,4029.883858681914,368.05158081776574,911.3224895710885,1279.3740703888543
mobile,BBLGLBGGBGGLBB,"((3,), (3,), (2,), (1, 3), (4,), (0,), (1, 1), (4, 3), (2,), (4, 4), (3, 5), (4,), (1,), (1,))",25.2409,194.65246,219.89336000000003,3651.25267601035,4226.741263130352,92.16090366990964,822.7455846518304,914.90648832174
mobile,BBLGLBGGBGGLBB,"((7,), (4,), (0,), (1, 7), (1,), (4,), (0, 6), (0, 2), (2,), (4, 2), (4, 7), (3,), (3,), (5,))",11.57,193.01217000000003,204.58217,4889.464808802309,4369.069604688503,56.57110783784271,843.2836052819704,899.8547131198131
mobile,BBLGLBGGBGGLBB,"((7,), (5,), (4,), (4, 2), (2,), (6,), (1, 2), (2, 5), (4,), (1, 7), (0, 3), (5,), (1,), (7,))",11.0304,178.29716000000002,189.32756,5253.549314574315,4571.412871912268,57.94875035948052,815.0699322494012,873.0186826088817
mobile,BBLGLBGGBGGLBB,"((5,), (1,), (2,), (1, 1), (2,), (7,), (4, 1), (1, 0), (2,), (3, 7), (2, 7), (4,), (5,), (4,))",15.6993,179.00343,194.70273,4221.233624708624,4430.622452327382,66.2704130443881,793.096616001613,859.3670290460011
mobile,BBLGLBGGBGGLBB,"((1,), (2,), (4,), (3, 0), (3,), (3,), (0, 0), (2, 6), (6,), (1, 7), (2, 3), (5,), (5,), (6,))",31.0971,179.95262000000002,211.04972000000004,3570.483176671142,4438.024024925207,111.03167239326018,798.6340509082365,909.6657233014968
mobile,BBLGLBGGBGGLBB,"((5,), (6,), (3,), (1, 4), (2,), (5,), (1, 1), (0, 6), (0,), (4, 1), (4, 0), (1,), (5,), (3,))",17.0432,199.0299,216.0731,4133.913061938062,4289.7469331537695,70.45510709722278,853.7879031309014,924.2430102281244
mobile,BBLGLBGGBGGLBB,"((3,), (4,), (3,), (0, 0), (2,), (3,), (3, 3), (2, 6), (4,), (3, 3), (3, 3), (1,), (3,), (6,))",19.3502,176.69598,196.04618,3959.617052857272,4364.598763543691,76.61938189619879,771.2070558311407,847.8264377273395
mobile,BBLGLBGGBGGLBB,"((0,), (3,), (4,), (3, 6), (2,), (0,), (2, 0), (2, 2), (0,), (4, 1), (0, 1), (1,), (3,), (4,))",51.0239,226.5861,277.61,3359.3404635840707,4054.744461248303,171.40665187986724,918.748733970854,1090.1553858507214
mobile,BBLGLBGGBGGLBB,"((6,), (6,), (1,), (4, 6), (4,), (7,), (0, 0), (3, 6), (2,), (3, 7), (4, 6), (0,), (2,), (5,))",13.6759,161.40392999999997,175.07982999999996,4571.586298701298,4746.082470579196,62.52055706240908,766.0363628555915,828.5569199180006
mobile,BBLGLBGGBGGLBB,"((4,), (3,), (5,), (0, 5), (4,), (0,), (4, 2), (0, 5), (7,), (2, 7), (0, 7), (3,), (4,), (7,))",15.2187,223.24105,238.45975,4328.648456820957,4280.256349783177,65.8764022698211,955.5289217947636,1021.4053240645848
mobile,GBBBBLBBGLBLLB,"((1, 4), (5,), (5,), (1,), (3,), (1,), (6,), (1,), (1, 5), (0,), (0,), (0,), (3,), (7,))",15.5237,205.4004,220.9241,4429.75557137307,4119.07200194469,68.76619656332412,846.05903682824,914.825233391564
mobile,GBBBBLBBGLBLLB,"((4, 6), (2,), (5,), (2,), (1,), (0,), (6,), (2,), (1, 7), (5,), (7,), (2,), (3,), (1,))",16.4966,176.06947999999997,192.56608,4369.464865967366,4364.143088055384,72.08131410791725,768.3924041595055,840.4737182674228
mobile,GBBBBLBBGLBLLB,"((4, 4), (1,), (7,), (6,), (0,), (3,), (7,), (2,), (2, 5), (5,), (5,), (4,), (2,), (3,))",18.3497,154.67547000000002,173.02517,4150.99734154734,4586.619409580218,76.16955591819121,709.4375128879428,785.6070688061341
mobile,GBBBBLBBGLBLLB,"((3, 1), (2,), (3,), (6,), (5,), (0,), (2,), (7,), (1, 3), (1,), (3,), (4,), (0,), (5,))",28.9355,169.87789999999998,198.8134,3745.70142714286,4368.052812892379,108.38374364509222,742.0356389432502,850.4193825883424
mobile,GBBBBLBBGLBLLB,"((0, 5), (7,), (3,), (4,), (4,), (3,), (0,), (7,), (1, 5), (2,), (0,), (3,), (5,), (7,))",13.435,172.85879999999997,186.2938,4685.529552669551,4457.42188365459,62.95008954011542,770.5045979022719,833.4546874423874
mobile,GBBBBLBBGLBLLB,"((0, 1), (2,), (3,), (0,), (5,), (1,), (7,), (1,), (1, 1), (5,), (3,), (3,), (4,), (2,))",33.6096,199.11914,232.72874,3444.249865509343,4093.9387116035673,115.75986027982282,815.1815554672104,930.9414157470331
mobile,GBBBBLBBGLBLLB,"((3, 6), (6,), (7,), (0,), (0,), (0,), (6,), (0,), (3, 7), (4,), (6,), (2,), (4,), (7,))",11.8796,186.25036,198.12996,5100.894047619049,4357.567750765065,60.59658092809525,811.5985623043836,872.1951432324788
mobile,GBBBBLBBGLBLLB,"((0, 7), (2,), (3,), (4,), (4,), (0,), (3,), (0,), (1, 7), (0,), (7,), (5,), (4,), (5,))",12.3692,189.54170000000005,201.91090000000003,4796.468730158731,4273.739103002693,59.32848101707937,810.0517749396057,869.3802559566851
mobile,GBBBBLBBGLBLLB,"((3, 1), (3,), (6,), (1,), (7,), (5,), (0,), (7,), (4, 0), (0,), (7,), (1,), (3,), (1,))",35.1102,168.29575000000003,203.40595,3537.3138280401267,4519.842242051132,124.19579596525443,760.6702400076769,884.8660359729313
mobile,GBBBBLBBGLBLLB,"((3, 0), (2,), (0,), (0,), (1,), (3,), (5,), (0,), (4, 6), (2,), (2,), (1,), (0,), (1,))",49.5645,229.5746,279.1391,3427.8212264898734,3937.896974521247,169.89824518035732,904.0411227669252,1073.9393679472826
mobile,GGGBBGLGBGBGLG,"((2, 3), (1, 0), (4, 0), (0,), (3,), (0, 4), (0,), (4, 6), (0,), (1, 2), (4,), (4, 7), (3,), (4, 4))",20.0447,217.3677600000001,237.41246000000007,3911.1441576479065,4321.702585356,78.39771129680499,939.3988103650428,1017.7965216618478
mobile,GGGBBGLGBGBGLG,"((1, 4), (1, 2), (0, 1), (0,), (6,), (2, 2), (2,), (2, 2), (1,), (0, 7), (0,), (0, 5), (2,), (1, 7))",16.9608,289.45474,306.41554,4173.207006327007,3937.221660750175,70.78092939291109,1139.6474721348095,1210.4284015277208
mobile,GGGBBGLGBGBGLG,"((0, 3), (2, 1), (2, 3), (3,), (5,), (0, 1), (1,), (2, 1), (0,), (1, 7), (4,), (4, 7), (3,), (4, 3))",20.0938,205.00586,225.09966,3779.308371212121,4350.3441401732425,75.94066654946212,891.846041752176,967.786708301638
mobile,GGGBBGLGBGBGLG,"((1, 5), (3, 3), (4, 7), (5,), (3,), (0, 2), (3,), (1, 6), (1,), (4, 3), (4,), (1, 1), (0,), (1, 2))",15.9301,216.13129,232.06139,4123.840262237761,4315.201780449494,65.69318776147375,932.650127418846,998.3433151803196
mobile,GGGBBGLGBGBGLG,"((3, 3), (4, 7), (4, 6), (6,), (5,), (0, 2), (2,), (3, 0), (6,), (1, 7), (4,), (0, 1), (1,), (2, 6))",18.8513,199.22539,218.07669,4079.467263847265,4493.269095328167,76.90326123096393,895.1732878917013,972.0765491226653
mobile,GGGBBGLGBGBGLG,"((3, 6), (2, 7), (0, 4), (3,), (6,), (1, 2), (4,), (0, 3), (0,), (2, 5), (6,), (4, 0), (4,), (1, 7))",13.2128,227.94392,241.15672,4893.778477633479,4260.89179945622,64.66051626927563,971.2443794639048,1035.9048957331804
mobile,GGGBBGLGBGBGLG,"((1, 0), (1, 6), (4, 3), (6,), (4,), (1, 3), (2,), (0, 5), (1,), (3, 4), (3,), (4, 7), (4,), (2, 5))",46.4224,201.32188,247.74427999999995,3420.601959679849,4408.71578296009,158.79255241304185,887.570949811197,1046.3635022242388
mobile,GGGBBGLGBGBGLG,"((1, 0), (4, 5), (4, 1), (1,), (2,), (0, 2), (0,), (4, 7), (1,), (1, 3), (4,), (3, 3), (4,), (0, 7))",52.1413,233.63842,285.77971999999994,3388.4659818173945,4248.573937417028,176.67902129773532,992.630101991293,1169.3091232890283
mobile,GGGBBGLGBGBGLG,"((1, 2), (1, 3), (1, 7), (7,), (0,), (2, 7), (1,), (2, 1), (3,), (3, 7), (3,), (3, 4), (3,), (3, 5))",23.6064,186.15091,209.75731,3785.244897055559,4540.938113789333,89.35600513785235,845.2997621355679,934.6557672734202
mobile,GGGBBGLGBGBGLG,"((2, 3), (4, 4), (1, 1), (2,), (1,), (2, 2), (2,), (4, 0), (0,), (4, 4), (2,), (2, 5), (1,), (0, 3))",20.8561,230.68313,251.53923,3753.39516927517,4179.194719797592,78.28118498991986,964.0697188423812,1042.3509038323011
