,graph,order,freq,input_time,task_time,total_time,input_power,task_power,input_e,task_e,total_e,Predicted_Time,Predicted_Energy,Error_Time,Error_Energy,Error_EE,Error_Power,Error_FPS
0,alex,GGLGBBLL,"((3, 4), (1, 0), (3,), (3, 6), (7,), (1,), (4,), (2,))",20.3232,197.7203,218.0435,3975.990365582132,4361.329627450935,80.8048473977988,862.3234023384871,943.128249736286,208.1823379163108,892.1288852657516,4.522566407019338,5.407468653896713,5.716591550036225,0.9268182161763107,4.736790922029794
1,alex,GGLGBBLL,"((3, 5), (1, 7), (2,), (3, 7), (1,), (3,), (1,), (4,))",18.2887,191.3091,209.5978,4205.419065085243,4422.487844918022,76.91164765562449,846.0621693722064,922.9738170278308,196.29942163725403,859.977595799572,6.344712760699768,6.825353012842756,7.325332838431383,0.5132014073213904,6.77453771989218
2,alex,GGLGBBLL,"((3, 4), (4, 0), (3,), (2, 7), (3,), (5,), (1,), (3,))",20.3873,153.21259999999998,173.5999,4015.609214804805,4957.441705137006,81.86742974499,759.5425329924739,841.4099627374638,160.99712255589122,776.4775705440745,7.259668608166692,7.717093339629195,8.362429857167873,0.493231719789591,7.827951980777566
3,alex,GGLGBBLL,"((0, 0), (0, 0), (1,), (0, 5), (2,), (7,), (1,), (5,))",52.8218,264.2939,317.1157,3361.107357910907,4111.49358180539,177.53974063809835,1086.6426735603154,1264.182414198414,296.62381115123725,1190.6259545948644,6.461959735441278,5.818500461437756,6.177965407160869,0.6879118615095943,6.908376225506299
4,alex,GGLGBBLL,"((3, 6), (4, 1), (5,), (3, 0), (2,), (5,), (0,), (3,))",16.1273,155.3906,171.5179,4496.780763403262,4985.803115751959,72.52093240563345,774.7469376385664,847.2678700441998,162.964591438765,794.555404439414,4.986831439304577,6.221464010199734,6.634208931216859,1.2994331097446337,5.248568714050341
5,alex,GGLGBBLL,"((4, 5), (3, 1), (3,), (2, 6), (6,), (0,), (4,), (5,))",17.758,196.5865,214.3445,4430.315058275059,4496.9167669715935,78.67353480484849,884.0331280102611,962.7066628151096,206.51691990812094,909.4549180830314,3.65186888018077,5.531461117799002,5.855347381519841,1.9508341425748716,3.7902851230599155
6,alex,GGLGBBLL,"((3, 0), (1, 2), (5,), (2, 1), (6,), (3,), (4,), (0,))",52.872,183.409,236.281,3425.228148586376,4473.689193876854,181.09866267205885,820.51486135976,1001.6135240318188,225.8885390601588,947.4392152175394,4.398348127797501,5.408703807852975,5.717971975842332,1.0568391447943553,4.600703064918879
7,alex,GGLGBBLL,"((4, 6), (1, 4), (1,), (0, 3), (7,), (6,), (5,), (0,))",16.2704,205.6237,221.8941,4456.541025086024,4578.910570081979,72.50970509455964,941.532533389366,1014.0422384839256,201.99757513814512,926.3953976455973,8.966675933183842,8.643312626638451,9.46106177352347,0.35521421398175435,9.849883023718354
8,alex,GGLGBBLL,"((1, 0), (1, 4), (2,), (4, 2), (7,), (0,), (1,), (2,))",52.8905,243.7653,296.6558,3360.180963590318,4118.282492069873,177.72165125477372,1003.8943671641604,1181.616018418934,282.59507392618417,1111.5671852781336,4.739744199781642,5.928223047833206,6.301808299898017,1.2476124886165258,4.975573663923311
9,alex,GGLGBBLL,"((1, 2), (0, 7), (4,), (0, 6), (0,), (0,), (3,), (3,))",27.6536,299.0013,326.6549,3647.995059769522,3965.163020268468,100.88019618484246,1185.5888977721984,1286.4690939570407,304.26779306870395,1193.8042741910626,6.853442863185597,7.203035051619551,7.762145082682753,0.37531412773579104,7.357698527836309
10,alex,LBLBGLGL,"((5,), (1,), (1,), (3,), (3, 1), (1,), (3, 7), (1,))",35.9638,233.83158,269.79538,3539.422613200004,4184.727257893482,127.2910869766023,978.5213865823004,1105.8124735589026,242.14934360501567,992.2714482762046,10.2470384759681,10.26765640626951,11.442536765513498,0.02297186627750099,11.416936334991474
11,alex,LBLBGLGL,"((2,), (6,), (0,), (3,), (0, 2), (4,), (3, 0), (4,))",60.6234,219.4194200000001,280.04282000000006,3272.763141592623,4415.776212507774,198.4060290380262,968.907055398253,1167.313084436279,250.983026435866,1048.1476169903713,10.37691077533573,10.20852666133314,11.369149298652902,0.18788028337260548,11.578389971944867
12,alex,LBLBGLGL,"((0,), (2,), (2,), (4,), (3, 4), (3,), (2, 1), (0,))",121.363,241.27467,362.63767,3156.8264708879583,4097.970839327968,383.1219309863753,988.7365619284784,1371.8584929148535,349.1050845128933,1308.637919130674,3.7317098047499315,4.608388847005043,4.831021083828658,0.9106623172355438,3.8763644780449686
13,alex,LBLBGLGL,"((2,), (6,), (0,), (2,), (4, 2), (2,), (1, 4), (5,))",60.5748,209.30975,269.88455,3287.594665118078,4448.827019702,199.1453893205945,931.1828712870708,1130.3282606076657,244.28882108471362,1017.6274266087191,9.483954867103868,9.970628703767742,11.074862081353904,0.537665820407129,10.47765051287811
14,alex,LBLBGLGL,"((2,), (2,), (2,), (7,), (0, 0), (1,), (3, 6), (1,))",61.0566,226.7426,287.7992,3260.2343447541625,4234.362362786995,199.058824293917,960.1103314804664,1159.1691557743834,263.7139596267439,1052.0585300677724,8.368765574489474,9.24029294370378,10.181051970531627,0.9511247716768223,9.13309269154578
15,alex,LBLBGLGL,"((2,), (5,), (0,), (5,), (3, 1), (2,), (1, 7), (2,))",60.3065,210.41879,270.72529,3265.203149024515,4401.682590205124,196.9129737066469,926.196724595028,1123.109698301675,245.89763191183056,1015.9547106626915,9.170793791806231,9.540919092856146,10.547220906046881,0.4074959107333057,10.096745501425431
16,alex,LBLBGLGL,"((1,), (3,), (1,), (5,), (0, 3), (4,), (4, 7), (4,))",82.3547,233.58981000000009,315.94451000000004,3220.665544119001,4240.499248747228,265.23694468625706,990.5374138200082,1255.7743585062651,292.4517811975278,1152.6121079176833,7.435713569598738,8.215030820607982,8.950300788957998,0.8419200115534966,8.033026403968032
17,alex,LBLBGLGL,"((1,), (7,), (2,), (1,), (4, 2), (5,), (4, 6), (2,))",82.4583,199.08138,281.53968,3214.2879336405745,4798.182401391382,265.04471871851456,955.2287739607102,1220.2734926792248,266.98678829096895,1135.550325233361,5.169037525733861,6.942965487175017,7.460978660584929,1.870621066323699,5.4507909556823915
18,alex,LBLBGLGL,"((1,), (7,), (0,), (7,), (2, 5), (5,), (0, 2), (1,))",82.4717,218.70021000000003,301.17191,3212.991185064934,4646.675787776502,264.98084511731975,1016.2289705886366,1281.2098157059563,280.9508298898838,1184.0043054509079,6.71413217458303,7.587009486146303,8.209894998483923,0.9357015504179718,7.197373333277479
19,alex,LBLBGLGL,"((1,), (3,), (3,), (3,), (0, 3), (4,), (3, 5), (4,))",82.3664,229.18636,311.55276,3222.983758059317,4217.00060999757,265.4655694098169,966.4790199231228,1231.9445893329396,288.212773007803,1129.6780034894139,7.49150384422754,8.301232598367102,9.052719936799585,0.8753020401240564,8.098179254382
20,alex,GBLBLLGL,"((3, 5), (4,), (2,), (4,), (2,), (4,), (4, 4), (0,))",17.771,179.43217,197.20317,4151.316712037962,4728.820672065592,73.77304928962663,848.5025547295875,922.275604019214,181.75310140463029,833.5249860475412,7.834594441544583,9.62300396810928,10.647625381035757,1.9404347170483547,8.500580444552522
21,alex,GBLBLLGL,"((2, 6), (1,), (2,), (2,), (5,), (1,), (4, 3), (4,))",15.2236,231.78601,247.00961,4496.906457431457,4231.846508482168,68.45910514535353,980.882817133513,1049.3419222788666,221.4930392135157,930.0283133599177,10.33019354448773,11.370327096036949,12.829029740815548,1.1599596259474927,11.520258549473768
22,alex,GBLBLLGL,"((4, 5), (2,), (0,), (1,), (2,), (5,), (0, 5), (2,))",17.7617,232.78246,250.54416,4335.515502275503,4357.940549237646,77.00612569676682,1014.4521215852905,1091.4582472820573,222.1958493244905,963.9087949246649,11.314696249758729,11.686150402456096,13.232522934637311,0.418845216726633,12.758253928546704
23,alex,GBLBLLGL,"((2, 2), (6,), (3,), (3,), (1,), (4,), (0, 2), (5,))",27.5169,196.03228,223.54918,3706.812549879602,4618.309275961077,101.99999025378202,905.3376971117992,1007.3376873655812,196.96425918245066,885.7881252690369,11.89220234113556,12.066416616896795,13.722193674658566,0.19772855569011075,13.497332423606542
24,alex,GBLBLLGL,"((2, 7), (6,), (5,), (7,), (0,), (5,), (4, 5), (4,))",13.91,180.01583000000002,193.92583,4882.701815961815,5068.018612422733,67.91838226002884,912.3235769707268,980.2419592307556,171.0283566334586,860.2686520533421,11.807335498598299,12.239152389636791,13.94602801009357,0.4896290337521459,13.3881151741488
25,alex,GBLBLLGL,"((1, 4), (6,), (4,), (5,), (0,), (0,), (2, 7), (4,))",19.5585,211.93292,231.49142,3987.011825429473,4532.4199926357405,77.97997078766234,960.569003705671,1038.5489744933334,198.953636098252,897.3868160965989,14.055719171685938,13.59224859526744,15.730357953190524,0.5392686656420248,16.354455510267446
26,alex,GBLBLLGL,"((1, 6), (1,), (0,), (5,), (1,), (2,), (4, 3), (1,))",15.3376,265.7278,281.0654,4416.059224370401,4121.516275154748,67.73174995970346,1095.2014524610656,1162.933202420769,238.59005849418142,989.3344858151474,15.112262664069853,14.927660182395465,17.547019647514595,0.21746660644733726,17.802645162122072
27,alex,GBLBLLGL,"((0, 5), (6,), (4,), (7,), (0,), (4,), (4, 1), (4,))",16.569,204.82891,221.39791,4262.845252525253,4729.85371118942,70.63108298909093,968.8107801223836,1039.4418631114745,195.33802217253876,911.4491947243847,11.770611487462208,12.31359568335601,14.042764986565567,0.6154232790773929,13.340919262734712
28,alex,GBLBLLGL,"((0, 3), (5,), (0,), (1,), (4,), (1,), (0, 2), (4,))",22.8884,231.98215,254.87055,3780.338438285571,4270.637177971792,86.52589831085547,990.7115944158288,1077.2374927266844,229.38240538520867,962.8269316864429,10.00042751694589,10.620737006715906,11.882775322855304,0.6892360404121034,11.111638912316893
29,alex,GBLBLLGL,"((2, 6), (5,), (2,), (5,), (2,), (2,), (0, 0), (4,))",14.9616,188.4981,203.4597,4583.828855866354,4636.756516952602,68.58141380993004,874.0197936081832,942.6012074181132,187.15310626500093,850.0610454836416,8.014655351894783,9.817530595780704,10.886296040282732,1.9599592204420349,8.712969856834542
30,alex,BLGGLLBL,"((4,), (3,), (1, 3), (0, 0), (1,), (0,), (6,), (3,))",22.368,227.05577,249.42377,3986.893831699347,4289.67201233786,89.17884122745099,973.9947818088224,1063.1736230362733,226.46317879195857,959.430102027176,9.205454318985486,9.757909598323227,10.813035862633255,0.6084674747739398,10.138774581599549
31,alex,BLGGLLBL,"((1,), (5,), (2, 3), (3, 7), (2,), (0,), (0,), (4,))",42.1298,231.46737,273.59716999999995,3497.2082308303493,4289.406841477016,147.33668332323649,992.8577204566918,1140.1944037799285,258.22591590332956,1055.49361155186,5.618206539442783,7.428627254025417,8.024756502650499,1.918188506705185,5.952638039020376
32,alex,BLGGLLBL,"((2,), (1,), (3, 6), (0, 4), (5,), (1,), (3,), (0,))",31.9571,224.81014,256.76724,3590.238575688233,4213.809735034184,114.73361318712644,947.3071564663978,1062.0407696535242,240.4306714121597,975.8632515508366,6.362403781666346,8.114332383944339,8.830901047430025,1.8709670827015128,6.794710713025156
33,alex,BLGGLLBL,"((1,), (1,), (4, 1), (2, 7), (2,), (1,), (2,), (3,))",42.2628,225.4899,267.7527,3493.99235723759,4200.047990037749,147.66590019546084,947.068401268813,1094.7343014642738,252.6148946175077,1010.4950227120253,5.653651814712719,7.694951975065856,8.33643678186185,2.1636239235717136,5.992443717704339
34,alex,BLGGLLBL,"((0,), (4,), (0, 5), (1, 3), (0,), (5,), (7,), (0,))",61.9432,273.89517,335.83837,3357.1428519585943,4186.910308313044,207.9521711074416,1146.7745106701536,1354.726681777595,309.50568124838554,1232.6197143308968,7.840881538227587,9.013402414609304,9.906296810527786,1.2722787456653908,8.50798235605951
35,alex,BLGGLLBL,"((7,), (1,), (2, 2), (3, 1), (4,), (2,), (0,), (5,))",15.9085,208.11119,224.01969000000005,4956.088064158064,4484.571569139964,78.84392696865856,933.2895258938852,1012.1334528625435,209.98249794704327,932.5751298342941,6.266052797839682,7.860457808527168,8.531036319013353,1.7009899383077858,6.68493431128575
36,alex,BLGGLLBL,"((7,), (0,), (4, 7), (2, 0), (1,), (0,), (2,), (4,))",15.7754,242.9173,258.6927,4881.391261793761,4354.831181009788,77.0058997113013,1057.863832446709,1134.8697321580105,232.4072653065237,1013.9222474736318,10.16087222154947,10.657389236594677,11.92867450987893,0.5526734590184763,11.31007443283162
37,alex,BLGGLLBL,"((6,), (4,), (2, 7), (2, 1), (2,), (5,), (6,), (3,))",17.3816,174.47158,191.85318,4510.344344544345,4942.48640367506,78.39700125913198,862.3234119777054,940.7204132368374,178.50064746479023,859.2775608243415,6.959766074875472,8.657498154235512,9.47806112082856,1.8247289454649545,7.480383250623001
38,alex,BLGGLLBL,"((4,), (2,), (0, 4), (2, 2), (1,), (1,), (1,), (4,))",22.268,226.76599,249.03399,4028.565299863535,4209.690855532666,89.7080920973612,954.614714448812,1044.322806546173,225.81996766793014,937.2849522119122,9.32162807658097,10.249498877484136,11.419990695642833,1.023254808419789,10.279880283308797
39,alex,BLGGLLBL,"((1,), (0,), (1, 6), (3, 1), (3,), (4,), (4,), (3,))",42.3318,256.64794,298.97974,3509.537271309151,4116.596245586439,148.56502986160473,1056.5159462414938,1205.0809761030985,275.4825012816016,1092.6224713933152,7.859140796094868,9.332028879374002,10.292530828729515,1.5985178519115706,8.529485034107188
40,alex,GBBGGBBG,"((0, 2), (7,), (0,), (0, 7), (4, 7), (5,), (7,), (0, 6))",26.199,246.5876,272.7866,3713.2562022703823,4785.104624437933,97.28359924328176,1179.947465089051,1277.231064332333,246.73257899927887,1122.9356288491754,9.551063358948404,12.080463730641796,13.740363340442341,2.7964954212025357,10.559619287567726
41,alex,GBBGGBBG,"((2, 0), (6,), (6,), (2, 7), (0, 1), (1,), (5,), (0, 2))",52.254,219.40060000000005,271.6546,3401.770368323704,4677.054228360817,177.75610882638682,1026.1485039349006,1203.9046127612874,259.50567158418613,1110.7585106773213,4.472196832232505,7.737000182292288,8.385810343885398,3.417647262678148,4.681565663536055
42,alex,GBBGGBBG,"((2, 5), (7,), (7,), (2, 1), (0, 7), (1,), (6,), (3, 3))",16.1993,205.16706,221.36636,4289.483580977845,5030.732196587582,69.48663137333442,1032.1405344212162,1101.6271657945506,208.62645000853348,997.6982547976612,5.755124668204557,9.434127463798559,10.416868075805825,3.9036634964413994,6.1065651028167265
43,alex,GBBGGBBG,"((2, 5), (5,), (4,), (2, 5), (2, 4), (4,), (5,), (4, 0))",17.8006,186.00546,203.80606,4173.039361194362,4919.219623859037,74.28260445287636,915.0017089769271,989.2843134298035,183.7446972152777,872.8766240096829,9.843359311652604,11.766858914050752,13.336098850417757,2.133508511089369,10.91806353530743
44,alex,GBBGGBBG,"((4, 4), (2,), (6,), (1, 4), (2, 2), (5,), (6,), (2, 0))",20.7116,208.41860000000003,229.13020000000003,4092.3654822383487,4806.490211125165,84.75943692192779,1001.7619607164116,1086.5213976383393,207.86355099093313,955.8983489587517,9.281469229750986,12.022133108791925,13.66495180391028,3.02106290277325,10.231062111507246
45,alex,GBBGGBBG,"((0, 2), (7,), (3,), (0, 5), (1, 4), (5,), (0,), (3, 7))",24.5901,238.91535,263.50545,3882.279107142857,4685.12395510171,95.46563147255355,1119.3480295265092,1214.813660999063,249.10446620472493,1108.157003612047,5.465155956081769,8.779672209094311,9.624688292305837,3.5061318252904994,5.781102207713817
46,alex,GBBGGBBG,"((2, 7), (7,), (6,), (4, 1), (2, 1), (1,), (1,), (2, 6))",12.3732,193.9296,206.3028,5047.799603174603,5057.5374620055945,62.45743405,980.80621699176,1043.26365104176,200.84274186320246,969.531532728964,2.646623379225841,7.067448217827804,7.60492215299699,4.541008223908506,2.7185737886990635
47,alex,GBBGGBBG,"((4, 1), (7,), (3,), (2, 1), (4, 1), (2,), (3,), (0, 6))",32.5998,194.58980000000005,227.1896,3858.864665253385,5036.426938163997,125.7982163143273,980.0373106119448,1105.835526926272,203.59441303248266,964.8235869509369,10.385680932365455,12.751619616281017,14.615308112539513,2.640134644252463,11.589309655443657
48,alex,GBBGGBBG,"((1, 0), (3,), (3,), (1, 6), (0, 0), (2,), (7,), (4, 2))",50.6439,237.01061,287.65451,3443.0065976453184,4412.852275403397,174.36728183048976,1045.892809633247,1220.260091463737,269.6258245255135,1108.375976857243,6.267478814945925,9.16887435630922,10.094418946514606,3.095399019124984,6.686557382332839
49,alex,GBBGGBBG,"((4, 4), (6,), (0,), (2, 1), (2, 6), (7,), (4,), (3, 4))",18.0015,196.7499,214.7514,4292.993053613052,5122.1034315440165,77.28031445461536,1007.773337945942,1085.0536524005574,193.85778212562664,956.9120205687361,9.729211485640302,11.809704667444102,13.391161264298985,2.3047247244027793,10.777807135353232
50,alex,GLLGGLGB,"((3, 6), (4,), (1,), (0, 7), (2, 4), (0,), (3, 3), (2,))",14.9731,189.19222,204.16532,4434.791612276612,4466.057426103318,66.40257828977894,844.9433190919726,911.3458973817516,196.1874047817376,854.9323865640245,3.9075760850385413,6.190131648126155,6.598593257702298,2.375375154557027,4.066476758351531
51,alex,GLLGGLGB,"((4, 2), (4,), (0,), (4, 6), (4, 5), (4,), (1, 4), (0,))",28.027,162.8569,190.8839,3830.156002042764,4791.833542038856,107.34778226925256,780.3831559724678,887.7309382417203,187.17321463288368,839.8415782999367,1.9439488438345645,5.394580483658191,5.7021896961477445,3.5190399767660407,1.982487384423225
52,alex,GLLGGLGB,"((3, 0), (2,), (2,), (0, 4), (1, 2), (5,), (3, 4), (3,))",44.2017,186.78637999999995,230.98808,3559.188510163094,4435.743576412423,157.32218276967606,828.5364852463297,985.8586680160056,227.00689846383634,942.1758852871054,1.7235441483230045,4.430937632958052,4.636372402546559,2.75487497099118,1.7537711686757016
53,alex,GLLGGLGB,"((1, 2), (0,), (5,), (2, 4), (2, 2), (3,), (0, 7), (5,))",24.167,227.80232,251.96932,3798.784520446874,4172.26798203352,91.8052255056396,950.452325968954,1042.2575514745938,237.98703860999828,961.7028085764202,5.549199954185585,7.728871120598178,8.376261583078492,2.3077318194820005,5.875228109760731
54,alex,GLLGGLGB,"((4, 0), (2,), (3,), (3, 3), (2, 7), (4,), (4, 1), (7,))",42.4601,161.92921,204.38931,3803.3565071731737,4729.518122903397,161.49089763022366,765.8471333224301,927.3380309526538,197.20852650103205,866.433834816489,3.5132872159350903,6.567637053944384,7.029295681771738,3.1655652367853695,3.6412135044933547
55,alex,GLLGGLGB,"((2, 0), (2,), (2,), (1, 3), (3, 6), (1,), (1, 2), (7,))",49.0049,183.92339,232.92829,3493.9917888963387,4305.941085628015,171.22271821568617,791.9632816089849,963.1859998246712,226.08269309265154,907.1284379161758,2.9389289327408297,5.8200141944234565,6.179671980879454,2.968322139868166,3.0279172694316
56,alex,GLLGGLGB,"((4, 0), (0,), (3,), (0, 4), (3, 5), (1,), (2, 6), (1,))",50.485,219.57338,270.05838,3628.511041146106,4216.493189355462,183.1853799122612,925.8296613337588,1109.0150412460198,256.40972843075673,1030.2693074618044,5.053963357568564,7.100510890793839,7.643218449185409,2.155484952923955,5.322985072670155
57,alex,GLLGGLGB,"((3, 4), (5,), (2,), (0, 3), (3, 3), (4,), (0, 5), (0,))",20.2213,181.67380000000003,201.8951,3971.743886758665,4601.074298979695,80.31382465731299,835.8946519779774,916.2084766352904,194.2175998822615,861.6020998122884,3.80271741005032,5.960038377241381,6.337772022015581,2.242600735809603,3.9530403642063074
58,alex,GLLGGLGB,"((4, 1), (5,), (1,), (0, 2), (4, 5), (3,), (4, 7), (4,))",30.3143,165.20078999999998,195.51509,3956.9934225957854,4863.723579203124,119.95348571059542,803.4909776259836,923.444463336579,192.70927063955003,870.9733080306402,1.4350909489645836,5.682112719193817,6.024427479250943,4.308857798499255,1.455985667497056
59,alex,GLLGGLGB,"((1, 7), (2,), (1,), (4, 0), (2, 6), (3,), (3, 2), (7,))",11.8986,181.25448,193.15308,4996.9422907647895,4486.651329936656,59.45661754089392,813.225653748977,872.682271289871,187.35447017414282,822.1677080345391,3.002079918092515,5.78842551489772,6.14407045687688,2.872582829046605,3.0949941148815165
60,alex,GBLLLBGB,"((4, 5), (0,), (0,), (1,), (4,), (2,), (2, 1), (3,))",15.211,300.11541,315.32641,4463.728106060606,4054.517623116216,67.89776822128788,1216.8232188137486,1284.7209870350364,267.0042735605752,1081.6749415760964,15.324481206450423,15.804680355346493,18.771447655344947,0.5671050567364905,18.097888769732368
61,alex,GBLLLBGB,"((3, 4), (7,), (1,), (3,), (0,), (4,), (3, 3), (4,))",16.6504,184.86297,201.51337,4186.556572316573,4989.916821170508,69.70784155169987,922.450843614539,992.1586851662388,172.12629496825832,846.8295378494491,14.583188714347681,14.647772527681838,17.161558592518826,0.07561019003411323,17.07297251542012
62,alex,GBLLLBGB,"((0, 6), (6,), (4,), (3,), (4,), (7,), (1, 1), (7,))",11.9435,188.09906,200.04256,4955.082287157286,5091.013490997344,59.18102529666305,957.6148521039188,1016.795877400582,181.43884718518072,900.124632323232,9.299877393500307,11.474401860835389,12.961676737611342,2.397487902821478,10.253434203002795
63,alex,GBLLLBGB,"((0, 1), (3,), (5,), (2,), (2,), (2,), (0, 2), (3,))",33.7159,233.66664,267.38253999999995,3519.5420563388234,4276.222768658964,118.66452801731413,999.2106062440374,1117.8751342613516,239.483682296191,984.1069776572288,10.434061140943964,11.966287871007314,13.59284708280111,1.7107248018407075,11.649586074638655
64,alex,GBLLLBGB,"((2, 7), (7,), (3,), (0,), (3,), (2,), (1, 0), (5,))",11.3585,192.08074,203.43924,5070.937103174602,4888.062011517302,57.59823908640871,938.902568338132,996.5008074245408,182.75032366073611,883.2982883570353,10.169580037392931,11.360002744009583,12.815887968951692,1.3251888470655944,11.320864403869122
65,alex,GBLLLBGB,"((1, 2), (0,), (2,), (0,), (3,), (5,), (0, 5), (1,))",26.264,307.07181,333.33581,3637.934991522925,4043.946732969435,95.5467246173581,1241.782042836511,1337.328767453869,291.7846130792339,1157.0311553608587,12.465266459300029,13.481921310664514,15.58277936230493,1.1614302234572833,14.240366029679187
66,alex,GBLLLBGB,"((0, 6), (7,), (3,), (4,), (5,), (4,), (4, 6), (0,))",14.5685,184.88323,199.45173,4490.601149406149,5114.759731268929,65.42132284512347,945.6332997909316,1011.0546226360548,180.04065339042117,889.964808465466,9.732217719835685,11.976584791717722,13.60613509868772,2.486343427510158,10.781496425413186
67,alex,GBLLLBGB,"((4, 3), (4,), (5,), (3,), (2,), (7,), (2, 0), (7,))",16.5852,173.78435000000002,190.36955,4564.856951104449,5152.261777286745,75.7090655054575,895.3824639956218,971.0915295010792,166.92679647503203,837.1014918793397,12.314339937751583,13.79787935032035,16.006426809839304,1.69188372593147,14.043732953609041
68,alex,GBLLLBGB,"((0, 6), (7,), (2,), (1,), (3,), (3,), (2, 0), (0,))",14.9771,208.0624,223.0395,4377.230224220225,4761.295340974423,65.55821479116874,990.6465357519568,1056.2047505431256,194.68235214206967,915.0053673415014,12.713957777851157,13.368561647636607,15.431536058839903,0.7499525160270677,14.565854349877934
69,alex,GBLLLBGB,"((3, 0), (4,), (2,), (2,), (0,), (1,), (4, 7), (7,))",38.2396,209.79795,248.03755,3784.429011242678,4507.3122527247415,144.7150516183155,945.6248706315326,1090.339922249848,229.17269847726794,974.7954810925661,7.6056433885643795,10.59710268324976,11.853198275783763,3.2377078042395673,8.231718545917149
70,alex,GBBGGGGL,"((1, 2), (0,), (6,), (2, 7), (2, 4), (4, 1), (3, 7), (2,))",27.599,259.61373000000003,287.21273,3656.6025308759854,4298.641136916936,100.91857324964631,1115.986259486447,1216.9048327360929,270.44325217037937,1113.3077195775536,5.838695878703097,8.513164741536213,9.305344006583312,2.8403056731116583,6.200738119750121
71,alex,GBBGGGGL,"((0, 7), (6,), (5,), (3, 7), (4, 4), (2, 6), (4, 4), (0,))",13.8742,174.01816,187.89236,4721.017103729606,5138.00429192487,65.5003355005653,894.1060529528687,959.606388453434,181.48244249251886,892.2013352791438,3.41148384504891,7.02423972842914,7.554915074544379,3.7403575778972575,3.5319766581526766
72,alex,GBBGGGGL,"((2, 4), (1,), (6,), (3, 2), (4, 0), (0, 4), (3, 7), (1,))",19.7662,230.03634,249.80254,3974.9713169591832,4382.985441837978,78.5700780452786,1008.2459293136914,1086.81600735897,238.7771855464269,1006.4729681102152,4.413627841243367,7.392515265209728,7.982632598628982,3.1164352790990155,4.6174237410254495
73,alex,GBBGGGGL,"((4, 7), (2,), (5,), (0, 7), (1, 7), (4, 1), (2, 5), (4,))",14.7631,196.93435,211.69745,4979.565406015553,4840.898407612286,73.51382204554821,953.3391813191606,1026.853003364709,203.01818920106797,943.4328504329583,4.0998419201232865,8.123865115883795,8.842192943935295,4.196054809845928,4.275114871769524
74,alex,GBBGGGGL,"((1, 6), (4,), (5,), (1, 4), (4, 0), (1, 2), (0, 7), (3,))",15.2048,200.32364,215.52844,4483.988361360861,4632.422727757272,68.17814623681963,927.9837828430658,996.1619290798856,203.78818140632427,914.5147135245446,5.447196942396892,8.196179072086721,8.92792804182144,2.9073512797025365,5.761010531944107
75,alex,GBBGGGGL,"((4, 0), (3,), (7,), (3, 2), (2, 0), (4, 1), (2, 0), (4,))",52.8197,169.97413,222.79383,3654.8339306603575,5021.210736300392,193.04723176730087,853.4759264493186,1046.5231582166195,215.20232098919948,973.8533980928682,3.407414384321386,6.943922793604287,7.462084156204929,3.661262804739402,3.5276148397960494
76,alex,GBBGGGGL,"((0, 7), (0,), (7,), (1, 6), (2, 2), (0, 1), (0, 6), (0,))",14.2394,318.80533,333.04473,4701.639685314686,4095.756267055532,66.94852813506994,1305.7489283182072,1372.697456453277,310.8578205516843,1251.6347321816154,6.661840722810926,8.819330414180184,9.672368556012167,2.3114765794363805,7.137317442726791
77,alex,GBBGGGGL,"((4, 3), (6,), (4,), (0, 0), (2, 3), (2, 1), (4, 6), (5,))",23.4686,173.33284999999998,196.80145,4036.4484707857496,5013.003109063075,94.72979458148244,868.9181159527635,963.647910534246,187.31877039369806,888.2649841148551,4.818399257882464,7.822662779147064,8.486535861200133,3.1563490189708694,5.06232215082966
78,alex,GBBGGGGL,"((3, 1), (3,), (1,), (4, 5), (4, 4), (0, 0), (0, 4), (3,))",36.7138,214.23168,250.94548,3606.9749973633457,4422.480283320045,132.42575865819842,947.4353808625292,1079.8611395207276,240.82404170331984,1005.718943882836,4.033321618974834,6.865900894516678,7.372059171088765,2.9516279226581212,4.202835491461922
79,alex,GBBGGGGL,"((1, 6), (4,), (5,), (1, 0), (0, 5), (3, 1), (2, 5), (1,))",15.3829,192.5139,207.8968,4451.179207181707,4676.8119909238885,68.47204462615548,900.3513159395225,968.823360565678,198.16956914701672,896.055163862064,4.678874736399645,7.510987003980372,8.120950543935002,2.9711276065497647,4.908539133860117
80,alex,LGLLBLLG,"((4,), (0, 5), (1,), (3,), (7,), (4,), (5,), (2, 5))",43.2249,232.1456,275.3705,3438.00955096203,4235.759604218412,148.60761903937865,983.312954777046,1131.9205738164246,250.75528505693165,1023.234936469626,8.93894405648693,9.60187842335529,10.62176763840637,0.7280108494234832,9.816429168174725
81,alex,LGLLBLLG,"((4,), (1, 4), (2,), (0,), (1,), (2,), (4,), (0, 3))",43.2547,231.9651,275.2198,3413.0453208285976,4102.790583269904,147.63025143884474,951.7042279272616,1099.3344793661065,247.85483809056817,987.1543687452527,9.94294811253836,10.204365707290346,11.363988670124945,0.2902799828253981,11.040721302939621
82,alex,LGLLBLLG,"((5,), (2, 7), (0,), (0,), (3,), (3,), (0,), (0, 1))",36.5266,243.3776,279.9042,3540.3261623376625,4125.720658301007,129.31607760124288,1004.107992087719,1133.424069688962,240.3044178861666,985.5568945823502,14.14761983344066,13.046059198936012,15.003413391905045,1.2830868898072987,16.479007111967462
83,alex,LGLLBLLG,"((0,), (0, 5), (5,), (4,), (2,), (4,), (4,), (1, 3))",121.685,255.12750000000003,376.81250000000006,3179.79012325014,4067.530761690072,386.93276114769327,1037.738954403084,1424.6717155507772,366.249505053688,1363.0871579890802,2.8032496125558657,4.3227191843201895,4.518020524274526,1.563292564522412,2.884098080832541
84,alex,LGLLBLLG,"((2,), (4, 0), (4,), (3,), (7,), (0,), (3,), (0, 6))",62.2512,197.7182,259.9694,3278.099381606712,4455.696983264288,204.06562022427573,880.9723872764451,1085.0380075007208,238.7595125926657,984.3076853393205,8.158609208366185,9.283575456810288,10.233621423638036,1.224901146147025,8.883368531380501
85,alex,LGLLBLLG,"((1,), (4, 1), (1,), (0,), (0,), (2,), (0,), (4, 6))",83.5915,230.94544,314.53694,3262.054392230576,4158.176427795738,272.6800197281422,960.311884714915,1232.9919044430571,288.7351957007572,1122.314518513114,8.20308873712666,8.97632705706499,9.861530266629078,0.842335879607162,8.936127179307775
86,alex,LGLLBLLG,"((5,), (2, 2), (1,), (2,), (3,), (2,), (2,), (3, 0))",37.1834,200.04298,237.22638,3551.484076923076,4254.405212999768,132.05625302586148,851.0638969360084,983.12014996187,209.23059922527332,871.4654551451523,11.801293251925305,11.35717692502266,12.812291543801956,0.5035406337319687,13.380347271569189
87,alex,LGLLBLLG,"((1,), (3, 4), (3,), (3,), (2,), (1,), (4,), (2, 6))",83.1195,198.6048,281.7243,3229.5592833951755,4249.140095417403,268.4393528561653,843.8996188223543,1112.3389716785196,263.1123609395056,1026.1912530276381,6.60643723686399,7.744736168048172,8.394898942737457,1.2188194748187606,7.073760804713249
88,alex,LGLLBLLG,"((1,), (1, 3), (0,), (5,), (0,), (0,), (4,), (2, 7))",83.1333,272.7339,355.8672,3238.916407455327,3935.094063805657,269.26180937590595,1073.2335508885656,1342.4953602644714,319.20416000590626,1201.8935233634495,10.302449901000644,10.473171160407091,11.698360476022325,0.19032990223035484,11.485765095735413
89,alex,LGLLBLLG,"((1,), (3, 6), (2,), (2,), (2,), (3,), (2,), (0, 5))",83.1955,209.4277,292.62319999999994,3214.7976729974284,4222.3268622463465,267.45669980385753,884.2722034084691,1151.7289032123267,274.68765841683404,1068.363822827418,6.129227478602484,7.238255474217261,7.803060961413266,1.1814412152216809,6.529431167944588
90,alex,LGGGGBLG,"((4,), (3, 5), (0, 4), (2, 5), (1, 1), (4,), (0,), (0, 0))",42.6917,201.0889,243.7806,3387.8617204301063,4429.566497519042,144.63357621008598,890.7366544629568,1035.370230673043,236.71791908918857,990.4871727876019,2.897146413952309,4.334976663976972,4.531412331077761,1.4807291412404548,2.983585246941286
91,alex,LGGGGBLG,"((1,), (3, 5), (1, 4), (1, 2), (4, 5), (0,), (0,), (0, 6))",83.2028,251.75020000000004,334.95300000000003,3213.2753730365266,4127.08606990314,267.3535082076835,1038.9947435153297,1306.3482517230132,332.0728591652713,1267.9005794276259,0.8598641704145675,2.9431410992188787,3.0323885736170197,2.1013456471204623,0.8673219612010798
92,alex,LGGGGBLG,"((2,), (4, 6), (2, 5), (3, 7), (1, 0), (7,), (1,), (3, 4))",62.4584,168.16392000000002,230.62232,3285.3482017995616,5011.144174614412,205.1975921272777,842.6936480883242,1047.8912402156018,226.50987603916795,1005.783317452112,1.783194254932503,4.018348579269177,4.1865799554280905,2.275735101931797,1.815569383880172
93,alex,LGGGGBLG,"((0,), (0, 2), (0, 0), (3, 4), (2, 1), (5,), (0,), (3, 2))",121.734,275.82756,397.56156,3175.9802841620626,4035.867441103914,386.6247839121845,1113.2034687631362,1499.8282526753208,391.8715332429587,1460.281958660608,1.431231620341078,2.6367215008899785,2.7081272750219365,1.2229937538690714,1.452013293732536
94,alex,LGGGGBLG,"((0,), (2, 6), (2, 6), (1, 6), (3, 6), (2,), (3,), (4, 5))",121.672,226.65401,348.32601,3199.085770461372,4203.923682761082,389.239163863576,952.8361604317672,1342.075324295343,341.7035124427742,1296.191991181243,1.9012354424023097,3.418834418864755,3.5398562424603304,1.5470113036657,1.9380829625902394
95,alex,LGGGGBLG,"((0,), (1, 4), (2, 1), (0, 3), (1, 0), (7,), (2,), (3, 4))",121.765,249.04782,370.81282,3183.426584483647,4243.185254943348,387.6299380596512,1056.756037599785,1444.3859756594363,365.54509077311667,1404.4554504765943,1.4205898347536416,2.764532878035716,2.843132202540992,1.3633100878056117,1.4410614066084853
96,alex,LGGGGBLG,"((2,), (4, 6), (2, 7), (0, 7), (0, 6), (6,), (1,), (4, 1))",62.1739,190.09108,252.26498,3274.4808320515654,4744.69890172865,203.58724380389083,901.9249385044128,1105.5121823083036,245.50036994382603,1058.7996714995977,2.6815493994346653,4.22541800590297,4.41183654151933,1.586408946033227,2.7554378259070775
97,alex,LGGGGBLG,"((5,), (2, 3), (4, 7), (0, 6), (2, 1), (1,), (4,), (0, 4))",37.0836,211.6601,248.7437,3537.576433066933,4391.116645706039,131.1860694132809,929.4241883418048,1060.6102577550855,240.97906363539244,1009.2082668833525,3.1215409132402367,4.846454246117868,5.093298634034488,1.7804921229526205,3.2221207301044497
98,alex,LGGGGBLG,"((5,), (0, 0), (3, 1), (3, 0), (3, 3), (1,), (3,), (1, 1))",36.4123,231.0907,267.503,3540.328406926406,4228.429846978342,128.9115000515264,977.1508132391178,1106.0623132906442,259.21701215352437,1056.504572577189,3.0975308114210387,4.480555943183344,4.690726571354651,1.4272341492876164,3.1965447705909527
99,alex,LGGGGBLG,"((0,), (4, 6), (2, 2), (1, 7), (2, 5), (3,), (0,), (3, 7))",121.708,210.49259000000004,332.20059000000003,3195.658844006526,4416.940348610307,388.9372465863463,929.7332138544868,1318.670460440833,328.8096912097217,1281.4401716188408,1.0207383407351431,2.8233201500203515,2.905347408842287,1.8211712019943915,1.0312648565201727
100,alex,LGGBGBGB,"((2,), (4, 1), (2, 3), (6,), (0, 6), (5,), (0, 7), (2,))",62.1774,182.90242999999995,245.07983,3085.676629328784,4571.31206887403,191.85935005242752,836.1040856853873,1027.9634357378147,236.10790215600082,1020.5024662125876,3.6608185357396277,0.7258010611896983,0.7311074467969916,3.046545995036035,3.7999269664728392
101,alex,LGGBGBGB,"((2,), (1, 3), (2, 6), (4,), (3, 0), (3,), (2, 3), (0,))",61.9431,199.95257,261.89567,3071.96895311792,4162.551783997773,190.28728005987867,832.3129269684396,1022.6002070283182,254.79270905906668,1026.378697192338,2.712133782484191,0.36949827880439207,0.3681380151746939,3.167539983247935,2.7877410492490555
102,alex,LGGBGBGB,"((0,), (2, 7), (2, 1), (2,), (4, 6), (2,), (2, 2), (0,))",121.7,228.33581000000004,350.03581,2991.031115274415,4042.28240458988,364.0084867288963,922.997827100778,1287.0063138296744,340.52252193145205,1292.2982839253639,2.717804235100397,0.41118447041199785,0.409500667261987,3.216404277175413,2.793732412936552
103,alex,LGGBGBGB,"((4,), (4, 1), (1, 2), (0,), (2, 0), (7,), (0, 4), (2,))",43.1928,194.51778,237.71058,3238.8130374510547,4573.313852652056,139.89340376401591,889.5908578611251,1029.484261625141,223.76475368412372,1002.0088514466731,5.866725122573961,2.668851890469435,2.74203268152768,3.3971762230397125,6.232360586852233
104,alex,LGGBGBGB,"((5,), (4, 7), (3, 0), (5,), (4, 3), (2,), (4, 1), (6,))",37.2787,158.15851000000004,195.43721,3391.2367568960844,4933.848074383255,126.42089768930204,780.3300600108249,906.750957700127,186.2732629392064,877.2219497522751,4.688946931238728,3.256573119343471,3.366195745123632,1.502841240104523,4.919625563108544
105,alex,LGGBGBGB,"((2,), (1, 1), (0, 0), (5,), (0, 0), (6,), (4, 5), (7,))",62.4015,224.82442,287.22592,3147.4908499561875,4207.017560968508,196.40815027354105,945.8402830745596,1142.248433348101,275.62696592103674,1125.5711894598874,4.038268579299261,1.4600364860497144,1.4816693998907513,2.6867294442056946,4.208207292129089
106,alex,LGGBGBGB,"((1,), (4, 1), (2, 5), (2,), (3, 0), (4,), (3, 3), (1,))",82.8884,181.4154,264.3038,3058.1557011440946,4522.71896814245,253.4856330187122,820.4908706931498,1073.976503711862,260.06137513066216,1070.5996218565385,1.6051319993650741,0.31442790821329775,0.3154196757016913,1.3117595636628605,1.6313167871262524
107,alex,LGGBGBGB,"((5,), (1, 3), (1, 5), (5,), (0, 7), (3,), (1, 4), (2,))",37.0389,203.45346,240.49236,3377.994450549452,4285.234647068117,125.11719865445608,871.8458158578873,996.9630145123432,229.0385898653518,977.5982935723928,4.762633679776014,1.9423710466754398,1.9808464342942655,2.9612984294607587,5.000803638103818
108,alex,LGGBGBGB,"((5,), (3, 5), (3, 0), (7,), (0, 7), (3,), (2, 3), (5,))",37.164,169.60101000000003,206.76501,3407.061239825391,4685.658777804341,126.62002391687084,794.692461230982,921.3124851478528,194.3291057618997,883.8210343663413,6.0145109842812765,4.069352297499241,4.241973128461587,2.069637246295236,6.399403830601321
109,alex,LGGBGBGB,"((1,), (2, 7), (0, 6), (0,), (0, 0), (4,), (3, 6), (7,))",83.4679,238.72811000000007,322.19601000000006,3116.283065730521,4095.364494393218,260.10960330208854,977.6786255075988,1237.7882288096876,310.273737247442,1214.459888343608,3.7003166962117424,1.8846794567203977,1.9208819237246946,1.8854031261595265,3.8425014177239567
110,alex,BBBBLLBB,"((7,), (5,), (2,), (3,), (3,), (4,), (5,), (5,))",13.5998,185.6274,199.2272,4818.015945165946,4832.924189343895,65.52405325106783,897.1231516650149,962.6472049160828,181.22860558508646,903.2323573265791,9.034205377033635,6.172027227221126,6.57802470289728,3.1464334057385273,9.9314312753255
111,alex,BBBBLLBB,"((2,), (0,), (6,), (2,), (3,), (3,), (2,), (2,))",30.235,292.93179999999995,323.1668,3430.635511908113,3907.891213480198,103.7252647025418,1144.7456073689384,1248.4708720714802,297.99659903568323,1182.87503106728,7.788609771893892,5.254094626602125,5.545458250565551,2.748592271542659,8.446472559004874
112,alex,BBBBLLBB,"((5,), (3,), (4,), (2,), (3,), (2,), (5,), (5,))",17.2213,201.7485,218.9698,4181.854065517815,4427.494788387163,72.01696341850194,893.2404323149276,965.2573957334296,198.08828069328735,898.6283262809818,9.536255367960628,6.9027256094547855,7.41453029064814,2.911143872296814,10.54152180716074
113,alex,BBBBLLBB,"((4,), (7,), (5,), (7,), (2,), (4,), (2,), (7,))",19.7463,186.7871,206.5334,4037.9063877788894,4960.515664482343,79.7337109049983,926.56033547323,1006.294046378228,186.29103054778517,925.780445756708,9.801014970079818,8.001001388341514,8.696835301561205,1.99560292296107,10.865992524005321
114,alex,BBBBLLBB,"((6,), (6,), (6,), (5,), (3,), (0,), (5,), (2,))",16.281,191.9305,208.2115,4330.037253302254,4849.09545555857,70.49733652101399,930.6893153330842,1001.1866518540982,186.87691620490673,924.0249846485232,10.246592428897188,7.707021169597023,8.350603986636283,2.8294984313417966,11.41638262678753
115,alex,BBBBLLBB,"((4,), (6,), (4,), (7,), (3,), (3,), (5,), (5,))",20.3273,183.3073,203.6346,3945.1241978854496,4862.883765361427,80.1937231076769,891.4020932422368,971.5958163499135,184.34170371986744,893.6977634331244,9.474272191529616,8.01753688168772,8.716375502333708,1.6091948058390557,10.46583377001374
116,alex,BBBBLLBB,"((0,), (7,), (6,), (3,), (4,), (0,), (2,), (2,))",60.2606,253.4176,313.6782,3204.2528745157338,4331.054329733434,193.0902007700428,1097.5653937106556,1290.6555944806985,296.1122141539905,1234.5525444506106,5.600002118734896,4.34686451366301,4.544403580250567,1.327476306353378,5.9322057673968285
117,alex,BBBBLLBB,"((6,), (3,), (6,), (1,), (0,), (5,), (0,), (7,))",14.8403,236.54790000000003,251.3882,4645.75746031746,4362.057963093752,68.9444344383492,1031.8356508481047,1100.780085286454,225.38754274731988,1017.2492070831721,10.342831227830157,7.588334792734273,8.211446872767372,3.0722545367179825,11.535977958564134
118,alex,BBBBLLBB,"((2,), (7,), (4,), (5,), (2,), (2,), (4,), (5,))",29.6222,197.3911,227.0133,3548.99417654707,4722.623117699655,105.1290152965126,932.2037720881644,1037.332787384677,207.09522295515518,960.155586806249,8.773969210105667,7.439965411004424,8.037989013337047,1.4623060847332432,9.617835100502498
119,alex,BBBBLLBB,"((5,), (3,), (0,), (2,), (3,), (4,), (1,), (1,))",19.0745,231.6052,250.6797,3980.769996376174,4219.017715416426,75.93119729587733,977.1464417825644,1053.0776390784415,230.01107127154208,992.941508914598,8.245034890522813,5.710512495210631,6.056361792103885,2.7622727470803636,8.985927770432127
120,alex,LGLBGGBB,"((1,), (2, 6), (0,), (3,), (4, 1), (1, 2), (7,), (5,))",83.1128,221.58730000000003,304.7001,3126.9815442135136,4163.733261572093,259.8921916879089,922.630411351954,1182.522603039863,283.87688007744674,1117.1309928418423,6.834004951935782,5.5298401933224115,5.853531109335045,1.399829152192867,7.335299696429069
121,alex,LGLBGGBB,"((4,), (1, 7), (2,), (1,), (0, 0), (2, 5), (6,), (4,))",43.1475,213.889,257.0365,3325.9011489063537,4224.306287022268,143.50431982243688,903.532647424906,1047.036967247343,233.51030012562242,974.8371551304821,9.15286345494806,6.89563161333969,7.40634594576947,2.4846483086332487,10.075015903675798
122,alex,LGLBGGBB,"((4,), (0, 0), (0,), (5,), (0, 7), (0, 7), (1,), (4,))",43.3202,280.8222,324.1424,3332.100279525072,3911.188819899295,144.34725052908203,1098.348649019524,1242.695899548606,296.39481930127954,1171.3406253165763,8.5603058096443,5.741973901897363,6.0917612426141705,3.0821755613922273,9.361695580284623
123,alex,LGLBGGBB,"((3,), (4, 5), (4,), (2,), (1, 7), (4, 2), (5,), (0,))",50.2103,173.6862,223.8965,3212.9148510587625,4739.133978117978,161.32141854611578,823.1221719501948,984.4435904963104,204.54764921749674,914.5538033866518,8.641872821818682,7.099420198817434,7.641954672415362,1.6883584095292477,9.459336666308737
124,alex,LGLBGGBB,"((4,), (0, 0), (3,), (5,), (3, 7), (4, 3), (1,), (4,))",43.1723,216.5423,259.7146,3312.715711064797,4229.72272407581,143.01755649280273,915.9138870336412,1058.931443526444,244.3084612230815,1013.4034212583255,5.931949446399436,4.299430576591572,4.492586201414935,1.735465825219425,6.306019324828444
125,alex,LGLBGGBB,"((3,), (3, 6), (3,), (1,), (0, 7), (0, 2), (2,), (2,))",51.2112,218.4705,269.6817,3238.162050354167,4156.341621761868,165.8301643930973,908.038032277126,1073.8681966702234,245.0132937790183,999.8250056875329,9.14723031669619,6.8949980279031,7.4056150387811535,2.4789913358106337,10.068190929766665
126,alex,LGLBGGBB,"((1,), (1, 6), (4,), (0,), (3, 7), (1, 1), (0,), (4,))",83.1047,246.6176,329.7223,3108.731026592456,3954.8608040232266,258.3501593456581,975.3382798222784,1233.6884391679366,316.88150827790554,1208.9435417549782,3.894426225370404,2.005765526152423,2.046819934786797,1.9651937187815374,4.052237630361538
127,alex,LGLBGGBB,"((5,), (2, 2), (0,), (3,), (0, 0), (1, 6), (7,), (7,))",37.3311,220.8867,258.21779999999995,3531.569882450884,4234.065501328591,131.8373884387622,935.2487561723182,1067.0861446110805,225.36865835809888,959.8918988908621,12.721486141505766,10.045510033239854,11.167324762723743,3.0660193327816248,14.575736431684984
128,alex,LGLBGGBB,"((2,), (2, 2), (0,), (0,), (0, 7), (4, 1), (2,), (7,))",62.2395,232.47640000000004,294.71590000000003,3207.99997836626,4098.649588813623,199.66431465352684,952.8393012688716,1152.5036159223982,269.0358674071639,1073.1028249126648,8.71348732553491,6.8894179517333285,7.399178267580794,1.998180585894829,9.545207797134157
129,alex,LGLBGGBB,"((4,), (3, 3), (3,), (6,), (2, 6), (4, 0), (4,), (4,))",43.2396,166.7371,209.9767,3332.4739166982445,4696.317703379556,144.09483916846543,783.0503945401674,927.1452337086328,188.90702786959235,849.3971368953216,10.034290533381865,8.385751658595535,9.153326922844638,1.8324080191887204,11.153461238590134
130,alex,LGGLGBBB,"((5,), (1, 6), (2, 2), (2,), (2, 7), (3,), (3,), (3,))",37.2115,193.09990000000005,230.31140000000005,3461.977781910522,4373.846757719763,128.8253862315634,844.5893715310107,973.414757762574,214.2936706607639,923.4912803276018,6.95481393419351,5.128695351786428,5.40595006130024,1.9626147892439638,7.474662825946422
131,alex,LGGLGBBB,"((3,), (1, 2), (2, 3), (4,), (2, 3), (5,), (3,), (5,))",50.808,190.8512,241.6592,3273.200178559605,4353.772727769581,166.30475467225642,830.922749622098,997.2275042943544,227.2895749489159,952.7329852604561,5.946235463447733,4.461822286518558,4.6701982320612645,1.5782602474697172,6.322166361705634
132,alex,LGGLGBBB,"((5,), (4, 5), (3, 2), (2,), (1, 7), (0,), (5,), (0,))",36.3328,216.1785,252.5113,3417.287287878789,4410.465513476209,124.15961557304244,953.4478190050168,1077.6074345780592,236.5053142651167,1021.9015917114201,6.338720578003161,5.169400384514873,5.451194451448716,1.248456353259767,6.767706588166128
133,alex,LGGLGBBB,"((1,), (0, 2), (2, 2), (2,), (0, 7), (4,), (4,), (2,))",83.1163,247.6588,330.7751,3102.566370593692,4020.1067421216135,257.87383722817646,995.6148116257484,1253.4886488539248,317.2491486128882,1226.1586753337344,4.08916855806614,2.1803128050005403,2.2289100154799875,1.9902400222870045,4.263510696955851
134,alex,LGGLGBBB,"((3,), (4, 4), (2, 6), (1,), (2, 4), (2,), (7,), (1,))",50.2221,184.4421,234.6642,3226.043839027774,4597.574197184339,162.01869628803678,847.9862398344936,1010.0049361225304,214.7096855491313,937.9494177145981,8.503433608905272,7.134174876863248,7.682239260140725,1.4965137884947772,9.29371881842871
135,alex,LGGLGBBB,"((4,), (2, 0), (4, 2), (3,), (3, 1), (4,), (1,), (6,))",43.1668,180.0367,223.2035,3368.7191310471144,4473.385159583556,145.4168249860846,805.3735019603968,950.7903269464814,210.07719464165183,901.016139608496,5.880868964128324,5.235032995953808,5.5242281630618795,0.6861898968535666,6.248324755449487
136,alex,LGGLGBBB,"((5,), (1, 0), (2, 5), (5,), (2, 0), (3,), (1,), (1,))",36.4601,202.09950000000003,238.5596,3438.2347878787896,4272.385130944235,125.35838418953944,863.4468987712646,988.805282960804,224.5033592080773,948.7695727764062,5.892129594416941,4.048897277785355,4.219750646855214,1.9586377937229746,6.261038071548368
137,alex,LGGLGBBB,"((5,), (0, 4), (0, 6), (4,), (3, 4), (0,), (4,), (0,))",36.3151,276.3864,312.7015,3427.8468051948057,3981.126476487182,124.48259951532988,1100.3292147809768,1224.8118142963067,301.6452267154893,1198.5281748545203,3.5357276138780027,2.145932880055305,2.1929930387307435,1.4407352063567114,3.6653234678694173
138,alex,LGGLGBBB,"((0,), (3, 2), (1, 4), (4,), (1, 5), (1,), (4,), (3,))",121.608,235.8724,357.4804,3077.6622827584174,4061.898740526658,374.2683548816856,958.089804485,1332.3581593666856,344.07920430930307,1299.9016460696253,3.7487917353502205,2.4360201548574634,2.4968437723881496,1.3639014035888144,3.8947996632339748
139,alex,LGGLGBBB,"((5,), (4, 2), (2, 5), (2,), (0, 4), (7,), (1,), (5,))",37.135,179.75220000000002,216.8872,3511.0904717528856,4843.129779519891,130.3843446685434,870.5632327542154,1000.9475774227589,202.7805054582847,947.570632047093,6.5041618600430615,5.332641446927808,5.6330307810777605,1.253018782891256,6.956632497701942
140,alex,BLLGGGBG,"((5,), (4,), (0,), (1, 5), (4, 1), (1, 7), (2,), (2, 5))",17.9898,194.8741,212.8639,4166.067450882451,4476.12116418648,74.94672022788512,872.2800833617927,947.2268035896776,199.99545687627946,896.0168324499698,6.045385395889364,5.4063051156955115,5.715291196001846,0.6802010554635329,6.434367722503392
141,alex,BLLGGGBG,"((4,), (1,), (0,), (3, 5), (1, 4), (0, 5), (1,), (2, 4))",21.1413,241.81080000000003,262.95210000000003,3867.289652014652,4042.1665183182113,81.75953072013736,977.4395195277416,1059.1990502478789,249.98966397438915,1022.2788638425786,4.92958072044714,3.485670271009022,3.61155724833469,1.5187799321599071,5.18518878722076
142,alex,BLLGGGBG,"((4,), (3,), (5,), (3, 5), (4, 4), (4, 7), (2,), (0, 2))",21.8334,167.89129999999997,189.7247,3817.109928404928,4835.494492541414,83.34048791083615,811.8374564956181,895.1779444064542,182.8339114219893,849.1214177710528,3.631993397807823,5.144957706251249,5.424021308554417,1.5699860999397406,3.7688788280126193
143,alex,BLLGGGBG,"((1,), (5,), (1,), (2, 3), (0, 5), (2, 7), (7,), (0, 2))",42.1722,217.00520000000003,259.17740000000003,3346.477375411244,4366.528620864433,141.12831317131804,947.5594166764106,1088.6877298477286,244.7378527163015,1037.120617434366,5.571298764359293,4.736630256738091,4.972142251007366,0.8839139972266923,5.9000057095527225
144,alex,BLLGGGBG,"((3,), (3,), (3,), (0, 5), (3, 4), (4, 6), (5,), (0, 3))",25.1347,192.9487,218.0834,3623.14280462185,4504.054816326944,91.0666074513288,869.0515215390227,960.1181289903516,206.94470665482692,913.6483527786002,5.107538375306463,4.8400061209778915,5.086177419400677,0.2819320415426559,5.382449024778325
145,alex,BLLGGGBG,"((5,), (0,), (1,), (4, 2), (3, 7), (4, 0), (4,), (1, 4))",18.3354,216.90490000000003,235.2403,4137.555944055944,4358.192835133417,75.86374325664335,945.3133810853304,1021.177124341974,218.0571632523074,955.4787237385051,7.304503840410254,6.433595018670602,6.875966881440397,0.9395373646204542,7.8801065240908885
146,alex,BLLGGGBG,"((0,), (0,), (3,), (1, 3), (2, 4), (3, 5), (4,), (3, 3))",59.3238,279.36557,338.68937,3274.7307216850827,3911.083388014793,194.2694703871015,1092.6220400102836,1286.8915103973852,320.4054545295571,1228.877244331399,5.398432041266273,4.508092997526401,4.720916294413959,0.9411461807147278,5.706493198528301
147,alex,BLLGGGBG,"((5,), (5,), (4,), (0, 7), (3, 7), (0, 1), (7,), (3, 1))",19.9601,193.57676,213.53686,4028.54131344146,4636.769839074669,80.41008747042288,897.5708823137959,977.9809697842188,206.69475194675132,950.6213855045066,3.2041812609067426,2.797557940800094,2.878073720716052,0.42008355877713954,3.3102475940034166
148,alex,BLLGGGBG,"((3,), (5,), (0,), (2, 3), (2, 3), (3, 2), (6,), (1, 0))",26.7369,191.3106,218.0475,3586.0136419007545,4510.046617060174,95.87888814213628,862.8197243377521,958.6986124798884,202.9164179731176,902.8388994663947,6.939351300465453,5.826618739856119,6.187118548670044,1.195706860159567,7.4568052097622575
149,alex,BLLGGGBG,"((4,), (4,), (0,), (2, 7), (2, 0), (2, 7), (1,), (4, 4))",21.2037,188.51730000000003,209.72100000000003,3952.6867815517808,4492.5186501928,83.8115847099895,846.9174861339912,930.7290708439808,204.6007256719476,898.0795211438963,2.441469537171972,3.507954218135476,3.63548538090461,1.0931741959457553,2.502568996877443
150,alex,LLBBGGGL,"((4,), (5,), (7,), (3,), (0, 3), (1, 6), (2, 5), (3,))",41.3932,178.35962999999995,219.75283,3315.40666313088,4635.69513968936,137.23529108830914,826.8208699077923,964.0561609961014,205.31671890327166,908.6923627000651,6.569249231843033,5.742798037702721,6.092688853632471,0.8845601553508969,7.031142506972083
151,alex,LLBBGGGL,"((1,), (5,), (7,), (3,), (0, 3), (2, 4), (3, 7), (2,))",82.3314,192.48619,274.81759,3120.15135016521,4493.555354394851,256.88642887099195,864.9473497215646,1121.8337785925564,262.04793492187963,1071.601351963054,4.646593064920031,4.477706732322115,4.687603887162169,0.17711620174504913,4.87302259486501
152,alex,LLBBGGGL,"((1,), (3,), (0,), (0,), (2, 4), (2, 7), (4, 7), (4,))",81.835,227.80907,309.64406999999994,3109.445331338105,4062.461455770057,254.4614586900538,925.4655661498228,1179.9270248398766,291.4528676028739,1129.047584165455,5.874875109710987,4.3120836800332025,4.506403573063718,1.66033397724503,6.2415588999840965
153,alex,LLBBGGGL,"((0,), (1,), (1,), (4,), (3, 2), (4, 5), (0, 5), (2,))",120.519,250.79858,371.31758,3062.5548019002454,3979.366477634672,369.0960421702157,998.0194618903774,1367.1155040605931,349.74756478099556,1314.0381065075435,5.809047667229885,3.8824369554291267,4.039258625011955,2.045430759627706,6.1673096230165845
154,alex,LLBBGGGL,"((0,), (4,), (4,), (4,), (4, 0), (3, 6), (1, 7), (0,))",120.742,204.78933,325.53133,3055.877152290437,4281.376120650574,368.972719121852,876.7801472260303,1245.7528663478822,313.37938909546426,1213.5314096933917,3.732955873874187,2.5865047173403473,2.6551811017921314,1.1909071966848739,3.8777090413032655
155,alex,LLBBGGGL,"((4,), (1,), (4,), (1,), (3, 0), (1, 0), (3, 4), (2,))",41.4492,203.57757,245.02677,3301.488067824257,4145.893558125701,136.8440392208612,844.010936041884,980.8549752627453,230.01243064951686,936.1912086772227,6.127632238095104,4.55355457350444,4.770795343039977,1.67682748621311,6.52762083687614
156,alex,LLBBGGGL,"((2,), (4,), (1,), (1,), (0, 0), (3, 5), (4, 6), (5,))",60.2085,202.90591,263.11441,3171.477686017752,4241.767421527645,190.94991425859985,860.6796786734203,1051.6295929320202,242.08510541130852,988.6305026758926,7.992456433188703,5.99061596207858,6.372359550470078,2.1757351555163345,8.68674037296189
157,alex,LLBBGGGL,"((5,), (0,), (7,), (5,), (4, 3), (2, 3), (3, 3), (4,))",35.2834,198.71562,233.99902,3449.0209047074213,4397.921503987044,121.69318418915384,873.935698376118,995.628882565272,222.14935146283,949.9636377226152,5.063982121450767,4.586572933179548,4.807051873283467,0.5028746717415129,5.33409999135319
158,alex,LLBBGGGL,"((1,), (0,), (5,), (5,), (4, 3), (3, 1), (2, 1), (2,))",82.3026,220.36392,302.66652,3101.624977227643,4113.466450535974,255.2717998507758,906.4595918285934,1161.7313916793692,294.1607273178718,1140.702035719506,2.8102852876255273,1.8101736864890599,1.8435450539543072,1.0290302879231803,2.891545978854196
159,alex,LLBBGGGL,"((0,), (1,), (0,), (2,), (2, 7), (4, 3), (4, 4), (2,))",120.437,258.58154999999994,379.01855,3060.652998513623,3953.6595337418494,368.6158651819852,1022.3434104072444,1390.9592755892295,353.8154964836181,1329.7867638327368,6.64955673446112,4.397865043933738,4.600174510699743,2.412084626231886,7.123219239084061
160,alex,GLGGBBBL,"((0, 1), (2,), (4, 3), (0, 2), (0,), (6,), (6,), (5,))",36.1955,224.98147,261.17697,3374.1394551374547,4279.325387373414,122.12866464842774,962.76891625959,1084.8975809080175,243.32075087359937,1031.1849416278535,6.836827583381727,4.9509410128105,5.208826963218841,2.0242833317629847,7.338551710978661
161,alex,GLGGBBBL,"((0, 3), (0,), (0, 0), (4, 1), (6,), (3,), (3,), (5,))",22.7609,251.97672,274.73762,3658.276655756093,4017.431213601703,83.26566913399886,1012.2991400289764,1095.5648091629753,257.33612164567387,1041.4155824379045,6.33386077753972,4.942585438322124,5.1995790766170416,1.4853557013952194,6.762167022275343
162,alex,GLGGBBBL,"((0, 3), (5,), (2, 5), (1, 2), (2,), (7,), (0,), (5,))",22.7867,211.04681,233.83351,3668.435421065862,4495.021376888602,83.59153740920148,948.6599224741472,1032.2514598833488,221.97476641192569,993.4433166676528,5.07144745339293,3.7595629285989727,3.9064275298435454,1.3819704289179695,5.342383632051069
163,alex,GLGGBBBL,"((2, 7), (1,), (2, 2), (1, 2), (1,), (0,), (3,), (4,))",14.7036,253.25438000000003,267.95798,4599.805007215008,3976.0262340490353,67.6336929040866,1006.9460587678234,1074.57975167191,249.85841207938017,1019.1885566626149,6.754629185001263,5.154684417151289,5.434832901840688,1.7158436433528874,7.24392978006663
164,alex,GLGGBBBL,"((4, 5), (5,), (4, 6), (3, 4), (1,), (5,), (2,), (2,))",17.6454,150.37993999999998,168.02533999999997,4227.88031968032,5157.953178574517,74.60263939288711,775.6526895168449,850.255328909732,162.93478757632383,814.8462551556652,3.0296337586200655,4.1645224146341215,4.3454913770576855,1.1703458489463476,3.1242882501636253
165,alex,GLGGBBBL,"((4, 6), (0,), (2, 2), (3, 2), (1,), (1,), (0,), (5,))",16.1896,253.89930000000004,270.0889,4498.925944888445,4031.6583955264646,72.83581147736597,1023.6352444632928,1096.4710559406587,251.89495958785363,1036.926661409271,6.736278466884936,5.430548686969654,5.742392084938957,1.4000403999015472,7.222828293950386
166,alex,GLGGBBBL,"((2, 6), (0,), (2, 3), (4, 7), (6,), (1,), (6,), (5,))",16.1519,226.84765,242.99955,4326.2089013764025,4238.823059862389,69.87649355414152,961.5670498955922,1031.4435434497336,229.92116627066193,974.3464637486462,5.382060884202489,5.535647594450231,5.860038684947379,0.1623230348103179,5.688203457502586
167,alex,GLGGBBBL,"((2, 4), (0,), (1, 3), (4, 6), (1,), (2,), (6,), (2,))",20.4121,232.26875,252.68085,3828.347436044349,4128.19979295338,78.14461069928085,958.8518056595404,1036.9964163588213,233.88387070614874,971.4104552681375,7.439020129088235,6.324608268269052,6.751621905549708,1.2039758679881887,8.036885671978537
168,alex,GLGGBBBL,"((2, 0), (2,), (3, 0), (1, 5), (0,), (3,), (5,), (5,))",53.4505,203.64263,257.09313,3301.662252398834,4241.0492599667095,176.47549822184388,863.6584252591745,1040.1339234810184,238.37526358373074,978.2234404079693,7.280578215477493,5.952164589138021,6.328869306917159,1.4327242348713738,7.852268786142088
169,alex,GLGGBBBL,"((3, 3), (2,), (3, 0), (4, 5), (0,), (5,), (6,), (0,))",23.4383,178.18407000000002,201.62237,3686.947154750564,4611.926151338524,86.41577349719014,821.7717721849341,908.1875456821242,190.73320878044382,861.3241986871743,5.400770370646954,5.160095755304774,5.440848761288567,0.2544149844403262,5.7091060802583655
170,alex,BGLGGLLL,"((6,), (1, 6), (5,), (2, 2), (0, 2), (1,), (5,), (2,))",17.6311,209.0642,226.6953,4355.733463252435,4330.898549938569,76.79637226395,905.435840624067,982.2322128880172,203.63502345250782,908.0866182178805,10.172366408784029,7.5486828569925875,8.1650354913992,2.9207978067542153,11.324317475706897
171,alex,BGLGGLLL,"((4,), (2, 4), (3,), (4, 3), (4, 6), (2,), (0,), (0,))",22.5279,190.3816,212.9095,3782.2827243589736,4378.9342483453975,85.20688698608652,833.6685084947941,918.8753954808806,194.12904707544857,848.809355982126,8.820861880071787,7.625194867916391,8.254626201390504,1.3113383574461313,9.674210638479249
172,alex,BGLGGLLL,"((0,), (0, 1), (3,), (0, 1), (0, 0), (4,), (0,), (2,))",62.2035,316.9347,379.1382,3239.805056288361,3751.235051708821,201.52721381883305,1188.8965557428198,1390.423769561653,357.5959430844664,1339.2738259381463,5.681900930988644,3.6787305239777597,3.8192296924549227,2.123845186431489,6.024189404868387
173,alex,BGLGGLLL,"((6,), (4, 0), (2,), (0, 3), (0, 4), (2,), (3,), (3,))",17.5111,194.8464,212.3575,4375.6404951992445,4515.787049858441,76.6222782754835,879.8848498315376,956.5071281070212,195.92682796354754,895.4579944178381,7.737269480217299,6.382506924961723,6.817643493023143,1.468374659652091,8.386126702112183
174,alex,BGLGGLLL,"((2,), (0, 7), (4,), (4, 4), (4, 1), (5,), (1,), (5,))",32.2553,230.3867,262.642,3553.773207599037,4221.816704379004,114.62802094306922,972.6504185267542,1087.2784394698233,242.70139564744463,1022.6960252385834,7.592313625602672,5.939822945696547,6.314917887372605,1.7882610686852676,8.216106174157186
175,alex,BGLGGLLL,"((1,), (3, 6), (5,), (3, 5), (3, 2), (2,), (0,), (0,))",42.2341,206.8088,249.04290000000003,3335.347077996716,4254.59449574521,140.86538202682112,879.887582151672,1020.7529641784932,227.97110262143428,947.0470797569163,8.461111470580267,7.220736751021414,7.7827054216243825,1.3550248855820601,9.243187902440987
176,alex,BGLGGLLL,"((7,), (2, 0), (0,), (2, 5), (1, 6), (5,), (1,), (4,))",15.8569,207.8594,223.7163,4799.258278943278,4444.13610112706,76.10135860337566,923.75546349861,999.8568221019856,197.47710409275462,911.501879274947,11.72878145546184,8.836759511355954,9.69333633160696,3.276290949406907,13.287209181941865
177,alex,BGLGGLLL,"((1,), (2, 2), (0,), (2, 4), (0, 0), (1,), (4,), (5,))",42.3337,252.9421,295.2758,3397.499119805484,3928.534046873856,143.82870848810944,993.6916517377716,1137.5203602258812,261.82827139259933,1031.1322638032207,11.327554986694023,9.352632281811173,10.317599415448363,2.227211288226571,12.7746054425298
178,alex,BGLGGLLL,"((1,), (4, 4), (3,), (3, 0), (4, 2), (4,), (5,), (4,))",42.3446,190.6297,232.97430000000003,3390.9977191371845,4511.537986499455,143.59044201777644,860.0331329049951,1003.6235749227716,217.35230365771343,939.9193692491656,6.705459075222714,6.347420214646513,6.777624523739164,0.3837725734294414,7.1874077612207525
179,alex,BGLGGLLL,"((7,), (4, 4), (1,), (1, 7), (3, 5), (0,), (5,), (5,))",15.9708,191.2242,207.195,4883.909681984682,4721.240533136707,77.99994474904096,902.8154439566404,980.8153887056814,186.52999314722334,901.1277339541373,9.973699583859,8.124633409015198,8.843103119451847,2.0539177621390734,11.078650947285608
180,alex,LGGLLGLB,"((1,), (4, 3), (2, 1), (4,), (5,), (1, 2), (2,), (3,))",83.0211,182.84227000000004,265.86337000000003,3120.5862315396867,4413.021775977541,259.0745015872795,806.8869190791653,1065.9614206664448,253.86174061031275,1027.203648151111,4.514209456416384,3.6359451443469837,3.773134235367521,0.9197853492855824,4.7276243205588955
181,alex,LGGLLGLB,"((5,), (2, 1), (2, 3), (0,), (1,), (1, 5), (4,), (4,))",37.2195,209.24023,246.45973,3465.886701080722,4169.253716919559,128.99857007087394,872.3756066566035,1001.3741767274774,216.0109390194015,910.6677851956321,12.354469016337278,9.058191597098773,9.960426074845675,3.7609189906704374,14.095948621316667
182,alex,LGGLLGLB,"((1,), (1, 4), (4, 1), (0,), (0,), (0, 7), (5,), (6,))",83.0449,258.02133,341.06623,3130.109702484927,3985.6071223962936,259.9396472318905,1028.3716505781645,1288.3112978100548,314.87421853710356,1220.008543731703,7.679450253077374,5.301727478013801,5.598547192909874,2.575507599967287,8.318245801318312
183,alex,LGGLLGLB,"((5,), (1, 3), (3, 1), (3,), (1,), (1, 7), (0,), (3,))",37.1303,202.18533,239.31563,3448.257356100421,4239.848793613615,128.03483010921545,857.2352274868707,985.2700575960862,219.20129832067175,928.53551395644,8.404938565578957,5.758273399485021,6.110110252854351,2.889528239455184,9.176191853527609
184,alex,LGGLLGLB,"((3,), (0, 5), (0, 7), (0,), (2,), (0, 0), (3,), (0,))",50.2212,283.85709999999995,334.0783,3210.9759784164453,3846.902951818786,161.259066807248,1091.97071588472,1253.229782691968,307.4509668341976,1191.7419076255555,7.970386931986434,4.906352842519831,5.159495917108576,3.3294001651426655,8.66067634783601
185,alex,LGGLLGLB,"((1,), (0, 2), (1, 7), (5,), (1,), (0, 2), (5,), (3,))",83.0529,263.53891,346.59181,3105.315201762523,3898.5876476322255,257.9054329204626,1027.4295391964608,1285.3349721169234,332.2864101147481,1262.9039247946955,4.12744891036286,1.7451518716000032,1.7761483579104689,2.48485829540043,4.305141423121045
186,alex,LGGLLGLB,"((0,), (3, 2), (2, 4), (0,), (2,), (4, 5), (4,), (2,))",121.477,221.06686,342.54386,3066.2547846941907,4182.2926095382,372.4794324802962,924.566294791816,1297.045727272112,324.28448348447586,1248.623992377536,5.33052220393737,3.733232674565316,3.8780077261189585,1.6872275696005694,5.6306661112258425
187,alex,LGGLLGLB,"((1,), (2, 5), (4, 3), (2,), (3,), (4, 3), (5,), (7,))",83.0467,188.65637000000004,271.70307,3149.581068987404,4410.659954495816,261.5623141618762,832.099096319546,1093.661410481422,258.77564240024606,1051.479845855629,4.757924744742107,3.8569125893566105,4.011637958830136,0.9460232286735683,4.995612214444531
188,alex,LGGLLGLB,"((3,), (2, 4), (2, 7), (4,), (5,), (1, 3), (0,), (5,))",50.8848,190.99707,241.88187,3249.660162151421,4258.187637014675,165.35830741904263,813.3013621800264,978.659669599069,221.83604457580563,915.9842134364113,8.287444372823131,6.404213651547958,6.842416631562258,2.0534055652431453,9.036324760715043
189,alex,LGGLLGLB,"((5,), (4, 7), (4, 6), (4,), (5,), (3, 4), (3,), (6,))",37.1395,144.68103000000002,181.82053,3505.501417804417,5126.0854410342245,130.1925699065471,741.6473214768359,871.839891383383,166.02797237735896,806.7804746827064,8.685794515416399,7.462312443336842,8.064079231251029,1.3398595164759106,9.511986080723007
190,alex,LBBGBLGG,"((1,), (4,), (7,), (1, 5), (3,), (4,), (4, 5), (1, 3))",83.057,215.66700000000003,298.72400000000005,3095.731234833959,4400.8910603490185,257.1221491716042,949.126972312292,1206.249121483896,285.19664385639885,1159.5192622166362,4.528379421673917,3.873980791776576,4.030106337166582,0.6854378567508037,4.743168068419633
191,alex,LBBGBLGG,"((3,), (1,), (3,), (1, 7), (7,), (1,), (1, 7), (1, 6))",50.8861,246.884,297.7701,3238.9993791587385,4069.953504937746,164.82004630780946,1004.8064011130504,1169.62644742086,275.7268929561187,1102.1346077003864,7.402760399342074,5.770375650217179,6.1237383572679835,1.762887053831028,7.994580001809771
192,alex,LBBGBLGG,"((2,), (2,), (1,), (2, 1), (4,), (5,), (3, 0), (0, 4))",62.2015,240.8691,303.0706,3155.3876651913224,4117.434131988546,196.2698458563981,991.7626536813624,1188.0324995377605,281.0004224972774,1122.1844942533128,7.2821901902469675,5.542609761102313,5.867841306100216,1.8762095790593922,7.854143885828666
193,alex,LBBGBLGG,"((2,), (3,), (1,), (1, 6), (7,), (2,), (0, 6), (2, 7))",62.4349,233.83377000000004,296.26867000000004,3197.603441127102,4146.423503611836,199.6420510864265,969.5738398661643,1169.215890952591,275.47306235408985,1101.2493641184938,7.019172039321671,5.81300060664786,6.17176536474114,1.2972259541331481,7.549053061013914
194,alex,LBBGBLGG,"((0,), (3,), (6,), (4, 3), (6,), (4,), (3, 5), (0, 5))",121.588,232.3739,353.9619,3066.870184980177,4240.294494571926,372.8946120513697,985.3337688522072,1358.228380903577,345.0294542576873,1333.6856438439934,2.523561361353502,1.8069668845571005,1.8402190330883246,0.7351463459317343,2.588893681998947
195,alex,LBBGBLGG,"((4,), (3,), (0,), (3, 4), (5,), (1,), (0, 7), (1, 1))",42.6258,227.49410000000003,270.11990000000003,3287.718326765189,4155.717692087459,140.1416238530276,945.4012562155136,1085.5428800685413,254.42420979970908,1036.8729245567022,5.810638238904632,4.483466881452542,4.6939171000773525,1.4090459183897721,6.169102465778358
196,alex,LBBGBLGG,"((2,), (1,), (4,), (4, 7), (0,), (5,), (3, 4), (3, 1))",62.0325,238.0682,300.1007,3158.4111343922323,4181.994091594407,195.92413869418613,995.5998057965156,1191.5239444907018,288.2925371372871,1150.9550899045094,3.934733528683169,3.404787186507857,3.524799094424977,0.5516523938790531,4.095896126887862
197,alex,LBBGBLGG,"((2,), (7,), (1,), (3, 2), (1,), (3,), (1, 6), (1, 4))",62.1621,199.252,261.4141,3161.4457458451075,4590.96588279127,196.5221065977981,914.7591340779262,1111.2812406757243,252.5666847203425,1077.436709194596,3.384444557373732,3.0455415103155055,3.1412083134263904,0.3507748265852402,3.50300170802572
198,alex,LBBGBLGG,"((2,), (1,), (4,), (4, 1), (3,), (1,), (3, 7), (2, 1))",62.0494,240.5218,302.5712,3160.540984004276,4078.861792811342,196.1096717328749,981.0551803582111,1177.164852091086,282.2970232068982,1110.1139099840896,6.700630064296202,5.695968749652085,6.040005579964084,1.0768146830321317,7.181859929937212
199,alex,LBBGBLGG,"((5,), (3,), (6,), (1, 5), (0,), (3,), (4, 7), (1, 0))",36.4479,207.5224,243.9703,3413.3028116883133,4416.928696821732,124.40771955013447,916.6116437933182,1041.0193633434526,233.19415220759814,1003.3015842040853,4.416991655296513,3.6231582684714625,3.7593660503674577,0.830517265121262,4.621105499596121
200,alex,LBGBBGBL,"((0,), (0,), (0, 6), (1,), (2,), (1, 2), (0,), (3,))",121.288,349.75063,471.03863,3062.3265178275096,3725.287803457497,371.4234586942629,1302.9217561905757,1674.3452148848387,452.32548639359135,1639.7610694343882,3.972740750882505,2.0655325522478454,2.10909662969251,1.9861112496056061,4.137096884725484
201,alex,LBGBBGBL,"((3,), (6,), (0, 4), (0,), (5,), (3, 7), (5,), (4,))",49.1297,205.51495,254.64465,3253.3559001490435,4633.469547051843,159.83639936755245,952.247262288882,1112.0836616564343,235.39970987677395,1033.1491513140609,7.55756703438539,7.097893176921732,7.6401853732325815,0.4972541750763272,8.175430689060873
202,alex,LBGBBGBL,"((4,), (2,), (1, 7), (2,), (5,), (3, 5), (3,), (3,))",41.5867,202.64311,244.22981,3329.6425199781065,4443.895983200858,138.46884458557352,900.5249025523295,1038.993747137903,228.9031528248617,978.4855937533621,6.275506325431069,5.823726422918487,6.183857357821519,0.48202970728362415,6.69569509462588
203,alex,LBGBBGBL,"((4,), (6,), (0, 4), (7,), (6,), (0, 3), (0,), (5,))",41.3542,219.30870000000004,260.66290000000004,3378.587933862434,4500.083158753629,139.71880113453386,986.907387438152,1126.626188572686,252.2376756300716,1091.6302066585881,3.23222996825725,3.1062638405764424,3.205845871672831,0.13017363905305865,3.340192676959464
204,alex,LBGBBGBL,"((3,), (1,), (4, 6), (5,), (5,), (4, 2), (7,), (1,))",49.833,207.91259000000005,257.74559000000005,3244.3471691385016,4584.542206180899,161.67555247967894,953.184044051385,1114.859596531064,243.5270505850361,1047.9762143312153,5.516501529653307,5.999265056152306,6.382146969101927,0.510950096381648,5.83858728663042
205,alex,LBGBBGBL,"((2,), (1,), (0, 6), (7,), (7,), (4, 2), (0,), (1,))",61.1729,251.41863999999995,312.59153999999995,3178.909834420321,4238.0776445872125,194.46313341001087,1065.5317176165202,1259.994851026531,298.3205253352166,1208.5547639376039,4.565387362941226,4.08256327770057,4.256330670637518,0.5059213548409776,4.78378571127391
206,alex,LBGBBGBL,"((0,), (2,), (2, 1), (2,), (0,), (3, 2), (0,), (4,))",121.085,265.3294100000001,386.4144100000001,3098.3361067034543,4015.810988523938,375.16202748018776,1065.5127602565735,1440.6747877367611,377.0295708864785,1411.3437060845417,2.428698017116285,2.035926629791118,2.0782380313008115,0.40254806417778927,2.4891520024426255
207,alex,LBGBBGBL,"((2,), (4,), (3, 5), (6,), (6,), (1, 1), (1,), (3,))",60.6246,194.50886,255.13346,3189.201946380178,4510.7501417146,193.34409231851976,877.3808678097454,1070.7249601282651,241.79305939204397,1015.7564781601269,5.228793043435401,5.133763012450313,5.411580743024595,0.10027310407542263,5.517280207090587
208,alex,LBGBBGBL,"((1,), (7,), (2, 5), (3,), (2,), (2, 7), (4,), (1,))",82.4201,186.33407,268.75417,3141.3394967532454,4890.176081574963,258.9095154563521,911.2064122965148,1170.115927752867,259.11857441121265,1112.7999051021268,3.5852822632621253,4.8983200118309655,5.150613545880927,1.361864432517556,3.718604739425571
209,alex,LBGBBGBL,"((0,), (4,), (0, 5), (4,), (6,), (0, 2), (2,), (0,))",121.31,258.66617,379.97617,3085.0196639457345,4120.243947537929,374.2437354332571,1065.767721375317,1440.0114568085742,367.56683165114356,1400.6671143613423,3.2658201562630795,2.7322242653838846,2.808971670986329,0.551610497697051,3.3760767512978624
210,alex,GBBLLBGG,"((1, 5), (2,), (6,), (5,), (3,), (6,), (3, 3), (0, 5))",15.3468,213.1617,228.50850000000003,4181.675606060604,4566.235989049933,64.17533919109087,973.3466260270652,1037.521965218156,211.06532017473936,952.6081924359735,7.633492769529655,8.18428675525227,8.91381928650481,0.5963135364080507,8.264351439080379
211,alex,GBBLLBGG,"((2, 3), (5,), (5,), (4,), (4,), (3,), (0, 5), (2, 3))",21.4213,187.8516,209.2729,3720.951735347985,4655.331252007788,79.70762340840979,874.5114242196662,954.219047628076,194.43362462230138,882.3993590833824,7.090872911733251,7.526541072850884,8.13913652649277,0.4689185818135355,7.632052021107329
212,alex,GBBLLBGG,"((0, 1), (4,), (2,), (4,), (4,), (4,), (1, 6), (3, 3))",34.6405,210.5896,245.2301,3450.5756336493423,4411.313149159341,119.52966523743004,928.976671556206,1048.506336793636,230.80411085816073,980.502814843536,5.8826339596319,6.4857521183950775,6.93557641249113,0.6408149570447015,6.250317244437944
213,alex,GBBLLBGG,"((1, 4), (6,), (5,), (1,), (5,), (3,), (4, 0), (4, 3))",18.5826,186.68240000000003,205.265,4003.9634515484527,4799.052224075314,74.40405123474427,895.8985869157176,970.302638150462,186.59677521985418,880.5196388462535,9.094694555889122,9.253092362538347,10.196592482803817,0.17424484288939215,10.004580603362696
214,alex,GBBLLBGG,"((2, 7), (3,), (6,), (1,), (0,), (3,), (1, 2), (2, 0))",13.8572,221.124,234.9812,4671.753163780662,4397.728586789026,64.7374179411414,972.4433360251364,1037.180753966278,205.9866893461087,914.4342139600831,12.339076766095031,11.834633407610045,13.423222592976266,0.575448375257234,14.075914684551947
215,alex,GBBLLBGG,"((3, 4), (3,), (1,), (0,), (5,), (6,), (2, 4), (2, 2))",18.9213,215.6388,234.5601,3982.940740925744,4473.176850255366,75.36241664127827,964.5904881768467,1039.952904818125,208.80420870669124,930.0399091201965,10.980508318895142,10.56903588505779,11.81809453767468,0.4622273460191985,12.334948348425403
216,alex,GBBLLBGG,"((0, 6), (0,), (6,), (2,), (4,), (6,), (0, 0), (2, 5))",13.8912,302.9645,316.8557,4495.970873015874,4104.725522624918,62.4544305912381,1243.586115599297,1306.0405461905352,288.4620782398279,1189.0456986301415,8.961057591885547,8.957979742791663,9.839390335895377,0.0033808049747472368,9.843103791468065
217,alex,GBBLLBGG,"((2, 1), (2,), (2,), (0,), (2,), (3,), (4, 5), (3, 2))",35.1778,230.85900000000004,266.0368,3480.875095380085,4236.192156648844,122.44952793026155,977.9630850917956,1100.412613022057,243.7644756255228,1007.0209507668658,8.371896058920127,8.486967629234115,9.27405355212042,0.12558545398690002,9.136821235877091
218,alex,GBBLLBGG,"((3, 7), (6,), (7,), (5,), (1,), (6,), (1, 6), (0, 7))",12.099,179.0743,191.1733,5109.091865079367,5228.560637842641,61.81490247559527,936.3008362292244,998.1157387048198,174.1068678500865,897.0510012569545,8.927204871137082,10.125552932269109,11.266331268373005,1.31581342094138,9.802273948554644
219,alex,GBBLLBGG,"((3, 2), (3,), (3,), (0,), (1,), (7,), (3, 5), (1, 1))",27.3706,215.6759,243.0465,3650.6304824561416,4556.166617988326,99.91994668311408,982.6553358845885,1082.5752825677023,217.51814571693328,975.2990596815204,10.50348566347046,9.90935453761139,10.999315730009283,0.663859514824224,11.73619524887271
220,alex,GGLBGGGL,"((4, 3), (2, 6), (4,), (6,), (3, 1), (2, 2), (0, 2), (3,))",23.7791,168.99337999999997,192.77248,3917.975955310597,4680.914484477802,93.1659420389262,791.0435602228612,884.2095022617874,180.57556890654894,818.7711568144966,6.327101821510551,7.400773830172715,7.992263149801783,1.1461927937964675,6.754463611721023
221,alex,GGLBGGGL,"((3, 5), (3, 6), (5,), (5,), (1, 7), (2, 6), (1, 6), (3,))",17.691,159.12145999999998,176.81246,4180.523970416838,4817.938955311093,73.95764956064427,766.6374807599758,840.5951303206201,162.44650816318625,770.4036690396885,8.124965761357393,8.350210315179819,9.11099779267999,0.2451640488507016,8.843496852750059
222,alex,GGLBGGGL,"((2, 3), (1, 0), (5,), (7,), (2, 2), (4, 1), (2, 5), (5,))",23.5855,176.91334000000003,200.49884000000003,3763.821797465951,4646.622728635299,88.77161900413319,822.0495466427845,910.8211656469176,187.6830973172714,841.0141103270198,6.391928593067483,7.664188970654499,8.300342938687912,1.3591353378665987,6.828394706777503
223,alex,GGLBGGGL,"((3, 3), (2, 6), (5,), (5,), (2, 5), (4, 2), (4, 5), (4,))",23.3716,156.50476,179.87636,3823.231911301632,4925.129579326464,89.35504693817722,770.8062227813892,860.1612697195665,169.34878811567842,797.226756291112,5.852671181650322,7.316594648463148,7.894179784085627,1.5549283077774363,6.216502640178585
224,alex,GGLBGGGL,"((3, 2), (3, 2), (3,), (7,), (0, 7), (1, 5), (3, 3), (5,))",28.3112,169.13625000000002,197.44745,3706.3702390389967,4703.18585273792,104.93178911148084,795.4792181851441,900.4110072966249,184.6394210729563,832.5827286510134,6.486803920255082,7.533035257893801,8.14673140716115,1.1188060952879049,6.936779184323191
225,alex,GGLBGGGL,"((2, 0), (1, 5), (3,), (1,), (4, 3), (4, 5), (2, 3), (1,))",52.8497,191.92061000000007,244.77031000000005,3343.1255635169427,4446.7925199369965,176.68318309420138,853.4311329697458,1030.1143160639472,225.7594699148561,950.9228619631425,7.766808027143463,7.687637465654698,8.32785258073584,0.08583738651489235,8.420838378258848
226,alex,GGLBGGGL,"((2, 0), (4, 4), (0,), (2,), (0, 7), (3, 4), (2, 3), (4,))",53.0057,186.31960000000004,239.32530000000003,3363.2356636359864,4554.304857270618,178.27066061599,848.5562592847189,1026.8269199007088,223.2401666766599,952.7699218273116,6.721033389842248,7.212218207189032,7.772810242725109,0.5265761780998335,7.205304297518173
227,alex,GGLBGGGL,"((1, 6), (4, 3), (3,), (1,), (0, 2), (0, 4), (3, 2), (4,))",15.4554,206.43199,221.88739,4409.186733266733,4399.231909829354,68.14574463733068,908.142197617574,976.2879422549048,203.6047830952058,900.1634608855131,8.239588065276815,7.797339091740608,8.45673976752026,0.4819605363703248,8.979458452233539
228,alex,GGLBGGGL,"((1, 3), (1, 2), (3,), (1,), (1, 6), (1, 4), (0, 6), (4,))",22.8777,224.57956,247.45726,3717.5096218487406,4111.459919821856,85.04806987576895,923.3498597512277,1008.3979296269964,226.5007628204138,933.0071691352576,8.468734026872436,7.476290686120866,8.080405272942711,1.084267031817238,9.252285475171671
229,alex,GGLBGGGL,"((2, 3), (1, 6), (1,), (3,), (0, 6), (4, 6), (4, 2), (4,))",23.5456,204.99536,228.54096,3737.926340520936,4409.645975327405,88.01171844336974,903.9569641847924,991.9686826281622,207.25794199165068,908.7616561467021,9.312561743133191,8.388069899647242,9.156089049165155,1.0194265724734386,10.268855226405117
230,alex,BBBBGBGG,"((2,), (7,), (1,), (7,), (1, 0), (6,), (3, 4), (2, 2))",30.9679,219.0344,250.0023,3576.4261521970275,4926.6165053733575,110.75440743862232,1079.0984902845505,1189.8528977231726,223.68118506705258,1052.7665091836777,10.528349112367131,11.52128879139722,13.021537762043042,1.1097813320524519,11.767245834761274
231,alex,BBBBGBGG,"((3,), (7,), (1,), (1,), (0, 1), (7,), (0, 4), (2, 5))",24.5664,245.15660000000003,269.723,3793.2180718954232,4733.38225450892,93.18571244141172,1160.4199000157416,1253.6056124571533,232.64395520602082,1087.0582941327125,13.747083042224501,13.285463679282401,15.320918778998621,0.5351927554729359,15.938107981848656
232,alex,BBBBGBGG,"((4,), (7,), (2,), (0,), (0, 4), (0,), (3, 6), (4, 1))",23.5177,266.7034,290.2211,3911.956722897416,4451.910761753026,92.00022462208456,1187.339736656122,1279.3399612782064,263.4624775607772,1151.3898439332404,9.220081668501289,10.001260119876912,11.112666836445076,0.8605190065527768,10.15652121962982
233,alex,BBBBGBGG,"((2,), (6,), (1,), (7,), (0, 5), (4,), (2, 2), (4, 2))",30.8611,227.4493,258.3104,3627.515652477897,4637.528671056468,111.94912330268563,1054.802649961724,1166.7517732644096,227.68834899756192,1022.5954518476408,11.854749558065837,12.355354816683882,14.097101757719049,0.5679321983976982,13.44910757939836
234,alex,BBBBGBGG,"((5,), (6,), (7,), (3,), (3, 0), (6,), (3, 2), (0, 2))",19.0176,190.375,209.3926,4120.591315351315,5189.961362802214,78.36375739882517,988.0388944434716,1066.4026518422968,190.75561488279146,960.7002694370789,8.900498449901537,9.912051721046316,11.002638988240744,1.1103828823788857,9.7700846859265
235,alex,BBBBGBGG,"((6,), (3,), (0,), (7,), (2, 6), (1,), (3, 4), (0, 1))",17.4318,249.1197,266.55150000000003,4348.951122766122,4449.135481071248,75.8100461818345,1108.367296303825,1184.1773424856594,243.42543029805614,1064.1575419580097,8.676023095703414,10.135289387966246,11.278386497812894,1.5979005095146808,9.500268592984625
236,alex,BBBBGBGG,"((0,), (3,), (2,), (6,), (4, 4), (4,), (2, 1), (3, 0))",61.9585,282.7506599999999,344.70915999999994,3314.3738151625007,4188.8587827269685,205.3536300267458,1184.402585462847,1389.7562154895925,303.2913232698607,1214.9689987729976,12.015299138015147,12.576825688454988,14.386146222093993,0.6382093079121417,13.656123189942601
237,alex,BBBBGBGG,"((2,), (2,), (5,), (3,), (4, 7), (2,), (3, 3), (0, 1))",31.6034,239.22745,270.83085,3547.600887535239,4371.139603273745,112.11624988913115,1045.6965808851896,1157.812830774321,251.0298694607428,1051.9929163350432,7.3111983140979735,9.139639121852497,10.058994960530303,1.9726663572053085,7.887898193865636
238,alex,BBBBGBGG,"((5,), (7,), (3,), (6,), (0, 4), (1,), (1, 4), (3, 0))",20.2877,220.3518,240.6395,4085.8350516150513,4809.571483661806,82.89219577665068,1059.7977336535496,1142.6899294302002,215.54639530030363,1017.4829745097247,10.427674882841915,10.957211724348499,12.305557739755459,0.5911835389044096,11.641625769123209
239,alex,BBBBGBGG,"((6,), (5,), (4,), (3,), (0, 7), (1,), (4, 4), (2, 0))",18.4707,225.2233,243.694,4282.501015651014,4663.50382041605,79.1007915097852,1050.32971999671,1129.4305115064951,216.75704860531792,1005.3221771671685,11.053596475367497,10.988576373218766,12.345130462459645,0.07310031611421648,12.42725510796662
240,alex,GLLLBLGG,"((0, 7), (5,), (4,), (4,), (1,), (4,), (0, 3), (3, 7))",12.1932,192.9081,205.1013,5115.047698412698,4472.239826872516,62.36879959628571,862.731287746306,925.1000873425916,192.8037623216395,869.9407476190498,5.995836047046264,5.962526701515122,6.340585824322849,0.03543390434045909,6.37826644577893
241,alex,GLLLBLGG,"((3, 1), (0,), (4,), (4,), (5,), (5,), (1, 7), (3, 5))",35.0904,207.9123,243.0027,3616.5311322855887,4277.20669502218,126.90552404435422,889.2838815374599,1016.1894055818142,227.53560412133152,947.5150588037392,6.364989310270416,6.758026249915079,7.247836975253766,0.4197542529759769,6.797659618325403
242,alex,GLLLBLGG,"((2, 4), (5,), (2,), (0,), (5,), (1,), (1, 2), (1, 3))",18.607,183.3508,201.9578,3962.034615384617,4400.073436197368,73.72157808846157,806.7569845855364,880.478562673998,189.00631382263356,823.6211719098625,6.412966559036805,6.4575553766420635,6.903342544278123,0.04764422587814752,6.852409274285055
243,alex,GLLLBLGG,"((4, 3), (4,), (3,), (5,), (4,), (0,), (2, 6), (0, 1))",23.021,174.15479999999997,197.1758,3894.52246929541,4539.910424098483,89.65580176564964,790.6471919267865,880.3029936924361,186.024269837633,822.8519711691943,5.655628207095906,6.526278217260533,6.981938980058527,0.9228425539530951,5.994664122106421
244,alex,GLLLBLGG,"((0, 0), (0,), (3,), (4,), (1,), (1,), (0, 4), (0, 6))",51.8535,264.2393,316.0928,3344.7395967141333,3873.571798378841,173.4364546782163,1023.5499005033662,1196.9863551815824,291.9219770524145,1112.9858152587724,7.646748976118887,7.017668961653887,7.547314509419845,0.681167157074237,8.279891494173352
245,alex,GLLLBLGG,"((1, 7), (5,), (3,), (3,), (0,), (3,), (3, 0), (3, 2))",13.6328,181.1366,194.7694,4710.394451659452,4503.701935729823,64.21586548058298,815.7852560515186,880.0011215321015,177.92924423001992,813.333114230449,8.646202006054377,7.575900265397611,8.196888351795646,1.1716007042506316,9.46452385770255
246,alex,GLLLBLGG,"((0, 4), (5,), (5,), (2,), (4,), (0,), (4, 5), (4, 1))",19.9543,190.5531,210.5074,3910.5439315148233,4468.288666506739,78.03216677262624,851.4462570977253,929.4784238703515,197.7948168780622,870.8381430486008,6.03901958883051,6.308944814186473,6.733774960346215,0.2872737429673293,6.427156850007307
247,alex,GLLLBLGG,"((1, 4), (1,), (1,), (2,), (0,), (1,), (4, 4), (2, 6))",17.3994,223.2471,240.6465,4127.995637140637,4032.606484346277,71.8246472888648,900.2677030715017,972.0923503603664,217.96879458353214,888.3829964921044,9.423658942252583,8.611255282199254,9.422665021595332,0.8969270016497629,10.404106450098794
248,alex,GLLLBLGG,"((1, 6), (4,), (1,), (4,), (2,), (1,), (4, 4), (4, 1))",15.9283,176.7874,192.7157,4360.926021201021,4428.178266250423,69.46213794349623,782.84612242692,852.3082603704163,179.26044706794372,793.0974743239833,6.981918407299604,6.947109256068897,7.465764040782361,0.037421919087852744,7.505979792048838
249,alex,GLLLBLGG,"((4, 5), (1,), (2,), (0,), (4,), (5,), (3, 1), (1, 7))",14.7653,192.0918,206.8571,4719.224873737374,4408.533453544321,69.68077102819444,846.8431264515449,916.5238974797394,198.037653081274,869.2464513722502,4.263545664483363,5.158342978016485,5.438900099373868,0.9346463891353676,4.45341922685103
250,alex,BBGGBGLL,"((7,), (5,), (0, 7), (1, 4), (2,), (4, 5), (5,), (4,))",15.5254,189.4322,204.9576,4917.901143994893,5104.690375325232,76.3523824209783,966.9927281166844,1043.3451105376623,193.66391336560272,969.7850520995186,5.510255113446532,7.050405248962769,7.585192025685612,1.6299653865775363,5.831590634583968
251,alex,BBGGBGLL,"((2,), (7,), (3, 1), (1, 7), (5,), (3, 0), (2,), (4,))",31.7706,181.4327,213.2033,3614.434000768111,5064.583416200068,114.83273686480337,918.8810435764022,1033.7137804412057,203.62697500638575,961.4235406020847,4.4916401357832,6.99325492287298,7.519083607402603,2.6192626390467786,4.7028764206284315
252,alex,BBGGBGLL,"((7,), (5,), (2, 2), (4, 4), (5,), (1, 4), (5,), (2,))",15.6833,167.17319999999998,182.8565,4858.646507381507,5248.396054839342,76.19961076921638,877.391163354868,953.5907741240844,175.14764249792543,890.305418736052,4.215796267605788,6.636531844193101,7.1082747623705655,2.527280576816684,4.401348138137733
253,alex,BBGGBGLL,"((0,), (3,), (2, 4), (2, 7), (4,), (3, 7), (3,), (5,))",61.9071,244.1044,306.0115,3342.207664649128,4308.4743593662,206.90638411620003,1051.7175484084703,1258.6239325246706,292.21181225292764,1177.0353612663998,4.509532402237292,6.4823629322392184,6.93170094486268,2.0659973499262225,4.7224948371107835
254,alex,BBGGBGLL,"((4,), (2,), (4, 4), (4, 1), (1,), (3, 2), (3,), (5,))",22.2039,197.0504,219.25430000000003,4013.8896606334847,4662.030060156176,89.12400463573984,918.6548881657984,1007.7788928015384,203.66834959298754,918.4967536342808,7.108617895755061,8.859298384297468,9.720463225807674,1.884653289556781,7.652612906305563
255,alex,BBGGBGLL,"((0,), (6,), (2, 4), (0, 4), (1,), (3, 1), (5,), (1,))",62.0021,251.33,313.3321,3320.7570954816065,4376.999296605072,205.8939135097601,1100.0712332157527,1305.9651467255128,295.8963570911841,1215.207301388384,5.564620703980198,6.94948449157995,7.468507244273232,1.4664671206102997,5.892516920525277
256,alex,BBGGBGLL,"((0,), (1,), (3, 4), (0, 3), (2,), (3, 4), (3,), (1,))",61.8153,289.762,351.5773,3311.2395954316667,4039.643642395272,204.68526896348712,1170.5352211077388,1375.220490071226,335.3332207526179,1296.2318880277728,4.620343590835388,5.7437045632851405,6.093709217695239,1.177778380361004,4.844160447606138
257,alex,BBGGBGLL,"((6,), (1,), (2, 2), (2, 4), (6,), (0, 2), (3,), (5,))",17.5516,240.1382,257.6898,4573.298267288268,4357.814068338235,80.26870186813676,1046.477626305421,1126.7463281735577,242.69747165150196,1046.4919471629714,5.817975080308974,7.122666300646184,7.668896184834967,1.3852868649296097,6.177373108371759
258,alex,BBGGBGLL,"((2,), (4,), (1, 5), (2, 3), (4,), (4, 5), (4,), (4,))",32.0112,196.9639,228.9751,3601.9876139624416,4673.771290156827,115.30394590807452,920.5642210173202,1035.8681669253947,217.6108332559679,967.3059218585979,4.963101552977641,6.6188195810958605,7.087958785061528,1.742184409607156,5.222289062541634
259,alex,BBGGBGLL,"((7,), (4,), (1, 7), (1, 7), (7,), (2, 0), (0,), (3,))",15.5711,189.9919,205.563,4856.386212121211,4940.701444768639,75.61927534756059,938.6932548243389,1014.3125301718992,192.73153553487074,939.6965221339244,6.242107998584007,7.356313347063685,7.9404367559573155,1.1883856651372338,6.657688078663019
260,alex,LLBBLLLB,"((0,), (4,), (2,), (7,), (3,), (1,), (5,), (2,))",121.429,224.64343000000005,346.07243000000005,3095.257317786109,4155.814382459395,375.8540008414494,933.5763973190104,1309.4303981604598,323.78834478554984,1227.896858443434,6.439139117337435,6.226641739153714,6.640096776563412,0.22712208521704466,6.882299988039816
261,alex,LLBBLLLB,"((2,), (2,), (0,), (3,), (0,), (5,), (0,), (3,))",62.0562,245.37316,307.42936,3203.0586278787487,3964.414553745889,198.7696468233692,972.7609266026186,1171.5305734259878,270.4032917423771,1056.367422761746,12.043764544031468,9.83014470782971,10.901808232893202,2.5167287171014814,13.692905888475241
262,alex,LLBBLLLB,"((3,), (0,), (1,), (2,), (4,), (4,), (5,), (0,))",50.0822,252.9468,303.029,3243.291999025316,3957.841549198659,162.4311985535857,1001.1233547768434,1163.5545533304291,267.3598990142814,1049.5396531223582,11.770853939959085,9.798844401556192,10.863324684196451,2.235099880781931,13.341230722043809
263,alex,LLBBLLLB,"((1,), (5,), (3,), (0,), (5,), (4,), (4,), (7,))",82.9297,208.33638,291.26608,3181.7125440630816,4291.581652381976,263.85846676538813,894.0925859316792,1157.951052697067,272.94064585653086,1086.3947057372975,6.2916471919658905,6.17956577638602,6.586588334964944,0.11960664361423552,6.7140729758153155
264,alex,LLBBLLLB,"((4,), (3,), (4,), (5,), (2,), (5,), (5,), (2,))",43.0062,187.26681,230.27301,3347.8981510673225,4458.107141920173,143.98037746443148,834.8555031056079,978.8358805700394,204.06683646710607,883.2308162048822,11.380479862965236,9.767221069734406,10.824471090802597,1.820432779071921,12.841956089772669
265,alex,LLBBLLLB,"((2,), (0,), (0,), (5,), (3,), (4,), (1,), (6,))",62.0365,258.26104000000004,320.29754,3234.6145813060443,3908.53165408781,200.6641674731924,1009.421449857638,1210.0856173308305,288.3956055713809,1104.4117712954248,9.96009348951576,8.73275779184102,9.56833753333278,1.3631019236251964,11.061865649933795
266,alex,LLBBLLLB,"((5,), (2,), (4,), (7,), (1,), (1,), (3,), (1,))",36.2908,202.29382,238.58462,3467.2062272727267,4275.256273255673,125.82768775270904,864.857922995854,990.685610748563,202.34516036335495,862.2974867375958,15.18935279090708,12.959522437593195,14.88907552041105,2.6291868140287042,17.909723944753214
267,alex,LLBBLLLB,"((2,), (4,), (1,), (3,), (4,), (4,), (1,), (0,))",61.5905,206.56390000000007,268.15440000000007,3168.4322602044545,4178.799281295375,195.14532712212247,863.1890768615701,1058.3344039836925,238.14784508914718,957.4321451518401,11.190028920223899,9.534062055626713,10.538841769914695,1.864618177962988,12.59996910726629
268,alex,LLBBLLLB,"((2,), (5,), (0,), (6,), (1,), (5,), (5,), (4,))",62.0332,213.2536,275.2868,3219.9512432215856,4330.718998186826,199.74387946101328,923.5414169517342,1123.2852964127474,244.1535897652249,1015.2390309591216,11.3093727104878,9.618773235853391,10.642445981568669,1.9061760259241527,12.751485761365403
269,alex,LLBBLLLB,"((1,), (0,), (3,), (0,), (3,), (4,), (4,), (4,))",82.8384,258.92397,341.76237,3149.0275038651826,3893.137538349863,260.86039997618553,1008.0266271855738,1268.8870271617593,321.1907874119737,1205.0546707037058,6.019264961214507,5.030578380238736,5.297050665823967,1.0520098407059122,6.404786000801517
270,alex,GGLBBBBL,"((3, 7), (0, 1), (5,), (0,), (2,), (4,), (7,), (1,))",16.0645,225.97985,242.04435,4676.563883477636,4333.330335472058,75.12666050612648,979.2453392104254,1054.371999716552,221.87771261317224,966.8900464250561,8.331794312417445,8.2970671940277,9.047766456480591,0.037883493114391764,9.089077559577543
271,alex,GGLBBBBL,"((2, 5), (0, 3), (1,), (1,), (2,), (5,), (0,), (1,))",19.4204,257.72164,277.14204,4071.3250609929273,4080.84686735028,79.06676121450704,1051.7225472423763,1130.7893084568836,250.48479816050056,1033.0033346003772,9.618620776371367,8.647585639976446,9.466181819668119,1.074375213939061,10.642259344784096
272,alex,GGLBBBBL,"((2, 3), (3, 6), (4,), (6,), (0,), (6,), (4,), (4,))",25.7091,168.62000999999998,194.32911,3703.312353555457,4875.100557669935,95.2088276287926,822.03950478531,917.2483324141026,182.13365285858237,845.756075688105,6.275671792773414,7.794209506801428,8.453058604140876,1.6202172296935626,6.69588346250695
273,alex,GGLBBBBL,"((3, 5), (2, 4), (0,), (0,), (2,), (6,), (1,), (4,))",19.2872,222.27483,241.56203,4193.497454212455,4329.168176552779,80.88082409888644,962.265120484679,1043.145944583565,213.88148072439927,929.7350919609293,11.458981891980592,10.872002447165785,12.198189957898437,0.6629463466285231,12.942003759207639
274,alex,GGLBBBBL,"((1, 5), (2, 4), (5,), (6,), (2,), (2,), (2,), (3,))",18.4911,188.13021000000003,206.62131,4200.555222179781,4459.485493008952,77.67288666884855,838.9639422917279,916.6368289605764,194.11551458255298,852.6617393615521,6.052519663846396,6.979327862220968,7.502985843709473,0.9865173552908014,6.442450230905476
275,alex,GGLBBBBL,"((3, 1), (1, 5), (0,), (0,), (2,), (2,), (1,), (4,))",41.0546,248.96972000000005,290.02432000000005,3497.0495220643656,4048.427791619232,143.5699693085437,1007.9359337196588,1151.5059030282025,254.7139791111363,1027.698093867515,12.174958599631832,10.751817149621276,12.047099230744337,1.6204278726415635,13.862741657165675
276,alex,GGLBBBBL,"((3, 0), (1, 4), (3,), (5,), (3,), (7,), (2,), (3,))",59.4844,185.1886,244.673,3421.3376314982665,4723.566324403357,203.51621620709548,874.7506346234036,1078.2668508304992,225.72763862306374,988.5522300825985,7.743135277262412,8.320261415696955,9.075354646704358,0.625564439208926,8.393018016093524
277,alex,GGLBBBBL,"((1, 4), (1, 7), (0,), (5,), (1,), (1,), (1,), (3,))",21.3628,244.459,265.8218,3909.6649267399257,4117.296200967876,83.52138989695969,1006.510111992406,1090.0315018893657,248.94316603794783,1021.2206911057662,6.349604871403385,6.312735977293214,6.738094065553249,0.03936864768115401,6.780115409747479
278,alex,GGLBBBBL,"((2, 0), (0, 6), (3,), (5,), (0,), (1,), (0,), (5,))",59.3957,267.56461,326.96031,3345.103154584535,4025.195182128959,198.68474343875664,1076.999779080214,1275.6845225189709,306.42829426355894,1194.6201595006335,6.27966609661003,6.354577608127396,6.785785621784861,0.07993090549015303,6.700430776402596
279,alex,GGLBBBBL,"((3, 5), (1, 7), (0,), (1,), (4,), (4,), (0,), (0,))",20.0284,239.73451,259.76291,4118.943829871112,4199.961896520391,82.49585460219058,1006.8758072809866,1089.3716618831772,228.48340623705624,973.7144395779419,12.041558882653314,10.616874511431734,11.877940554662732,1.6197244438665084,13.690054905121041
280,alex,GLBBBGLG,"((1, 2), (2,), (1,), (6,), (4,), (0, 4), (2,), (2, 1))",27.7131,230.45210000000003,258.1652,3567.271834611038,4134.940944588395,98.86016107975917,952.9058240563794,1051.7659851361386,237.81531635129642,970.2521903661308,7.882504554720624,7.7501835885533845,8.401299742415215,0.1436436862809032,8.557011365341637
281,alex,GLBBBGLG,"((0, 4), (3,), (0,), (3,), (3,), (0, 6), (5,), (3, 2))",19.3439,254.80627,274.15017,3898.953235930736,4077.930498214456,75.42096150052058,1039.0822595692669,1114.5032210697875,247.23906520638752,1013.5786195970155,9.81619117493616,9.055568397182078,9.957254377849651,0.8434138984188695,10.884649143592226
282,alex,GLBBBGLG,"((0, 3), (5,), (7,), (0,), (1,), (1, 6), (5,), (1, 6))",21.4273,230.7147,252.142,3790.6747985347993,4381.152478599787,81.2239261106447,1010.7962797544064,1092.0202058650511,226.7982714573331,983.324338421321,10.051371268042173,9.953649837241421,11.053918142434679,0.1086413791720521,11.174568650729215
283,alex,GLBBBGLG,"((4, 5), (0,), (4,), (6,), (7,), (0, 5), (0,), (2, 0))",18.8403,251.8795,270.7198,4189.95743922744,4221.798675003766,78.94005514227673,1063.3845393606111,1142.324594502888,241.7716941534726,1020.9921372847904,10.69301390091431,10.621539429508523,11.883779785098746,0.08003234072470831,11.97332299295203
284,alex,GLBBBGLG,"((2, 1), (1,), (6,), (1,), (5,), (4, 3), (1,), (2, 3))",35.6614,212.6188,248.2802,3474.430384296864,4358.8714708466805,123.90305170656416,926.7780214856564,1050.6810731922203,223.28765509539784,941.5511937286276,10.06626581765367,10.386584687590313,11.590435038527055,0.3561721003235273,11.192981042290167
285,alex,GLBBBGLG,"((4, 4), (5,), (2,), (5,), (4,), (3, 5), (1,), (3, 2))",19.1274,166.80870000000002,185.9361,4165.178266733269,4885.177256510342,79.66903077911394,814.8900674280567,894.5590982071706,171.31384956298348,816.6074902070619,7.864126674172757,8.713969614342446,9.545786554118301,0.9223800779141795,8.53535804274871
286,alex,GLBBBGLG,"((3, 0), (3,), (5,), (6,), (7,), (1, 1), (3,), (3, 4))",52.2208,179.96502,232.18582,3456.228377868405,4622.696171466376,180.4870108749904,831.9236089518698,1012.4106198268604,216.60900165665865,930.6339505376942,6.70877245791382,8.077421126138661,8.787200299528942,1.4670711322856282,7.191214688312796
287,alex,GLBBBGLG,"((1, 7), (3,), (1,), (1,), (5,), (1, 2), (5,), (0, 1))",14.1541,222.3119,236.466,4574.207983405484,4234.987232657771,64.74379721791955,941.488058167891,1006.2318553858106,214.14740569221584,918.4818861760971,9.438394656222954,8.720651084542371,9.553805091904616,0.792547315118783,10.422070832770991
288,alex,GLBBBGLG,"((1, 6), (0,), (0,), (7,), (5,), (1, 7), (5,), (1, 1))",15.4297,273.77939999999995,289.2091,4284.84797979798,4089.750257609439,66.11391887388889,1119.6893716781574,1185.8032905520463,251.1038696487684,1041.6051857985542,13.175667830380016,12.160373132913232,13.843835142097674,1.1693665497861745,15.175086869243096
289,alex,GLBBBGLG,"((3, 7), (1,), (1,), (7,), (4,), (3, 4), (3,), (3, 7))",12.1981,202.13656,214.33466,5161.832619047618,4452.287348789546,62.964550470404745,899.9700488158389,962.9345992862436,193.19416408183073,863.4952061361893,9.863311849874995,10.326702688195216,11.515917221475698,0.5140979193161006,10.942616211333828
290,alex,BGLGGLLG,"((5,), (2, 3), (1,), (4, 1), (1, 1), (4,), (5,), (4, 0))",21.2607,195.88119,217.14189,4050.869496606336,4495.220362267092,86.12432110649831,880.529113873109,966.6534349796074,198.5961677581092,885.7176696318711,8.540831178125412,8.372779987011963,9.137874079149327,0.1837444985321623,9.33840891858474
291,alex,BGLGGLLG,"((5,), (3, 5), (3,), (3, 7), (4, 2), (1,), (4,), (2, 2))",19.3951,174.1225,193.5176,4119.151102231102,4679.139110033385,79.89134754288244,814.743399686788,894.6347472296704,176.7550906547288,814.1802344289871,8.662007665076036,8.993001115798275,9.881658802133535,0.3623831028697625,9.483466237481585
292,alex,BGLGGLLG,"((0,), (3, 0), (5,), (3, 7), (4, 0), (4,), (0,), (3, 0))",62.2759,233.56366,295.83956,3303.803142830197,4225.8794106593805,205.74731414257909,987.011861872248,1192.759176014827,281.92404020664344,1123.2676238948434,4.703738672865984,5.826117586633417,6.186553466130105,1.1777785383568415,4.935911028785204
293,alex,BGLGGLLG,"((5,), (0, 5), (3,), (3, 1), (2, 5), (5,), (3,), (4, 3))",19.1435,225.80329,244.94679,4224.012240537241,4332.650002718813,80.86237832672468,978.326625032417,1059.1890033591417,226.19764057378745,983.0535248276773,7.654376457112395,7.18809185990472,7.744794826386523,0.5049341585647591,8.288835099540483
294,alex,BGLGGLLG,"((1,), (0, 4), (3,), (2, 6), (4, 0), (1,), (5,), (4, 1))",42.4395,259.30294,301.74244,3444.174369039006,4038.676578230909,146.16903813483088,1047.2407104444146,1193.4097485792454,277.24246146633686,1096.1527554206993,8.119500370469307,8.149505505073217,8.872576625619951,0.03265669508208307,8.837022440243313
295,alex,BGLGGLLG,"((1,), (2, 2), (1,), (1, 4), (1, 0), (4,), (2,), (3, 0))",43.3958,238.35146000000003,281.74726000000004,3407.801345500111,4082.297828784449,147.88426562905371,973.0216476456036,1120.9059132746572,257.2895959935098,1026.7377348813163,8.680710508592073,8.401077849454321,9.171590289727307,0.306214229978284,9.505889234288036
296,alex,BGLGGLLG,"((3,), (4, 4), (3,), (4, 5), (2, 2), (2,), (1,), (4, 5))",24.4789,175.57989999999998,200.0588,3909.2710065179913,4666.528927623855,95.69465404145323,819.3486824593035,915.0433365007568,185.90344868286553,838.4118152498471,7.075595433509778,8.374633003061744,9.140081265204199,1.3979509210871137,7.61435649388204
297,alex,BGLGGLLG,"((2,), (4, 3), (5,), (1, 1), (0, 3), (3,), (0,), (4, 0))",33.4098,209.85269,243.26249,3555.639366424957,4402.298089906308,118.79320010438452,923.8340963487004,1042.6272964530851,223.46672459958842,956.9291285164943,8.137615215733257,8.21944411278388,8.955539692834606,0.08907769729993226,8.858484606995512
298,alex,BGLGGLLG,"((7,), (2, 5), (2,), (2, 7), (2, 0), (1,), (5,), (3, 6))",14.6704,190.43616,205.10656,5024.935883838383,4621.625863236463,73.71781939026262,880.1246823514372,953.8425017416998,187.61126449860623,873.4578932216401,8.529856627400786,8.427450902353252,9.203031897000896,0.11195535643842223,9.325290540602767
299,alex,BGLGGLLG,"((5,), (0, 3), (3,), (3, 0), (0, 2), (4,), (2,), (2, 2))",19.4596,239.3783,258.8379,4127.424433066933,4183.559666354018,80.31802849770926,1001.453400880392,1081.7714293781014,239.0987164391256,1005.7331617540882,7.626079318706566,7.029051198710875,7.560481300168687,0.6463167478357288,8.255662704864392
