Graph,Component,Freq,Freq_Host,Layer,Metric,Time,Power
alex,B,0,-1,0,in,61.3225,3267.4598461869314
alex,B,0,-1,0,task,83.2169,3577.8025163562143
alex,B,0,-1,1,task,116.5954,3656.0059545491467
alex,B,0,-1,2,task,39.7917,3540.121319558474
alex,B,0,-1,3,task,29.0519,3595.4541304380605
alex,B,0,-1,4,task,22.4653,3563.872725975455
alex,B,0,-1,5,task,82.3645,3825.4775349918996
alex,B,0,-1,6,task,36.3183,3801.940930115222
alex,B,0,-1,7,task,9.5707,3698.0986111111106
alex,B,1,-1,0,in,41.6048,3389.406433041415
alex,B,1,-1,0,task,52.4261,3845.6774525479145
alex,B,1,-1,1,task,80.102,3914.8578155254672
alex,B,1,-1,2,task,30.1679,3701.7505047600193
alex,B,1,-1,3,task,21.664,3779.563831630149
alex,B,1,-1,4,task,16.6108,3720.6702734765236
alex,B,1,-1,5,task,56.3871,4126.855987187304
alex,B,1,-1,6,task,24.7785,4070.0104274165806
alex,B,1,-1,7,task,6.5238,3867.755
alex,B,2,-1,0,in,30.6417,3576.474365987433
alex,B,2,-1,0,task,39.9189,4143.930357663563
alex,B,2,-1,1,task,59.1931,4266.6257692596755
alex,B,2,-1,2,task,25.9365,3852.4984292827808
alex,B,2,-1,3,task,17.7589,3976.4606171606174
alex,B,2,-1,4,task,13.8026,3891.5206379731385
alex,B,2,-1,5,task,43.0173,4470.834808117378
alex,B,2,-1,6,task,18.9058,4383.296488095238
alex,B,2,-1,7,task,4.9436,4000.8349999999987
alex,B,3,-1,0,in,24.8109,3753.7520133053226
alex,B,3,-1,0,task,32.7103,4436.343095228464
alex,B,3,-1,1,task,48.6858,4575.944587129174
alex,B,3,-1,2,task,22.6418,4015.1311509066268
alex,B,3,-1,3,task,15.3629,4145.364179292929
alex,B,3,-1,4,task,12.126,4060.8704797979794
alex,B,3,-1,5,task,36.8648,4765.885739296713
alex,B,3,-1,6,task,15.9797,4639.5642890442905
alex,B,3,-1,7,task,4.2279,4136.7249999999985
alex,B,4,-1,0,in,20.9057,4027.7421428571433
alex,B,4,-1,0,task,28.5011,4841.847305652724
alex,B,4,-1,1,task,41.5146,5030.466415593736
alex,B,4,-1,2,task,20.9904,4229.509413919413
alex,B,4,-1,3,task,14.1567,4382.756111111111
alex,B,4,-1,4,task,11.0789,4298.89785103785
alex,B,4,-1,5,task,34.5107,5095.276544788546
alex,B,4,-1,6,task,14.925,4951.2619075369075
alex,B,4,-1,7,task,3.9557,4273.7
alex,B,5,-1,0,in,17.7702,4385.768205128204
alex,B,5,-1,0,task,24.6663,5401.163738555681
alex,B,5,-1,1,task,36.209,5648.396634074539
alex,B,5,-1,2,task,19.5957,4522.346794871795
alex,B,5,-1,3,task,13.3849,4700.964102564102
alex,B,5,-1,4,task,10.4755,4542.570833333334
alex,B,5,-1,5,task,34.2105,5398.5939119455425
alex,B,5,-1,6,task,14.8565,5215.506565656567
alex,B,5,-1,7,task,3.9242,4468.625000000001
alex,B,6,-1,0,in,15.6623,4769.818888888888
alex,B,6,-1,0,task,22.3916,6015.6488644688625
alex,B,6,-1,1,task,32.7057,6336.168736376236
alex,B,6,-1,2,task,18.6714,4836.8847152847175
alex,B,6,-1,3,task,12.6816,5022.270833333332
alex,B,6,-1,4,task,9.9838,4823.362716450216
alex,B,6,-1,5,task,34.0841,5705.907915273132
alex,B,6,-1,6,task,14.8614,5510.205
alex,B,6,-1,7,task,3.8941,4587.516666666666
alex,B,7,-1,0,in,14.0197,5329.235833333332
alex,B,7,-1,0,task,20.6803,7001.545831967125
alex,B,7,-1,1,task,29.8088,7489.974294431731
alex,B,7,-1,2,task,18.1452,5306.532272727273
alex,B,7,-1,3,task,12.029,5562.371266233767
alex,B,7,-1,4,task,9.6199,5277.849523809524
alex,B,7,-1,5,task,34.0352,6251.4961337285895
alex,B,7,-1,6,task,14.7659,5998.37212121212
alex,B,7,-1,7,task,3.9104,4857.549999999999
alex,G,0,0,0,in,53.2217,3346.530480578686
alex,G,0,0,0,task,43.1638,3833.8501631442336
alex,G,0,0,1,task,80.1036,3806.490532075138
alex,G,0,0,2,task,35.0371,3773.2065
alex,G,0,0,3,task,30.0779,3624.6560822510805
alex,G,0,0,4,task,22.8412,3562.3919117647056
alex,G,0,0,5,task,56.3867,4112.067537523453
alex,G,0,0,6,task,24.7455,4051.1290441176466
alex,G,0,0,7,task,17.3265,3470.657417582417
alex,G,0,1,0,in,36.1046,3440.4824636844633
alex,G,0,1,0,task,42.6929,3840.8159982579114
alex,G,0,1,1,task,79.8428,3794.8098229456796
alex,G,0,1,2,task,34.6481,3775.282228590251
alex,G,0,1,3,task,29.7823,3620.866789701527
alex,G,0,1,4,task,22.2353,3567.0763690476183
alex,G,0,1,5,task,55.988,4112.5247690111
alex,G,0,1,6,task,24.493,4060.2470098039216
alex,G,0,1,7,task,16.9677,3465.2288461538437
alex,G,0,2,0,in,26.751,3597.0713071895425
alex,G,0,2,0,task,42.5588,3872.557849844918
alex,G,0,2,1,task,79.676,3818.0561320754705
alex,G,0,2,2,task,34.5176,3792.8924901185783
alex,G,0,2,3,task,29.5908,3646.05605263158
alex,G,0,2,4,task,22.0968,3592.1909523809513
alex,G,0,2,5,task,55.8207,4136.614871977239
alex,G,0,2,6,task,24.3759,4078.6215196078433
alex,G,0,2,7,task,16.8611,3499.7541958041957
alex,G,0,3,0,in,21.7299,3729.6924358974356
alex,G,0,3,0,task,42.4093,3886.355820105817
alex,G,0,3,1,task,79.5794,3831.1187412846116
alex,G,0,3,2,task,34.4294,3804.8144268774713
alex,G,0,3,3,task,29.4526,3653.228947368421
alex,G,0,3,4,task,21.9989,3605.885238095237
alex,G,0,3,5,task,55.8365,4141.757590146536
alex,G,0,3,6,task,24.262,4084.0616421568634
alex,G,0,3,7,task,16.7305,3489.75681818182
alex,G,0,4,0,in,18.4524,3966.534948384948
alex,G,0,4,0,task,42.3267,3932.470502645502
alex,G,0,4,1,task,79.536,3845.4225305216432
alex,G,0,4,2,task,34.3565,3815.570355731224
alex,G,0,4,3,task,29.3885,3663.541052631578
alex,G,0,4,4,task,21.8483,3614.6876190476164
alex,G,0,4,5,task,55.7888,4178.480952155164
alex,G,0,4,6,task,24.1574,4094.6866421568625
alex,G,0,4,7,task,16.6724,3504.8795454545457
alex,G,0,5,0,in,15.7414,4235.191843434344
alex,G,0,5,0,task,42.2345,3987.3924603174614
alex,G,0,5,1,task,79.4966,3888.61338256638
alex,G,0,5,2,task,34.3122,3853.734189723322
alex,G,0,5,3,task,29.3408,3721.755263157894
alex,G,0,5,4,task,21.8255,3675.3042857142864
alex,G,0,5,5,task,55.9175,4200.831517645465
alex,G,0,5,6,task,24.1444,4150.317573529411
alex,G,0,5,7,task,16.6219,3549.8469696969696
alex,G,0,6,0,in,13.93,4533.997261904763
alex,G,0,6,0,task,42.2353,4054.080555555554
alex,G,0,6,1,task,79.4716,3938.020611713479
alex,G,0,6,2,task,34.2551,3916.902173913044
alex,G,0,6,3,task,29.2963,3775.640263157895
alex,G,0,6,4,task,21.7705,3731.5466666666675
alex,G,0,6,5,task,55.7401,4248.829398463036
alex,G,0,6,6,task,24.117,4189.3171323529405
alex,G,0,6,7,task,16.5958,3611.7196969696965
alex,G,0,7,0,in,12.5436,4981.041587301587
alex,G,0,7,0,task,42.1686,4160.570238095238
alex,G,0,7,1,task,79.446,4026.994834087483
alex,G,0,7,2,task,34.2837,3985.924703557314
alex,G,0,7,3,task,29.2594,3868.7344736842106
alex,G,0,7,4,task,21.7286,3846.1076190476197
alex,G,0,7,5,task,55.6198,4331.544773307144
alex,G,0,7,6,task,24.0393,4280.708455882353
alex,G,0,7,7,task,16.5725,3695.547727272729
alex,G,1,0,0,in,53.1268,3351.9320047293854
alex,G,1,0,0,task,30.046,4116.231052631579
alex,G,1,0,1,task,55.0411,4096.491996996996
alex,G,1,0,2,task,24.3969,4013.488823529412
alex,G,1,0,3,task,21.2444,3784.8682417582404
alex,G,1,0,4,task,16.5093,3702.7110606060633
alex,G,1,0,5,task,40.0174,4461.452871794872
alex,G,1,0,6,task,17.7767,4358.979895104895
alex,G,1,0,7,task,12.649,3567.359848484848
alex,G,1,1,0,in,36.0574,3466.945761904761
alex,G,1,1,0,task,29.559,4141.120204678362
alex,G,1,1,1,task,54.8336,4107.229731874732
alex,G,1,1,2,task,24.0676,4026.848749999999
alex,G,1,1,3,task,20.7676,3792.958241758242
alex,G,1,1,4,task,15.9429,3722.538181818182
alex,G,1,1,5,task,39.7,4479.188478632477
alex,G,1,1,6,task,17.5821,4374.08712121212
alex,G,1,1,7,task,12.3272,3585.6805555555557
alex,G,1,2,0,in,26.7293,3609.197054093567
alex,G,1,2,0,task,29.2899,4165.86394736842
alex,G,1,2,1,task,54.5427,4109.533650793649
alex,G,1,2,2,task,23.8024,4046.4191666666675
alex,G,1,2,3,task,20.4502,3818.445054945053
alex,G,1,2,4,task,15.6678,3748.1490909090912
alex,G,1,2,5,task,39.6348,4493.567133903134
alex,G,1,2,6,task,17.3807,4361.49015151515
alex,G,1,2,7,task,12.1686,3594.1138888888877
alex,G,1,3,0,in,21.7961,3754.3458241758244
alex,G,1,3,0,task,29.2149,4192.732953216375
alex,G,1,3,1,task,54.4771,4135.630634920635
alex,G,1,3,2,task,23.6857,4069.425
alex,G,1,3,3,task,20.2612,3834.5681318681304
alex,G,1,3,4,task,15.4659,3762.7340909090913
alex,G,1,3,5,task,39.5381,4523.50094017094
alex,G,1,3,6,task,17.2975,4395.375757575759
alex,G,1,3,7,task,12.0538,3619.0333333333333
alex,G,1,4,0,in,18.3595,3996.226736596736
alex,G,1,4,0,task,29.0227,4249.064824561405
alex,G,1,4,1,task,54.4182,4154.849047619048
alex,G,1,4,2,task,23.6592,4100.445000000001
alex,G,1,4,3,task,20.209,3877.781868131869
alex,G,1,4,4,task,15.3937,3799.6428282828274
alex,G,1,4,5,task,39.4888,4536.541287749289
alex,G,1,4,6,task,17.2531,4426.719696969696
alex,G,1,4,7,task,12.0106,3640.8291666666673
alex,G,1,5,0,in,15.6708,4282.674545454546
alex,G,1,5,0,task,29.0256,4317.613888888887
alex,G,1,5,1,task,54.402,4210.121746031746
alex,G,1,5,2,task,23.6116,4146.939166666666
alex,G,1,5,3,task,20.1735,3906.6527472527487
alex,G,1,5,4,task,15.3989,3830.9690909090914
alex,G,1,5,5,task,39.3523,4578.665736467237
alex,G,1,5,6,task,17.2579,4470.967727272728
alex,G,1,5,7,task,11.9789,3677.179166666666
alex,G,1,6,0,in,13.8072,4590.5851190476205
alex,G,1,6,0,task,28.9724,4389.814795321636
alex,G,1,6,1,task,54.3487,4264.018015873018
alex,G,1,6,2,task,23.5759,4185.705416666668
alex,G,1,6,3,task,20.1384,3988.695604395602
alex,G,1,6,4,task,15.3334,3897.050202020202
alex,G,1,6,5,task,39.2911,4629.591173789173
alex,G,1,6,6,task,17.2032,4526.492575757577
alex,G,1,6,7,task,11.9405,3723.626388888889
alex,G,1,7,0,in,12.5182,5054.468253968255
alex,G,1,7,0,task,28.9733,4508.133888888888
alex,G,1,7,1,task,54.3232,4350.772857142856
alex,G,1,7,2,task,23.5725,4307.636666666667
alex,G,1,7,3,task,20.115,4074.5868131868147
alex,G,1,7,4,task,15.2942,4013.8840404040407
alex,G,1,7,5,task,39.2341,4716.450603988603
alex,G,1,7,6,task,17.2072,4603.172121212119
alex,G,1,7,7,task,11.914,3824.430555555555
alex,G,2,0,0,in,52.8725,3377.735938303629
alex,G,2,0,0,task,23.7924,4333.211249999999
alex,G,2,0,1,task,42.1784,4365.7838898011305
alex,G,2,0,2,task,19.1216,4261.3108974358975
alex,G,2,0,3,task,16.9399,3937.3100000000013
alex,G,2,0,4,task,13.181,3822.899444444444
alex,G,2,0,5,task,33.0983,4741.775908149821
alex,G,2,0,6,task,14.9371,4599.7425252525245
alex,G,2,0,7,task,10.3889,3644.127420634921
alex,G,2,1,0,in,36.1354,3489.638419580419
alex,G,2,1,0,task,23.3703,4390.799166666668
alex,G,2,1,1,task,41.923,4370.62447089947
alex,G,2,1,2,task,18.7579,4269.910897435898
alex,G,2,1,3,task,16.3742,3974.3104545454535
alex,G,2,1,4,task,12.6242,3848.879563492064
alex,G,2,1,5,task,32.938,4760.164567099567
alex,G,2,1,6,task,14.6938,4602.118686868686
alex,G,2,1,7,task,10.0522,3682.464285714284
alex,G,2,2,0,in,26.6965,3653.7738802889576
alex,G,2,2,0,task,23.0927,4420.3775000000005
alex,G,2,2,1,task,41.7704,4374.96746031746
alex,G,2,2,2,task,18.515,4284.5948717948695
alex,G,2,2,3,task,16.0504,3987.5881818181806
alex,G,2,2,4,task,12.3971,3867.511706349207
alex,G,2,2,5,task,32.7164,4770.29564935065
alex,G,2,2,6,task,14.5041,4620.817777777778
alex,G,2,2,7,task,9.8715,3704.8767857142866
alex,G,2,3,0,in,21.6144,3783.735329670328
alex,G,2,3,0,task,22.9656,4451.064880952383
alex,G,2,3,1,task,41.6145,4398.305158730161
alex,G,2,3,2,task,18.4461,4320.026515151517
alex,G,2,3,3,task,15.9613,4003.4318181818194
alex,G,2,3,4,task,12.1883,3902.6138888888886
alex,G,2,3,5,task,32.61,4793.658471673256
alex,G,2,3,6,task,14.411,4637.006666666665
alex,G,2,3,7,task,9.7426,3709.282142857145
alex,G,2,4,0,in,18.3067,4022.766491841491
alex,G,2,4,0,task,22.8708,4496.46375
alex,G,2,4,1,task,41.5808,4429.417969067967
alex,G,2,4,2,task,18.3554,4343.810664335662
alex,G,2,4,3,task,15.8685,4048.2981818181815
alex,G,2,4,4,task,12.0973,3950.024206349207
alex,G,2,4,5,task,32.5271,4834.533787878788
alex,G,2,4,6,task,14.3443,4664.986666666667
alex,G,2,4,7,task,9.6829,3723.270833333333
alex,G,2,5,0,in,15.7174,4295.420505050504
alex,G,2,5,0,task,22.8037,4583.838988095239
alex,G,2,5,1,task,41.5393,4475.628571428569
alex,G,2,5,2,task,18.3244,4397.279836829837
alex,G,2,5,3,task,15.8094,4101.121818181818
alex,G,2,5,4,task,12.0529,4007.761904761904
alex,G,2,5,5,task,32.4998,4868.655332204028
alex,G,2,5,6,task,14.3145,4690.481111111111
alex,G,2,5,7,task,9.6287,3771.9333333333357
alex,G,2,6,0,in,13.9341,4639.648611111113
alex,G,2,6,0,task,22.7528,4657.444940476191
alex,G,2,6,1,task,41.5274,4543.34481969882
alex,G,2,6,2,task,18.3144,4434.6411421911425
alex,G,2,6,3,task,15.8106,4183.026363636363
alex,G,2,6,4,task,12.1331,4049.0446428571427
alex,G,2,6,5,task,32.5081,4935.79381635908
alex,G,2,6,6,task,14.2661,4754.9825
alex,G,2,6,7,task,9.6159,3821.9547619047626
alex,G,2,7,0,in,12.4994,5070.720436507937
alex,G,2,7,0,task,22.7718,4799.618571428571
alex,G,2,7,1,task,41.5832,4629.465384615383
alex,G,2,7,2,task,18.29,4524.812121212121
alex,G,2,7,3,task,15.7922,4239.127777777778
alex,G,2,7,4,task,12.0839,4162.480357142857
alex,G,2,7,5,task,32.6514,5019.419010025063
alex,G,2,7,6,task,14.2819,4846.809444444445
alex,G,2,7,7,task,9.6017,3925.4547619047626
alex,G,3,0,0,in,53.1327,3462.2324252961384
alex,G,3,0,0,task,17.6404,5001.410606060605
alex,G,3,0,1,task,30.2929,5127.108771929824
alex,G,3,0,2,task,14.4807,4817.185277777778
alex,G,3,0,3,task,12.9677,4353.050198412699
alex,G,3,0,4,task,10.3769,4170.316666666668
alex,G,3,0,5,task,29.5531,5178.2862229102175
alex,G,3,0,6,task,13.6043,4960.85
alex,G,3,0,7,task,7.6975,3856.276666666668
alex,G,3,1,0,in,36.3164,3578.3664224021604
alex,G,3,1,0,task,17.1328,5044.016363636363
alex,G,3,1,1,task,30.0039,5162.073684210527
alex,G,3,1,2,task,14.0033,4886.054166666669
alex,G,3,1,3,task,12.2167,4411.3875
alex,G,3,1,4,task,9.4463,4228.588095238096
alex,G,3,1,5,task,29.2919,5197.349690402476
alex,G,3,1,6,task,13.4267,4975.298055555556
alex,G,3,1,7,task,7.6912,3916.3999999999996
alex,G,3,2,0,in,26.6634,3727.6653723155932
alex,G,3,2,0,task,16.9318,5106.920000000002
alex,G,3,2,1,task,29.8695,5177.050877192982
alex,G,3,2,2,task,13.8662,4900.34027777778
alex,G,3,2,3,task,12.0584,4429.948214285715
alex,G,3,2,4,task,9.3932,4259.722857142858
alex,G,3,2,5,task,29.1056,5231.784537323703
alex,G,3,2,6,task,13.2085,4992.7555555555555
alex,G,3,2,7,task,7.5492,3940.2216666666664
alex,G,3,3,0,in,21.7071,3869.4649167499183
alex,G,3,3,0,task,16.8155,5145.811818181819
alex,G,3,3,1,task,29.7952,5202.936257309941
alex,G,3,3,2,task,13.7753,4930.531944444444
alex,G,3,3,3,task,11.8562,4459.237499999999
alex,G,3,3,4,task,9.2489,4283.733333333334
alex,G,3,3,5,task,29.058,5257.370571035433
alex,G,3,3,6,task,13.1388,5020.540277777778
alex,G,3,3,7,task,7.4853,3933.296666666666
alex,G,3,4,0,in,18.2903,4110.659747474749
alex,G,3,4,0,task,16.7162,5233.609090909093
alex,G,3,4,1,task,29.7111,5230.604093567251
alex,G,3,4,2,task,13.7118,4965.604166666668
alex,G,3,4,3,task,11.7869,4504.6125
alex,G,3,4,4,task,9.1628,4339.146666666668
alex,G,3,4,5,task,29.0447,5270.346422428622
alex,G,3,4,6,task,13.0881,5046.594444444445
alex,G,3,4,7,task,7.4325,3976.538333333334
alex,G,3,5,0,in,15.671,4388.125101010101
alex,G,3,5,0,task,16.6567,5295.042727272729
alex,G,3,5,1,task,29.6665,5268.369590643274
alex,G,3,5,2,task,13.6724,4992.425
alex,G,3,5,3,task,11.6985,4534.935714285714
alex,G,3,5,4,task,9.0613,4380.16
alex,G,3,5,5,task,29.1316,5361.068266253868
alex,G,3,5,6,task,13.0258,5111.514682539683
alex,G,3,5,7,task,7.3449,3996.785
alex,G,3,6,0,in,13.8075,4720.829166666668
alex,G,3,6,0,task,16.5881,5414.0481818181825
alex,G,3,6,1,task,29.6718,5355.740350877193
alex,G,3,6,2,task,13.6303,5083.726388888889
alex,G,3,6,3,task,11.6539,4649.312500000001
alex,G,3,6,4,task,9.0356,4493.31
alex,G,3,6,5,task,28.9044,5367.307309941521
alex,G,3,6,6,task,13.002,5157.455555555555
alex,G,3,6,7,task,7.3134,4059.925
alex,G,3,7,0,in,12.3102,5221.112103174603
alex,G,3,7,0,task,16.5087,5601.8381818181815
alex,G,3,7,1,task,29.6385,5440.63157894737
alex,G,3,7,2,task,13.6367,5145.5125
alex,G,3,7,3,task,11.6473,4714.025000000001
alex,G,3,7,4,task,8.9956,4564.173333333335
alex,G,3,7,5,task,28.8555,5462.270915032681
alex,G,3,7,6,task,13.0009,5215.779563492064
alex,G,3,7,7,task,7.3093,4179.09
alex,G,4,0,0,in,53.0664,3633.279275821091
alex,G,4,0,0,task,14.7589,6031.654242424243
alex,G,4,0,1,task,24.7492,6378.186617647058
alex,G,4,0,2,task,12.1124,5710.930357142857
alex,G,4,0,3,task,10.7441,4945.429761904761
alex,G,4,0,4,task,8.5046,4640.380000000001
alex,G,4,0,5,task,29.1769,5654.360801513585
alex,G,4,0,6,task,13.5756,5380.1402777777785
alex,G,4,0,7,task,6.5522,4186.706904761905
alex,G,4,1,0,in,36.0778,3753.9486750968313
alex,G,4,1,0,task,14.2958,6112.137222222219
alex,G,4,1,1,task,24.4722,6418.624166666667
alex,G,4,1,2,task,11.6983,5754.469642857142
alex,G,4,1,3,task,10.1571,5030.575238095238
alex,G,4,1,4,task,7.7692,4718.598333333333
alex,G,4,1,5,task,28.804,5706.267337461302
alex,G,4,1,6,task,13.2955,5397.625
alex,G,4,1,7,task,6.2271,4232.3133333333335
alex,G,4,2,0,in,26.7238,3922.4015336134457
alex,G,4,2,0,task,14.0961,6172.952777777778
alex,G,4,2,1,task,24.3155,6438.460416666668
alex,G,4,2,2,task,11.5381,5754.301785714284
alex,G,4,2,3,task,9.9078,5073.035714285716
alex,G,4,2,4,task,7.6207,4743.1866666666665
alex,G,4,2,5,task,28.7942,5736.271947024425
alex,G,4,2,6,task,13.1185,5424.690277777778
alex,G,4,2,7,task,6.1086,4246.6
alex,G,4,3,0,in,21.7184,4057.9993956043954
alex,G,4,3,0,task,13.9832,6258.4111111111115
alex,G,4,3,1,task,24.2306,6462.829166666666
alex,G,4,3,2,task,11.4428,5842.987499999999
alex,G,4,3,3,task,9.6585,5124.11238095238
alex,G,4,3,4,task,7.3999,4822.575
alex,G,4,3,5,task,28.573,5760.5225318197445
alex,G,4,3,6,task,13.0479,5442.3146825396825
alex,G,4,3,7,task,6.032,4284.836666666666
alex,G,4,4,0,in,18.3938,4311.942272727273
alex,G,4,4,0,task,13.9038,6358.002777777778
alex,G,4,4,1,task,24.1712,6510.212857142859
alex,G,4,4,2,task,11.4122,5878.288095238097
alex,G,4,4,3,task,9.6161,5177.852380952381
alex,G,4,4,4,task,7.4266,4836.52
alex,G,4,4,5,task,28.571,5799.643395252838
alex,G,4,4,6,task,13.0369,5481.999007936508
alex,G,4,4,7,task,5.9715,4306.385
alex,G,4,5,0,in,15.6857,4624.755378787878
alex,G,4,5,0,task,13.804,6438.840277777778
alex,G,4,5,1,task,24.145,6574.493333333333
alex,G,4,5,2,task,11.3396,5911.14345238095
alex,G,4,5,3,task,9.525,5226.685714285715
alex,G,4,5,4,task,7.4522,4909.255
alex,G,4,5,5,task,28.4427,5830.918954248368
alex,G,4,5,6,task,12.9525,5525.881746031747
alex,G,4,5,7,task,5.9158,4324.03
alex,G,4,6,0,in,13.8846,4940.951388888889
alex,G,4,6,0,task,13.7257,6567.86388888889
alex,G,4,6,1,task,24.1125,6659.555357142858
alex,G,4,6,2,task,11.3371,5978.11071428571
alex,G,4,6,3,task,9.4745,5287.985714285714
alex,G,4,6,4,task,7.3443,4972.511666666666
alex,G,4,6,5,task,28.4697,5891.591124871001
alex,G,4,6,6,task,12.9339,5594.680753968254
alex,G,4,6,7,task,5.8683,4415.39
alex,G,4,7,0,in,12.4008,5451.767857142858
alex,G,4,7,0,task,13.7034,6780.231944444441
alex,G,4,7,1,task,24.0945,6781.018571428573
alex,G,4,7,2,task,11.3048,6115.565476190473
alex,G,4,7,3,task,9.4729,5447.662857142858
alex,G,4,7,4,task,7.3248,5161.375
alex,G,4,7,5,task,28.3685,5993.083144134849
alex,G,4,7,6,task,12.9586,5681.840674603176
alex,G,4,7,7,task,5.8446,4499.658333333334
alex,L,0,-1,0,in,121.7433,3159.4614081078894
alex,L,0,-1,0,task,60.6955,3519.467951215425
alex,L,0,-1,1,task,74.1779,3720.1225312802953
alex,L,0,-1,2,task,28.0276,3599.102030834663
alex,L,0,-1,3,task,23.7377,3590.283778677463
alex,L,0,-1,4,task,17.7676,3574.599592074593
alex,L,0,-1,5,task,50.1335,4116.556618044227
alex,L,0,-1,6,task,21.5637,4064.5600175070017
alex,L,0,-1,7,task,5.8417,3845.16
alex,L,1,-1,0,in,82.8063,3202.332547928263
alex,L,1,-1,0,task,42.1018,3677.6292753147227
alex,L,1,-1,1,task,51.7148,3948.534029369321
alex,L,1,-1,2,task,19.644,3760.3304029304045
alex,L,1,-1,3,task,16.794,3736.915909090907
alex,L,1,-1,4,task,12.8023,3691.0249999999987
alex,L,1,-1,5,task,37.4377,4336.862916264092
alex,L,1,-1,6,task,15.3655,4291.6172727272715
alex,L,1,-1,7,task,4.2863,3900.200000000001
alex,L,2,-1,0,in,60.9367,3257.182856672005
alex,L,2,-1,0,task,27.3102,4031.6487982530934
alex,L,2,-1,1,task,39.4394,4271.825783475783
alex,L,2,-1,2,task,15.2388,3969.539696969697
alex,L,2,-1,3,task,13.1652,3915.4947222222218
alex,L,2,-1,4,task,10.1158,3853.8630952380945
alex,L,2,-1,5,task,36.9279,4427.974797101449
alex,L,2,-1,6,task,15.3963,4384.033131313132
alex,L,2,-1,7,task,4.1742,3954.5499999999993
alex,L,3,-1,0,in,49.3955,3336.919982569831
alex,L,3,-1,0,task,22.9177,4330.085535714287
alex,L,3,-1,1,task,33.2525,4649.17049689441
alex,L,3,-1,2,task,12.9525,4198.0105555555565
alex,L,3,-1,3,task,11.4014,4117.225
alex,L,3,-1,4,task,8.718,4023.079999999999
alex,L,3,-1,5,task,36.823,4554.043020066889
alex,L,3,-1,6,task,15.3445,4494.304545454546
alex,L,3,-1,7,task,4.1287,3998.616666666667
alex,L,4,-1,0,in,41.5743,3424.1470555555557
alex,L,4,-1,0,task,19.9311,4705.5252564102575
alex,L,4,-1,1,task,29.4196,5087.886842105263
alex,L,4,-1,2,task,11.3727,4488.057142857144
alex,L,4,-1,3,task,10.083,4343.657142857142
alex,L,4,-1,4,task,7.6708,4242.613333333333
alex,L,4,-1,5,task,36.5473,4701.441471014495
alex,L,4,-1,6,task,15.4685,4614.427575757576
alex,L,4,-1,7,task,4.1387,4054.075
alex,L,5,-1,0,in,35.3086,3603.6918581780537
alex,L,5,-1,0,task,17.7418,5352.893106893108
alex,L,5,-1,1,task,26.5853,5892.655555555555
alex,L,5,-1,2,task,10.2531,4992.033333333333
alex,L,5,-1,3,task,9.2127,4730.316666666667
alex,L,5,-1,4,task,7.1123,4534.141666666666
alex,L,5,-1,5,task,36.5144,4994.842789855073
alex,L,5,-1,6,task,15.436,4901.644949494949
alex,L,5,-1,7,task,4.0805,4254.366666666667
google,B,0,-1,0,in,61.9567,3330.8178571714166
google,B,0,-1,0,task,77.9354,3693.389329409512
google,B,0,-1,1,task,59.5301,3727.3140430330845
google,B,0,-1,2,task,36.4211,3626.374581938757
google,B,0,-1,3,task,85.4689,3633.8179082133393
google,B,0,-1,4,task,27.2208,3597.650533217425
google,B,0,-1,5,task,31.8465,3601.868060486351
google,B,0,-1,6,task,32.9009,3631.2344381847
google,B,0,-1,7,task,39.9779,3589.408678301236
google,B,0,-1,8,task,57.1668,3599.6213308322017
google,B,0,-1,9,task,22.3234,3619.606777151211
google,B,0,-1,10,task,32.1253,3632.775687971533
google,B,1,-1,0,in,42.0744,3438.25715318608
google,B,1,-1,0,task,52.9213,3937.0697574600526
google,B,1,-1,1,task,41.3812,3967.3817157733424
google,B,1,-1,2,task,25.2089,3829.8555625583563
google,B,1,-1,3,task,59.1285,3847.7307932519675
google,B,1,-1,4,task,18.8647,3777.9164836389104
google,B,1,-1,5,task,21.9268,3792.709367528757
google,B,1,-1,6,task,23.1667,3822.272864637083
google,B,1,-1,7,task,27.8204,3779.735796993621
google,B,1,-1,8,task,40.4467,3792.751958847036
google,B,1,-1,9,task,16.0388,3779.739630924631
google,B,1,-1,10,task,22.9284,3806.362747962823
google,B,2,-1,0,in,30.8875,3615.5113784461155
google,B,2,-1,0,task,39.4873,4260.135542931336
google,B,2,-1,1,task,31.6887,4275.51073156978
google,B,2,-1,2,task,18.9622,4074.1788743493357
google,B,2,-1,3,task,44.7974,4123.976148298902
google,B,2,-1,4,task,14.5826,4003.991034716917
google,B,2,-1,5,task,16.6149,4014.5635314685305
google,B,2,-1,6,task,18.1674,4039.4954906204903
google,B,2,-1,7,task,21.2012,4018.0103406754074
google,B,2,-1,8,task,31.0051,4040.5476465912257
google,B,2,-1,9,task,12.5273,3956.268809523809
google,B,2,-1,10,task,17.7891,4025.410198135198
google,B,3,-1,0,in,25.0363,3771.497508169934
google,B,3,-1,0,task,32.8934,4549.64852466374
google,B,3,-1,1,task,26.6811,4540.058884760923
google,B,3,-1,2,task,15.975,4291.78831168831
google,B,3,-1,3,task,37.1701,4392.23010273699
google,B,3,-1,4,task,11.8469,4211.308658008657
google,B,3,-1,5,task,13.9227,4216.84263888889
google,B,3,-1,6,task,14.9959,4263.40083704694
google,B,3,-1,7,task,17.9688,4211.068819073084
google,B,3,-1,8,task,26.2116,4255.573342227696
google,B,3,-1,9,task,10.7547,4145.583928571427
google,B,3,-1,10,task,15.157,4212.396662781663
google,B,4,-1,0,in,21.104,4066.1221978021954
google,B,4,-1,0,task,28.8544,4969.3669112174375
google,B,4,-1,1,task,23.4422,4939.145376853538
google,B,4,-1,2,task,13.7879,4620.748717948717
google,B,4,-1,3,task,32.1949,4782.759245384246
google,B,4,-1,4,task,10.3875,4446.48005050505
google,B,4,-1,5,task,12.1711,4486.960406162465
google,B,4,-1,6,task,12.7217,4607.940277777779
google,B,4,-1,7,task,15.4493,4516.087985625485
google,B,4,-1,8,task,22.5565,4590.194197012137
google,B,4,-1,9,task,9.5662,4373.381547619047
google,B,4,-1,10,task,13.8545,4473.506363636363
google,B,5,-1,0,in,17.9313,4394.838461538461
google,B,5,-1,0,task,24.8803,5541.03956680918
google,B,5,-1,1,task,20.5826,5463.000637980944
google,B,5,-1,2,task,12.2186,5053.384484126985
google,B,5,-1,3,task,28.2745,5299.601631070428
google,B,5,-1,4,task,9.3534,4801.468253968255
google,B,5,-1,5,task,10.652,4899.268253968257
google,B,5,-1,6,task,12.1448,4932.593771506272
google,B,5,-1,7,task,13.8223,4892.247585470084
google,B,5,-1,8,task,19.6679,5053.5525484384025
google,B,5,-1,9,task,8.8891,4659.024090909092
google,B,5,-1,10,task,12.9689,4777.220378510378
google,B,6,-1,0,in,15.8211,4781.748181818182
google,B,6,-1,0,task,23.2895,6128.239163165266
google,B,6,-1,1,task,19.0329,6068.454945054946
google,B,6,-1,2,task,11.1167,5525.312896825395
google,B,6,-1,3,task,25.8293,5896.1338652798695
google,B,6,-1,4,task,8.4097,5290.032889610389
google,B,6,-1,5,task,9.7725,5340.270476190477
google,B,6,-1,6,task,10.7086,5419.948452380952
google,B,6,-1,7,task,12.5287,5323.041666666666
google,B,6,-1,8,task,18.1035,5555.004953379954
google,B,6,-1,9,task,8.1422,5029.043333333333
google,B,6,-1,10,task,11.6569,5248.211825396825
google,B,7,-1,0,in,14.1743,5367.511111111114
google,B,7,-1,0,task,21.5213,7150.652178523232
google,B,7,-1,1,task,17.8308,7021.126610845291
google,B,7,-1,2,task,10.4007,6333.864880952382
google,B,7,-1,3,task,23.7487,6910.490510697035
google,B,7,-1,4,task,7.8624,5934.713333333332
google,B,7,-1,5,task,9.1904,6036.6658333333335
google,B,7,-1,6,task,9.953,6182.903679653681
google,B,7,-1,7,task,11.8394,6004.284816849815
google,B,7,-1,8,task,16.8545,6354.300216450216
google,B,7,-1,9,task,7.7351,5567.358333333334
google,B,7,-1,10,task,11.3581,5818.65352092352
google,G,0,0,0,in,53.8885,3373.605406226064
google,G,0,0,0,task,75.3222,3686.8370020964358
google,G,0,0,1,task,78.7263,3599.700740740741
google,G,0,0,2,task,42.0474,3663.296122411145
google,G,0,0,3,task,96.8776,3628.6821416632265
google,G,0,0,4,task,35.0504,3594.9874562739983
google,G,0,0,5,task,41.0188,3584.0017615398665
google,G,0,0,6,task,42.347,3586.2036890195463
google,G,0,0,7,task,47.5545,3641.2990530303014
google,G,0,0,8,task,67.646,3646.7990893651645
google,G,0,0,9,task,24.9672,3642.779558823531
google,G,0,0,10,task,34.6874,3701.610962962963
google,G,0,1,0,in,36.7635,3473.4536872909694
google,G,0,1,0,task,74.9003,3681.352190476191
google,G,0,1,1,task,78.4115,3591.861953242835
google,G,0,1,2,task,41.6275,3659.0529054916983
google,G,0,1,3,task,96.4044,3624.4443356374795
google,G,0,1,4,task,34.2412,3594.889640974968
google,G,0,1,5,task,40.3991,3585.6670838420837
google,G,0,1,6,task,41.9765,3580.565343915344
google,G,0,1,7,task,46.8201,3653.9608131720447
google,G,0,1,8,task,66.9282,3637.815745830396
google,G,0,1,9,task,24.1819,3650.1240686274514
google,G,0,1,10,task,34.1891,3702.6057700922265
google,G,0,2,0,in,27.1705,3603.7944100447203
google,G,0,2,0,task,74.6347,3690.501346938775
google,G,0,2,1,task,78.2029,3603.3178733031696
google,G,0,2,2,task,41.3967,3675.3283882783894
google,G,0,2,3,task,96.088,3628.802414554531
google,G,0,2,4,task,33.8298,3608.080632411069
google,G,0,2,5,task,39.9956,3602.9787749287752
google,G,0,2,6,task,41.5284,3593.7764245014255
google,G,0,2,7,task,46.3712,3655.8758212829084
google,G,0,2,8,task,66.4846,3657.730219638243
google,G,0,2,9,task,23.6747,3670.0139950980392
google,G,0,2,10,task,33.6449,3716.569828722003
google,G,0,3,0,in,22.046,3733.8111904761913
google,G,0,3,0,task,74.4834,3694.8811649659865
google,G,0,3,1,task,78.1413,3612.2636877828027
google,G,0,3,2,task,41.3369,3699.462433862435
google,G,0,3,3,task,96.0911,3632.062520801331
google,G,0,3,4,task,33.7598,3610.236118953508
google,G,0,3,5,task,39.9198,3600.06184045584
google,G,0,3,6,task,41.4005,3617.3671041921048
google,G,0,3,7,task,46.2677,3680.116801075268
google,G,0,3,8,task,66.4261,3683.865999530186
google,G,0,3,9,task,23.6114,3678.703112745098
google,G,0,3,10,task,33.6254,3723.6504117259547
google,G,0,4,0,in,18.628,3984.158216783217
google,G,0,4,0,task,74.4104,3733.318962585033
google,G,0,4,1,task,78.0551,3636.395739064858
google,G,0,4,2,task,41.2212,3716.6312067562076
google,G,0,4,3,task,95.9245,3660.2254672299027
google,G,0,4,4,task,33.5983,3662.6111330698277
google,G,0,4,5,task,39.7638,3645.2358974358976
google,G,0,4,6,task,41.2551,3647.4205128205135
google,G,0,4,7,task,46.1502,3714.6977419354835
google,G,0,4,8,task,66.1987,3687.3768498942914
google,G,0,4,9,task,23.3604,3720.911249999999
google,G,0,4,10,task,33.2529,3774.4916760775463
google,G,0,5,0,in,15.8933,4257.813636363637
google,G,0,5,0,task,74.3168,3778.0043367346934
google,G,0,5,1,task,78.0205,3675.1791101055815
google,G,0,5,2,task,41.2287,3753.7394993894995
google,G,0,5,3,task,95.924,3700.3493183563737
google,G,0,5,4,task,33.6468,3691.8964050442305
google,G,0,5,5,task,39.7989,3677.515435897438
google,G,0,5,6,task,41.2671,3685.134696784697
google,G,0,5,7,task,46.1605,3755.1108602150525
google,G,0,5,8,task,66.2235,3729.9384778012677
google,G,0,5,9,task,23.4089,3779.0929166666665
google,G,0,5,10,task,33.3028,3819.0283973273126
google,G,0,6,0,in,14.088,4579.304166666666
google,G,0,6,0,task,74.221,3838.89043367347
google,G,0,6,1,task,77.9808,3714.7824012066358
google,G,0,6,2,task,41.1458,3822.7197395197395
google,G,0,6,3,task,95.8214,3754.029985919098
google,G,0,6,4,task,33.5232,3752.9154903067947
google,G,0,6,5,task,39.7101,3737.5596866096853
google,G,0,6,6,task,41.2081,3730.0319698819685
google,G,0,6,7,task,46.0833,3796.7019503151655
google,G,0,6,8,task,66.138,3792.165697674416
google,G,0,6,9,task,23.1983,3835.2129166666655
google,G,0,6,10,task,33.1647,3876.28924101261
google,G,0,7,0,in,12.6764,5005.952777777778
google,G,0,7,0,task,74.1553,3931.57606292517
google,G,0,7,1,task,77.9462,3804.205052790346
google,G,0,7,2,task,41.1198,3918.37615995116
google,G,0,7,3,task,95.8211,3843.5982438876076
google,G,0,7,4,task,33.4674,3861.4072934312067
google,G,0,7,5,task,39.7357,3847.752083842085
google,G,0,7,6,task,41.1802,3851.860760248691
google,G,0,7,7,task,46.0343,3898.306284760845
google,G,0,7,8,task,66.1298,3879.276321353067
google,G,0,7,9,task,23.3006,3940.151011904764
google,G,0,7,10,task,32.9155,3989.0328910220233
google,G,1,0,0,in,54.0253,3365.6945410226685
google,G,1,0,0,task,51.4002,3893.7319760631526
google,G,1,0,1,task,53.4928,3777.6146171802056
google,G,1,0,2,task,29.0092,3839.685572263993
google,G,1,0,3,task,65.7774,3829.897381287962
google,G,1,0,4,task,24.3823,3735.559166666667
google,G,1,0,5,task,28.4536,3730.397397660819
google,G,1,0,6,task,29.4302,3720.914081035924
google,G,1,0,7,task,32.8819,3818.0364588744605
google,G,1,0,8,task,46.8409,3826.912204532815
google,G,1,0,9,task,17.7458,3788.2060722610727
google,G,1,0,10,task,24.6607,3862.1794741142057
google,G,1,1,0,in,36.7382,3493.8266134027003
google,G,1,1,0,task,50.9766,3904.2253119429597
google,G,1,1,1,task,53.125,3777.0601680672266
google,G,1,1,2,task,28.4191,3860.540994152046
google,G,1,1,3,task,65.0816,3826.578352461492
google,G,1,1,4,task,23.5179,3760.027450980394
google,G,1,1,5,task,27.6571,3747.5737702098386
google,G,1,1,6,task,28.7146,3758.6258771929834
google,G,1,1,7,task,31.9971,3851.156883116882
google,G,1,1,8,task,45.771,3848.6920800889907
google,G,1,1,9,task,16.6504,3831.6849999999995
google,G,1,1,10,task,23.4875,3912.4608823529416
google,G,1,2,0,in,27.1081,3620.264447884417
google,G,1,2,0,task,50.7159,3906.2008912655997
google,G,1,2,1,task,52.9667,3787.70201680672
google,G,1,2,2,task,28.2778,3884.31269005848
google,G,1,2,3,task,64.9738,3849.5179955703193
google,G,1,2,4,task,23.3912,3789.268749999999
google,G,1,2,5,task,27.5326,3777.699776401789
google,G,1,2,6,task,28.6353,3770.9762573099397
google,G,1,2,7,task,31.8016,3857.925238095238
google,G,1,2,8,task,45.6097,3862.5966073414907
google,G,1,2,9,task,16.5032,3861.0737878787872
google,G,1,2,10,task,23.2484,3927.175196078432
google,G,1,3,0,in,22.1117,3761.7380357142865
google,G,1,3,0,task,50.6215,3932.257932263814
google,G,1,3,1,task,52.9109,3808.2652941176466
google,G,1,3,2,task,28.3034,3881.47777777778
google,G,1,3,3,task,64.9738,3869.543048424445
google,G,1,3,4,task,23.3616,3803.4550000000004
google,G,1,3,5,task,27.5153,3785.604334365325
google,G,1,3,6,task,28.5428,3781.9719883040925
google,G,1,3,7,task,31.6997,3881.9824891774892
google,G,1,3,8,task,45.5984,3875.5824249165726
google,G,1,3,9,task,16.486,3860.283484848485
google,G,1,3,10,task,23.3729,3949.8747058823524
google,G,1,4,0,in,18.6712,3995.2032051282063
google,G,1,4,0,task,50.5314,3965.8313224153303
google,G,1,4,1,task,52.8347,3833.549915966386
google,G,1,4,2,task,28.1168,3937.7739766081863
google,G,1,4,3,task,64.7916,3896.066117990536
google,G,1,4,4,task,23.1405,3840.556666666667
google,G,1,4,5,task,27.2627,3831.7908324733394
google,G,1,4,6,task,28.3443,3818.599152046782
google,G,1,4,7,task,31.4634,3929.395844155844
google,G,1,4,8,task,45.2817,3909.320129773824
google,G,1,4,9,task,16.2576,3923.38212121212
google,G,1,4,10,task,22.9884,3996.9310049019605
google,G,1,5,0,in,15.8905,4281.01181818182
google,G,1,5,0,task,50.4667,4032.8973702274166
google,G,1,5,1,task,52.7968,3877.577415170614
google,G,1,5,2,task,28.0629,3980.4737702098396
google,G,1,5,3,task,64.6989,3944.864904518813
google,G,1,5,4,task,23.084,3885.109523809523
google,G,1,5,5,task,27.257,3873.3695067939484
google,G,1,5,6,task,28.3001,3860.8216374269014
google,G,1,5,7,task,31.4637,3976.379523809523
google,G,1,5,8,task,45.2577,3959.6164284537203
google,G,1,5,9,task,16.1203,3984.7548484848485
google,G,1,5,10,task,22.9386,4068.041120448183
google,G,1,6,0,in,14.0385,4590.862222222221
google,G,1,6,0,task,50.4099,4090.5067540322575
google,G,1,6,1,task,52.7915,3930.1641098484847
google,G,1,6,2,task,28.0763,4052.168472652219
google,G,1,6,3,task,64.7795,3999.585379924953
google,G,1,6,4,task,23.1378,3953.940476190477
google,G,1,6,5,task,27.322,3946.3954248366003
google,G,1,6,6,task,28.3785,3944.4764705882344
google,G,1,6,7,task,31.5238,4016.4844736842124
google,G,1,6,8,task,45.3128,4008.1983853311435
google,G,1,6,9,task,16.2244,4038.5861616161624
google,G,1,6,10,task,23.0172,4120.042976190475
google,G,1,7,0,in,12.5989,5078.876388888889
google,G,1,7,0,task,50.2666,4209.394758064516
google,G,1,7,1,task,52.7594,4023.6714015151515
google,G,1,7,2,task,28.0318,4163.186996904024
google,G,1,7,3,task,64.7011,4102.191458724204
google,G,1,7,4,task,23.0221,4064.8747619047617
google,G,1,7,5,task,27.1771,4053.2133169934614
google,G,1,7,6,task,28.2304,4057.7300653594775
google,G,1,7,7,task,31.4228,4141.443421052631
google,G,1,7,8,task,45.2568,4101.783274037585
google,G,1,7,9,task,16.0843,4154.112222222222
google,G,1,7,10,task,22.9558,4229.766112637363
google,G,2,0,0,in,53.9238,3381.7858595268253
google,G,2,0,0,task,39.5513,4104.366525641026
google,G,2,0,1,task,41.0805,3965.665749287748
google,G,2,0,2,task,22.8505,4024.2232738095236
google,G,2,0,3,task,51.2526,4023.8728158602153
google,G,2,0,4,task,19.2475,3895.3506410256423
google,G,2,0,5,task,22.2909,3899.6186080586085
google,G,2,0,6,task,23.1691,3879.9993086080585
google,G,2,0,7,task,25.5374,4029.2985784313723
google,G,2,0,8,task,36.0845,4035.60367494824
google,G,2,0,9,task,13.7577,3969.7955555555563
google,G,2,0,10,task,19.1117,4069.577512487514
google,G,2,1,0,in,36.7799,3495.4087615283283
google,G,2,1,0,task,39.1441,4127.813333333335
google,G,2,1,1,task,40.7222,3977.499076923079
google,G,2,1,2,task,22.5762,4046.3543675931924
google,G,2,1,3,task,50.9464,4030.855764296187
google,G,2,1,4,task,18.9693,3914.4199300699293
google,G,2,1,5,task,21.9968,3915.0212454212465
google,G,2,1,6,task,23.0199,3898.4932554945076
google,G,2,1,7,task,25.1879,4035.705220588235
google,G,2,1,8,task,35.7748,4050.633436853001
google,G,2,1,9,task,13.5684,3974.096150793651
google,G,2,1,10,task,19.085,4080.351689976692
google,G,2,2,0,in,27.229,3640.6752859477124
google,G,2,2,0,task,38.8839,4155.742333333334
google,G,2,2,1,task,40.5709,3988.3953846153854
google,G,2,2,2,task,22.2797,4061.892783882784
google,G,2,2,3,task,50.6954,4047.142958822092
google,G,2,2,4,task,18.8126,3935.92977855478
google,G,2,2,5,task,21.7665,3935.4203296703276
google,G,2,2,6,task,22.6941,3917.579413919413
google,G,2,2,7,task,24.9874,4062.497843137256
google,G,2,2,8,task,35.4926,4074.3713721061563
google,G,2,2,9,task,13.3837,3996.5902777777774
google,G,2,2,10,task,18.7752,4123.330827505828
google,G,2,3,0,in,22.1128,3780.912490842491
google,G,2,3,0,task,38.7983,4171.562999999998
google,G,2,3,1,task,40.5019,3997.8027692307687
google,G,2,3,2,task,22.1384,4092.4636263736274
google,G,2,3,3,task,50.4972,4056.5484879032256
google,G,2,3,4,task,18.5318,3961.9248834498844
google,G,2,3,5,task,21.3975,3973.844505494506
google,G,2,3,6,task,22.4038,3949.5249084249094
google,G,2,3,7,task,24.6215,4089.9041666666662
google,G,2,3,8,task,35.1785,4081.810653115001
google,G,2,3,9,task,13.1307,4010.6700396825395
google,G,2,3,10,task,18.4166,4125.369114219115
google,G,2,4,0,in,18.6558,4011.72768065268
google,G,2,4,0,task,38.6833,4200.864210144926
google,G,2,4,1,task,40.4539,4033.261692307692
google,G,2,4,2,task,22.0163,4135.437362637364
google,G,2,4,3,task,50.361,4095.6070564516126
google,G,2,4,4,task,18.2939,4001.7590909090923
google,G,2,4,5,task,21.1628,4009.926373626373
google,G,2,4,6,task,22.1363,4004.3589010989003
google,G,2,4,7,task,24.3588,4144.240892857142
google,G,2,4,8,task,34.846,4135.889083380388
google,G,2,4,9,task,12.776,4123.986904761904
google,G,2,4,10,task,18.0117,4205.289335664336
google,G,2,5,0,in,15.8437,4317.177373737373
google,G,2,5,0,task,38.5236,4280.597086956521
google,G,2,5,1,task,40.3999,4074.288269230768
google,G,2,5,2,task,21.9966,4179.328205128207
google,G,2,5,3,task,50.3016,4137.18387096774
google,G,2,5,4,task,18.2,4095.844696969696
google,G,2,5,5,task,21.091,4078.5630036630027
google,G,2,5,6,task,22.1112,4050.8027838827834
google,G,2,5,7,task,24.3276,4202.906369047619
google,G,2,5,8,task,34.8458,4178.053246753246
google,G,2,5,9,task,12.853,4177.68234126984
google,G,2,5,10,task,17.9198,4253.495454545454
google,G,2,6,0,in,14.05,4633.76
google,G,2,6,0,task,38.4391,4365.737318840579
google,G,2,6,1,task,40.3566,4126.490858974359
google,G,2,6,2,task,21.897,4261.157692307691
google,G,2,6,3,task,50.1831,4196.0285282258055
google,G,2,6,4,task,18.1431,4148.280303030304
google,G,2,6,5,task,21.0174,4154.000000000001
google,G,2,6,6,task,21.993,4117.618241758243
google,G,2,6,7,task,24.1731,4258.8167261904755
google,G,2,6,8,task,34.6168,4252.3325428194985
google,G,2,6,9,task,12.6628,4271.126587301587
google,G,2,6,10,task,17.708,4356.144696969696
google,G,2,7,0,in,12.62,5108.08376984127
google,G,2,7,0,task,38.4427,4475.41404347826
google,G,2,7,1,task,40.3655,4234.767076923075
google,G,2,7,2,task,21.9165,4358.249999999999
google,G,2,7,3,task,50.214,4304.520665322579
google,G,2,7,4,task,18.1485,4254.653030303029
google,G,2,7,5,task,21.073,4283.982600732603
google,G,2,7,6,task,22.0023,4236.105494505493
google,G,2,7,7,task,24.2297,4368.343214285715
google,G,2,7,8,task,34.695,4355.1539431582905
google,G,2,7,9,task,12.6565,4355.449999999999
google,G,2,7,10,task,17.8093,4487.709032634032
google,G,3,0,0,in,53.9342,3471.1677405886603
google,G,3,0,0,task,27.7123,4723.818627450979
google,G,3,0,1,task,28.8002,4515.13746130031
google,G,3,0,2,task,17.0681,4495.693939393941
google,G,3,0,3,task,36.4037,4602.294151138714
google,G,3,0,4,task,14.1821,4302.991666666667
google,G,3,0,5,task,16.2393,4338.526717171717
google,G,3,0,6,task,17.1988,4296.73106060606
google,G,3,0,7,task,18.2877,4533.323379953379
google,G,3,0,8,task,25.6316,4593.237026143791
google,G,3,0,9,task,10.2615,4362.311547619047
google,G,3,0,10,task,14.1945,4545.186590909091
google,G,3,1,0,in,36.8678,3596.2812127292996
google,G,3,1,0,task,27.2912,4751.186642156863
google,G,3,1,1,task,28.4456,4543.158169934642
google,G,3,1,2,task,16.1957,4566.015252525252
google,G,3,1,3,task,35.8306,4629.717318370036
google,G,3,1,4,task,13.7652,4319.8825
google,G,3,1,5,task,16.0117,4324.197171717172
google,G,3,1,6,task,16.7355,4319.019393939394
google,G,3,1,7,task,18.0935,4545.925372960373
google,G,3,1,8,task,25.5554,4618.242720588234
google,G,3,1,9,task,10.0737,4390.0519047619055
google,G,3,1,10,task,13.9543,4590.379797979797
google,G,3,2,0,in,27.1553,3745.810857413141
google,G,3,2,0,task,27.0448,4775.819485294118
google,G,3,2,1,task,28.3131,4545.953095975233
google,G,3,2,2,task,15.9286,4578.01101010101
google,G,3,2,3,task,35.3689,4655.943431206475
google,G,3,2,4,task,13.5657,4364.713333333332
google,G,3,2,5,task,15.8748,4363.6487878787875
google,G,3,2,6,task,16.7447,4351.302323232323
google,G,3,2,7,task,17.9916,4561.11590909091
google,G,3,2,8,task,25.7452,4603.978063725489
google,G,3,2,9,task,10.0206,4357.7128571428575
google,G,3,2,10,task,13.9292,4610.876944444443
google,G,3,3,0,in,21.9978,3893.9545421245425
google,G,3,3,0,task,26.8691,4808.802573529413
google,G,3,3,1,task,28.1754,4568.842810457515
google,G,3,3,2,task,15.728,4638.605757575757
google,G,3,3,3,task,34.9006,4709.937888198757
google,G,3,3,4,task,12.893,4453.493055555556
google,G,3,3,5,task,15.0578,4447.126666666666
google,G,3,3,6,task,15.9457,4402.051818181818
google,G,3,3,7,task,17.1208,4632.763484848487
google,G,3,3,8,task,24.5738,4691.737916666667
google,G,3,3,9,task,9.2134,4522.821428571428
google,G,3,3,10,task,12.9575,4748.280833333333
google,G,3,4,0,in,18.5609,4136.996911421911
google,G,3,4,0,task,26.7801,4876.019117647057
google,G,3,4,1,task,28.1445,4607.649346405229
google,G,3,4,2,task,15.6825,4717.022323232322
google,G,3,4,3,task,35.0902,4731.621701486921
google,G,3,4,4,task,13.0938,4477.8523809523795
google,G,3,4,5,task,15.2282,4460.47
google,G,3,4,6,task,16.0716,4459.953838383839
google,G,3,4,7,task,17.3948,4682.176212121211
google,G,3,4,8,task,24.8706,4715.2091666666665
google,G,3,4,9,task,9.497,4487.741428571429
google,G,3,4,10,task,13.1766,4730.273055555555
google,G,3,5,0,in,15.8226,4439.413737373739
google,G,3,5,0,task,26.6699,4943.616176470587
google,G,3,5,1,task,28.1053,4643.271241830068
google,G,3,5,2,task,15.6626,4748.546464646464
google,G,3,5,3,task,34.8793,4789.248484848486
google,G,3,5,4,task,12.9368,4546.403571428572
google,G,3,5,5,task,15.1159,4563.737777777777
google,G,3,5,6,task,15.9421,4509.601616161616
google,G,3,5,7,task,17.1379,4731.2750000000015
google,G,3,5,8,task,24.5942,4792.687083333332
google,G,3,5,9,task,9.2454,4641.361904761904
google,G,3,5,10,task,12.9118,4861.610000000001
google,G,3,6,0,in,13.9917,4782.127499999999
google,G,3,6,0,task,26.5686,5034.687867647061
google,G,3,6,1,task,28.0547,4719.5522875817
google,G,3,6,2,task,15.6126,4840.972222222223
google,G,3,6,3,task,34.7554,4856.727272727272
google,G,3,6,4,task,12.8732,4640.354166666668
google,G,3,6,5,task,14.9936,4629.455555555556
google,G,3,6,6,task,15.9295,4577.694141414142
google,G,3,6,7,task,17.1377,4806.384999999999
google,G,3,6,8,task,24.6368,4849.369285714286
google,G,3,6,9,task,9.2563,4755.878095238097
google,G,3,6,10,task,12.9783,4933.967222222222
google,G,3,7,0,in,12.5397,5244.982936507936
google,G,3,7,0,task,26.5476,5170.306985294117
google,G,3,7,1,task,28.0453,4809.924183006534
google,G,3,7,2,task,15.5589,4969.038181818181
google,G,3,7,3,task,34.7634,4974.948917748919
google,G,3,7,4,task,12.8926,4718.391666666667
google,G,3,7,5,task,15.0713,4800.984444444444
google,G,3,7,6,task,15.9779,4680.412323232323
google,G,3,7,7,task,17.1786,4928.042727272728
google,G,3,7,8,task,24.5931,4980.865052521008
google,G,3,7,9,task,9.2559,4797.488571428572
google,G,3,7,10,task,12.9001,5108.427777777779
google,G,4,0,0,in,54.0263,3646.7337074778065
google,G,4,0,0,task,22.4581,5612.838388278387
google,G,4,0,1,task,22.8887,5388.351904761903
google,G,4,0,2,task,14.1832,5223.662777777778
google,G,4,0,3,task,28.8498,5525.673133814929
google,G,4,0,4,task,11.4441,4952.92738095238
google,G,4,0,5,task,13.0653,5041.163412698413
google,G,4,0,6,task,13.9421,4977.924444444445
google,G,4,0,7,task,14.8608,5266.423358585859
google,G,4,0,8,task,20.5186,5453.712545787546
google,G,4,0,9,task,8.6225,4934.468095238096
google,G,4,0,10,task,11.3933,5278.879812409813
google,G,4,1,0,in,36.6508,3774.049423583664
google,G,4,1,0,task,22.0225,5660.34010989011
google,G,4,1,1,task,22.501,5411.80761904762
google,G,4,1,2,task,13.4748,5289.605555555555
google,G,4,1,3,task,28.3379,5569.215927072588
google,G,4,1,4,task,11.3886,4948.821428571431
google,G,4,1,5,task,13.1238,4993.752380952382
google,G,4,1,6,task,14.0086,4939.202777777778
google,G,4,1,7,task,14.8445,5261.416666666668
google,G,4,1,8,task,20.7452,5407.219413919412
google,G,4,1,9,task,8.8792,4940.99357142857
google,G,4,1,10,task,12.001,5289.375595238096
google,G,4,2,0,in,27.1552,3942.862899896799
google,G,4,2,0,task,21.7159,5700.510439560438
google,G,4,2,1,task,22.3496,5430.586336996335
google,G,4,2,2,task,12.8473,5414.741865079366
google,G,4,2,3,task,27.9689,5618.38010620915
google,G,4,2,4,task,10.9527,5037.8738095238095
google,G,4,2,5,task,12.6176,5086.119246031746
google,G,4,2,6,task,13.3913,5083.3455952380955
google,G,4,2,7,task,14.2974,5364.178333333332
google,G,4,2,8,task,20.2689,5474.216941391944
google,G,4,2,9,task,8.386,5028.486666666665
google,G,4,2,10,task,11.3398,5397.149603174604
google,G,4,3,0,in,22.0259,4084.5580219780227
google,G,4,3,0,task,21.6688,5766.501098901101
google,G,4,3,1,task,22.3062,5468.249999999997
google,G,4,3,2,task,12.9125,5423.342063492065
google,G,4,3,3,task,27.9448,5666.119281045754
google,G,4,3,4,task,11.1615,5000.898809523811
google,G,4,3,5,task,12.7917,5087.763492063492
google,G,4,3,6,task,13.5953,5058.446825396824
google,G,4,3,7,task,14.4228,5371.810833333335
google,G,4,3,8,task,20.4244,5491.208241758244
google,G,4,3,9,task,8.4856,5070.921666666668
google,G,4,3,10,task,11.7243,5354.379761904762
google,G,4,4,0,in,18.5663,4353.644114219115
google,G,4,4,0,task,21.5375,5802.863186813188
google,G,4,4,1,task,22.2179,5494.109340659342
google,G,4,4,2,task,12.6595,5506.504365079364
google,G,4,4,3,task,27.6863,5726.871895424838
google,G,4,4,4,task,10.7808,5132.125595238096
google,G,4,4,5,task,12.3764,5166.233531746033
google,G,4,4,6,task,13.1729,5104.134523809525
google,G,4,4,7,task,14.0708,5467.0502777777765
google,G,4,4,8,task,19.9663,5578.040809190808
google,G,4,4,9,task,8.0714,5181.868333333334
google,G,4,4,10,task,11.2745,5487.50119047619
google,G,4,5,0,in,15.8183,4672.270202020203
google,G,4,5,0,task,21.3973,5905.9208791208775
google,G,4,5,1,task,22.1466,5556.764285714284
google,G,4,5,2,task,12.5759,5575.543253968253
google,G,4,5,3,task,27.4709,5783.466462418302
google,G,4,5,4,task,10.4702,5216.215476190477
google,G,4,5,5,task,12.098,5308.5607142857125
google,G,4,5,6,task,12.8579,5239.523611111112
google,G,4,5,7,task,13.768,5560.675277777777
google,G,4,5,8,task,19.6269,5649.099150849152
google,G,4,5,9,task,7.7462,5293.078333333333
google,G,4,5,10,task,10.7043,5701.776190476192
google,G,4,6,0,in,14.0062,5017.887222222221
google,G,4,6,0,task,21.2995,6030.447252747256
google,G,4,6,1,task,22.1284,5646.90824175824
google,G,4,6,2,task,12.5792,5688.609325396825
google,G,4,6,3,task,27.4927,5889.04926470588
google,G,4,6,4,task,10.4309,5314.3684523809525
google,G,4,6,5,task,12.0819,5377.848214285716
google,G,4,6,6,task,12.9053,5310.498214285715
google,G,4,6,7,task,13.7596,5671.5055555555555
google,G,4,6,8,task,19.693,5762.9523310023305
google,G,4,6,9,task,7.8252,5371.358333333333
google,G,4,6,10,task,10.8167,5703.802976190475
google,G,4,7,0,in,12.5253,5510.36488095238
google,G,4,7,0,task,21.2318,6206.10879120879
google,G,4,7,1,task,22.0928,5731.55274725275
google,G,4,7,2,task,12.5239,5825.474206349207
google,G,4,7,3,task,27.3075,5979.714665032678
google,G,4,7,4,task,10.3662,5495.32380952381
google,G,4,7,5,task,11.989,5516.035714285711
google,G,4,7,6,task,12.791,5496.198809523809
google,G,4,7,7,task,13.5904,5830.297222222222
google,G,4,7,8,task,19.4936,5921.614685314684
google,G,4,7,9,task,7.6882,5567.64
google,G,4,7,10,task,10.6497,5979.417261904763
google,L,0,-1,0,in,116.5311,3184.510051942186
google,L,0,-1,0,task,70.888,3616.327740163821
google,L,0,-1,1,task,50.119,3751.934416433238
google,L,0,-1,2,task,31.5434,3619.7585187694763
google,L,0,-1,3,task,62.8543,3656.5470636598543
google,L,0,-1,4,task,22.6761,3558.683231792717
google,L,0,-1,5,task,25.5572,3581.657808737529
google,L,0,-1,6,task,27.721,3592.9871862348164
google,L,0,-1,7,task,30.4648,3587.455476190477
google,L,0,-1,8,task,43.1926,3619.1344818861903
google,L,0,-1,9,task,17.1657,3666.194743589743
google,L,0,-1,10,task,23.51,3691.0568154454754
google,L,1,-1,0,in,79.2357,3218.07647927657
google,L,1,-1,0,task,46.9442,3825.676396193463
google,L,1,-1,1,task,36.3293,3943.113257525084
google,L,1,-1,2,task,22.2804,3758.2521253501404
google,L,1,-1,3,task,44.168,3837.5863631548277
google,L,1,-1,4,task,15.913,3693.3884848484845
google,L,1,-1,5,task,18.0514,3724.323310023309
google,L,1,-1,6,task,19.5365,3732.4585358758886
google,L,1,-1,7,task,21.3921,3727.2199983839687
google,L,1,-1,8,task,30.1949,3774.5418800954953
google,L,1,-1,9,task,12.0961,3821.09420995671
google,L,1,-1,10,task,16.5589,3853.882342657342
google,L,2,-1,0,in,58.369,3284.547165991903
google,L,2,-1,0,task,32.4215,4175.617549224968
google,L,2,-1,1,task,28.8605,4185.267339181287
google,L,2,-1,2,task,17.3905,3964.458333333334
google,L,2,-1,3,task,34.1117,4106.032954545454
google,L,2,-1,4,task,12.3653,3872.510555555555
google,L,2,-1,5,task,13.9421,3912.465555555555
google,L,2,-1,6,task,15.2597,3922.2821717171714
google,L,2,-1,7,task,16.5584,3910.2940909090908
google,L,2,-1,8,task,23.1687,4001.678333333334
google,L,2,-1,9,task,9.4713,4006.669047619048
google,L,2,-1,10,task,13.1439,4070.3216666666663
google,L,3,-1,0,in,47.3293,3370.284375
google,L,3,-1,0,task,27.4064,4507.661228518866
google,L,3,-1,1,task,25.3192,4466.657720588237
google,L,3,-1,2,task,14.7615,4221.317373737374
google,L,3,-1,3,task,28.7959,4433.043600668337
google,L,3,-1,4,task,10.4763,4103.577976190476
google,L,3,-1,5,task,11.8909,4135.329761904763
google,L,3,-1,6,task,12.9762,4172.601388888889
google,L,3,-1,7,task,14.0409,4164.568888888889
google,L,3,-1,8,task,19.646,4295.461321573164
google,L,3,-1,9,task,8.2868,4203.025238095239
google,L,3,-1,10,task,11.5319,4310.913690476191
google,L,4,-1,0,in,39.8253,3467.5009515669503
google,L,4,-1,0,task,24.0836,4846.801051790282
google,L,4,-1,1,task,23.0977,4779.969999999999
google,L,4,-1,2,task,13.1437,4457.819722222221
google,L,4,-1,3,task,25.4322,4809.533619281045
google,L,4,-1,4,task,9.2797,4282.558571428573
google,L,4,-1,5,task,10.4626,4396.391071428571
google,L,4,-1,6,task,11.4627,4426.646428571428
google,L,4,-1,7,task,12.3424,4451.339087301588
google,L,4,-1,8,task,17.1988,4620.4295454545445
google,L,4,-1,9,task,7.4742,4425.671666666666
google,L,4,-1,10,task,10.5917,4571.892857142856
google,L,5,-1,0,in,33.8382,3656.514426877469
google,L,5,-1,0,task,21.4559,5511.459841269841
google,L,5,-1,1,task,21.6805,5276.682142857143
google,L,5,-1,2,task,11.97,4961.633928571428
google,L,5,-1,3,task,22.7092,5471.285119047618
google,L,5,-1,4,task,8.3801,4783.8019047619055
google,L,5,-1,5,task,9.4743,4847.080952380951
google,L,5,-1,6,task,10.4773,4880.59880952381
google,L,5,-1,7,task,11.116,4929.094642857142
google,L,5,-1,8,task,15.5258,5185.9636363636355
google,L,5,-1,9,task,6.9508,4832.288333333333
google,L,5,-1,10,task,10.0607,4990.0446428571395
mobile,B,0,-1,0,in,63.1366,3321.8086809662054
mobile,B,0,-1,0,task,9.0489,3710.8739285714296
mobile,B,0,-1,1,task,19.1681,3679.512528647823
mobile,B,0,-1,2,task,19.2146,3647.101862172916
mobile,B,0,-1,3,task,31.1674,3612.305112643629
mobile,B,0,-1,4,task,16.2383,3553.431106305975
mobile,B,0,-1,5,task,25.8371,3588.541567286913
mobile,B,0,-1,6,task,12.9653,3577.3228354978346
mobile,B,0,-1,7,task,23.2969,3736.9513494562975
mobile,B,0,-1,8,task,23.202,3748.6650931026315
mobile,B,0,-1,9,task,23.8079,3737.0722759426358
mobile,B,0,-1,10,task,23.8554,3735.98435303484
mobile,B,0,-1,11,task,24.2231,3735.161924357462
mobile,B,0,-1,12,task,16.1774,3497.8626867748703
mobile,B,0,-1,13,task,32.4677,3548.7916871308203
mobile,B,1,-1,0,in,42.8336,3432.8139789066045
mobile,B,1,-1,0,task,5.4594,3913.9266666666667
mobile,B,1,-1,1,task,11.4272,3925.5364468864454
mobile,B,1,-1,2,task,13.0224,3842.0443181818187
mobile,B,1,-1,3,task,21.0638,3815.075633847186
mobile,B,1,-1,4,task,10.846,3717.3039285714276
mobile,B,1,-1,5,task,17.4229,3782.361485181486
mobile,B,1,-1,6,task,8.7103,3721.711904761905
mobile,B,1,-1,7,task,15.9606,3960.457424768215
mobile,B,1,-1,8,task,15.9313,3966.618046251993
mobile,B,1,-1,9,task,15.8124,3963.20987012987
mobile,B,1,-1,10,task,15.6836,3970.9922344322326
mobile,B,1,-1,11,task,15.8468,3969.4965101565094
mobile,B,1,-1,12,task,11.0757,3619.655429292928
mobile,B,1,-1,13,task,22.2073,3715.8866643324013
mobile,B,2,-1,0,in,31.5455,3607.7297186147184
mobile,B,2,-1,0,task,4.153,4117.395
mobile,B,2,-1,1,task,8.4202,4120.83126984127
mobile,B,2,-1,2,task,9.9264,4071.587738095239
mobile,B,2,-1,3,task,15.9074,4072.8334937611403
mobile,B,2,-1,4,task,8.2316,3899.2341269841277
mobile,B,2,-1,5,task,12.9055,4006.792745098038
mobile,B,2,-1,6,task,6.4974,3894.2433333333333
mobile,B,2,-1,7,task,11.6695,4261.312842712843
mobile,B,2,-1,8,task,11.6241,4253.198031135531
mobile,B,2,-1,9,task,11.5994,4254.785760073262
mobile,B,2,-1,10,task,11.6211,4250.090584415584
mobile,B,2,-1,11,task,11.6808,4238.296031746031
mobile,B,2,-1,12,task,8.616,3796.856363636363
mobile,B,2,-1,13,task,17.315,3909.3979634400685
mobile,B,3,-1,0,in,25.583,3768.0007761437896
mobile,B,3,-1,0,task,3.3897,4193.841666666667
mobile,B,3,-1,1,task,6.7539,4315.512142857143
mobile,B,3,-1,2,task,8.4209,4229.215555555555
mobile,B,3,-1,3,task,13.0445,4316.330299145299
mobile,B,3,-1,4,task,6.8345,4060.450833333334
mobile,B,3,-1,5,task,10.3998,4201.630357142859
mobile,B,3,-1,6,task,5.3168,3980.4266666666663
mobile,B,3,-1,7,task,9.6007,4421.406980519479
mobile,B,3,-1,8,task,9.537,4419.796320346322
mobile,B,3,-1,9,task,9.5441,4421.945800865798
mobile,B,3,-1,10,task,9.5127,4430.950000000001
mobile,B,3,-1,11,task,9.5898,4426.024025974027
mobile,B,3,-1,12,task,7.1153,3933.532380952381
mobile,B,3,-1,13,task,14.328,4103.948065268065
mobile,B,4,-1,0,in,21.5585,4034.0028571428593
mobile,B,4,-1,0,task,2.9414,4359.116666666667
mobile,B,4,-1,1,task,5.8295,4501.998452380953
mobile,B,4,-1,2,task,7.3369,4467.512222222223
mobile,B,4,-1,3,task,11.411,4619.226037851038
mobile,B,4,-1,4,task,5.8202,4222.045
mobile,B,4,-1,5,task,8.8746,4503.873809523809
mobile,B,4,-1,6,task,4.5175,4143.223333333333
mobile,B,4,-1,7,task,8.1317,4775.812698412699
mobile,B,4,-1,8,task,8.3092,4804.859722222222
mobile,B,4,-1,9,task,8.1288,4782.3933333333325
mobile,B,4,-1,10,task,8.1136,4764.373333333333
mobile,B,4,-1,11,task,8.0243,4762.030000000001
mobile,B,4,-1,12,task,6.1695,4119.71738095238
mobile,B,4,-1,13,task,12.4364,4391.838581973581
mobile,B,5,-1,0,in,18.3369,4368.50472027972
mobile,B,5,-1,0,task,2.6037,4589.15
mobile,B,5,-1,1,task,5.0094,4723.188095238095
mobile,B,5,-1,2,task,6.5864,4721.835
mobile,B,5,-1,3,task,10.0004,5052.133979076477
mobile,B,5,-1,4,task,5.2504,4482.942619047618
mobile,B,5,-1,5,task,7.953,4794.182222222223
mobile,B,5,-1,6,task,3.9785,4185.065
mobile,B,5,-1,7,task,7.0628,5228.095714285714
mobile,B,5,-1,8,task,7.1097,5214.074166666667
mobile,B,5,-1,9,task,7.2159,5203.735198412699
mobile,B,5,-1,10,task,7.1193,5222.696904761905
mobile,B,5,-1,11,task,7.0869,5198.686111111111
mobile,B,5,-1,12,task,5.327,4348.213333333333
mobile,B,5,-1,13,task,11.0469,4751.778353590855
mobile,B,6,-1,0,in,16.1657,4744.573333333333
mobile,B,6,-1,0,task,2.3898,5052.6
mobile,B,6,-1,1,task,4.5574,4981.941666666666
mobile,B,6,-1,2,task,6.0313,5110.641904761905
mobile,B,6,-1,3,task,8.9751,5542.769047619047
mobile,B,6,-1,4,task,4.5847,4781.208333333336
mobile,B,6,-1,5,task,7.0802,5260.591111111111
mobile,B,6,-1,6,task,3.5503,4336.299999999999
mobile,B,6,-1,7,task,6.5225,5758.020476190476
mobile,B,6,-1,8,task,6.459,5693.575
mobile,B,6,-1,9,task,6.428,5699.006190476191
mobile,B,6,-1,10,task,6.4823,5718.955714285714
mobile,B,6,-1,11,task,6.4448,5795.706666666668
mobile,B,6,-1,12,task,4.8989,4599.423333333333
mobile,B,6,-1,13,task,10.1549,5179.06338023088
mobile,B,7,-1,0,in,14.4767,5298.88222222222
mobile,B,7,-1,0,task,2.2439,5502.733333333334
mobile,B,7,-1,1,task,4.1374,5398.8
mobile,B,7,-1,2,task,5.5597,5608.608333333334
mobile,B,7,-1,3,task,8.2571,6253.41888888889
mobile,B,7,-1,4,task,4.2869,5090.779523809525
mobile,B,7,-1,5,task,6.3735,5873.6125
mobile,B,7,-1,6,task,3.1989,4684.541666666666
mobile,B,7,-1,7,task,6.0712,6506.054047619048
mobile,B,7,-1,8,task,6.0869,6478.938809523811
mobile,B,7,-1,9,task,6.0101,6577.521428571428
mobile,B,7,-1,10,task,6.008,6546.528809523809
mobile,B,7,-1,11,task,6.0302,6498.670238095237
mobile,B,7,-1,12,task,4.5529,4993.663333333331
mobile,B,7,-1,13,task,9.4757,5823.300865800865
mobile,G,0,0,0,in,54.7596,3343.63702917097
mobile,G,0,0,0,task,9.4371,3717.5619047619048
mobile,G,0,0,1,task,25.423,3551.291503267974
mobile,G,0,0,2,task,24.8709,3627.612418300656
mobile,G,0,0,3,task,32.5975,3573.863570487482
mobile,G,0,0,4,task,17.8515,3619.951923076924
mobile,G,0,0,5,task,24.7355,3656.1375816993477
mobile,G,0,0,6,task,14.1665,3784.7570707070713
mobile,G,0,0,7,task,32.2369,3735.3861660079074
mobile,G,0,0,8,task,33.9474,3852.840217391304
mobile,G,0,0,9,task,32.9866,3751.525543478262
mobile,G,0,0,10,task,32.7702,3761.7137022397906
mobile,G,0,0,11,task,34.4214,3910.242971014492
mobile,G,0,0,12,task,18.4598,3838.8248168498167
mobile,G,0,0,13,task,52.0927,3691.9047652916074
mobile,G,0,1,0,in,37.5577,3444.0325508539013
mobile,G,0,1,0,task,8.934,3762.4066666666663
mobile,G,0,1,1,task,25.0465,3555.88954248366
mobile,G,0,1,2,task,24.6008,3633.2093545751636
mobile,G,0,1,3,task,32.2507,3574.3432429888953
mobile,G,0,1,4,task,17.4556,3633.2795454545453
mobile,G,0,1,5,task,24.3675,3663.281593137255
mobile,G,0,1,6,task,13.818,3807.4699999999993
mobile,G,0,1,7,task,31.8921,3747.3064558629767
mobile,G,0,1,8,task,33.5877,3867.9675630528886
mobile,G,0,1,9,task,32.6801,3766.428232636929
mobile,G,0,1,10,task,32.4353,3774.5709768492366
mobile,G,0,1,11,task,34.0587,3920.4083893280635
mobile,G,0,1,12,task,18.1203,3838.5332084582087
mobile,G,0,1,13,task,51.5692,3701.5000965250942
mobile,G,0,2,0,in,29.9643,3587.147234753551
mobile,G,0,2,0,task,8.6352,3814.99
mobile,G,0,2,1,task,24.9127,3567.808823529412
mobile,G,0,2,2,task,24.48,3641.081862745098
mobile,G,0,2,3,task,32.0949,3581.5569264069277
mobile,G,0,2,4,task,17.3054,3634.019696969697
mobile,G,0,2,5,task,24.2155,3675.356764705882
mobile,G,0,2,6,task,13.6124,3818.188888888889
mobile,G,0,2,7,task,31.7198,3753.6366666666668
mobile,G,0,2,8,task,33.3551,3872.110286090721
mobile,G,0,2,9,task,32.4573,3770.3727272727283
mobile,G,0,2,10,task,32.2741,3782.8487012987002
mobile,G,0,2,11,task,33.8201,3934.726482213437
mobile,G,0,2,12,task,17.8973,3870.190151515151
mobile,G,0,2,13,task,51.3505,3713.413351158646
mobile,G,0,3,0,in,22.4434,3716.025476190476
mobile,G,0,3,0,task,8.5612,3862.8433333333323
mobile,G,0,3,1,task,24.8358,3573.1794117647055
mobile,G,0,3,2,task,24.3886,3637.158529411765
mobile,G,0,3,3,task,31.9635,3584.306190476191
mobile,G,0,3,4,task,17.2206,3633.183333333334
mobile,G,0,3,5,task,24.128,3674.072083333333
mobile,G,0,3,6,task,13.5438,3818.82361111111
mobile,G,0,3,7,task,31.6496,3759.075
mobile,G,0,3,8,task,33.328,3904.6664596273285
mobile,G,0,3,9,task,32.3904,3823.7723160173186
mobile,G,0,3,10,task,32.2306,3825.274458874458
mobile,G,0,3,11,task,33.8203,3925.1931771127406
mobile,G,0,3,12,task,17.8383,3870.87803030303
mobile,G,0,3,13,task,51.306,3709.8826763432653
mobile,G,0,4,0,in,20.6707,3952.806304222093
mobile,G,0,4,0,task,8.5032,3972.4966666666655
mobile,G,0,4,1,task,24.7898,3598.420955882353
mobile,G,0,4,2,task,24.3356,3663.926642156863
mobile,G,0,4,3,task,31.9442,3608.6204761904746
mobile,G,0,4,4,task,17.1767,3669.222727272727
mobile,G,0,4,5,task,24.0712,3696.3633333333337
mobile,G,0,4,6,task,13.4916,3842.0777777777785
mobile,G,0,4,7,task,31.6075,3792.0766666666673
mobile,G,0,4,8,task,33.2789,3915.5540843214753
mobile,G,0,4,9,task,32.3383,3811.4192640692654
mobile,G,0,4,10,task,32.1166,3831.2353896103887
mobile,G,0,4,11,task,33.7357,3968.3591285526054
mobile,G,0,4,12,task,17.7488,3917.478787878788
mobile,G,0,4,13,task,51.135,3757.4703565062387
mobile,G,0,5,0,in,16.2633,4231.278286713286
mobile,G,0,5,0,task,8.3856,4091.1300000000006
mobile,G,0,5,1,task,24.7524,3648.690073529412
mobile,G,0,5,2,task,24.2948,3723.183602941177
mobile,G,0,5,3,task,31.9111,3662.6373809523807
mobile,G,0,5,4,task,17.1389,3716.3792424242442
mobile,G,0,5,5,task,24.0276,3745.71625
mobile,G,0,5,6,task,13.4677,3898.6111111111113
mobile,G,0,5,7,task,31.5466,3825.759047619046
mobile,G,0,5,8,task,33.2193,3943.461735366081
mobile,G,0,5,9,task,32.2797,3839.496753246751
mobile,G,0,5,10,task,32.0787,3844.258658008658
mobile,G,0,5,11,task,33.6411,4006.2472896668546
mobile,G,0,5,12,task,17.69,3948.3787878787884
mobile,G,0,5,13,task,51.0964,3791.269590017827
mobile,G,0,6,0,in,14.4378,4546.81292929293
mobile,G,0,6,0,task,8.2875,4236.070000000001
mobile,G,0,6,1,task,24.7131,3691.18125
mobile,G,0,6,2,task,24.2776,3771.258946078432
mobile,G,0,6,3,task,31.8798,3705.6292857142857
mobile,G,0,6,4,task,17.1113,3771.61212121212
mobile,G,0,6,5,task,23.9994,3800.9987500000007
mobile,G,0,6,6,task,13.4387,3942.8444444444453
mobile,G,0,6,7,task,31.5282,3877.791904761903
mobile,G,0,6,8,task,33.2392,3996.04439111613
mobile,G,0,6,9,task,32.2919,3895.0948051948053
mobile,G,0,6,10,task,32.0677,3914.5811904761918
mobile,G,0,6,11,task,33.5799,4056.3782232260496
mobile,G,0,6,12,task,17.6844,4013.674300699301
mobile,G,0,6,13,task,51.054,3832.2370333587983
mobile,G,0,7,0,in,12.9921,4990.513055555554
mobile,G,0,7,0,task,8.2214,4469.666666666665
mobile,G,0,7,1,task,24.7032,3778.9661764705884
mobile,G,0,7,2,task,24.2516,3851.527352941176
mobile,G,0,7,3,task,31.8809,3785.922142857145
mobile,G,0,7,4,task,17.1105,3847.692424242426
mobile,G,0,7,5,task,23.9854,3881.809166666667
mobile,G,0,7,6,task,13.4348,4032.5472222222224
mobile,G,0,7,7,task,31.5162,3958.594761904763
mobile,G,0,7,8,task,33.1338,4083.728524374177
mobile,G,0,7,9,task,32.2424,3990.6820346320346
mobile,G,0,7,10,task,32.0737,3975.029891774894
mobile,G,0,7,11,task,33.6961,4137.999595332203
mobile,G,0,7,12,task,17.6709,4080.4401515151512
mobile,G,0,7,13,task,51.0238,3917.358255665903
mobile,G,1,0,0,in,59.47,3344.901557755544
mobile,G,1,0,0,task,7.1133,3816.715
mobile,G,1,0,1,task,17.6533,3709.5109557109563
mobile,G,1,0,2,task,17.2547,3808.8281468531477
mobile,G,1,0,3,task,22.437,3739.629047619048
mobile,G,1,0,4,task,12.6133,3770.515277777777
mobile,G,1,0,5,task,17.1576,3851.141666666665
mobile,G,1,0,6,task,10.2334,3958.7654761904764
mobile,G,1,0,7,task,22.1379,3960.4628571428566
mobile,G,1,0,8,task,23.2114,4099.664642857145
mobile,G,1,0,9,task,22.6401,3987.816904761905
mobile,G,1,0,10,task,22.4803,3995.3890476190486
mobile,G,1,0,11,task,23.4292,4157.23625
mobile,G,1,0,12,task,12.9468,4029.6027777777776
mobile,G,1,0,13,task,35.6969,3915.196626532889
mobile,G,1,1,0,in,37.3096,3458.4842478632468
mobile,G,1,1,0,task,6.6314,3871.465
mobile,G,1,1,1,task,17.3064,3708.594988344987
mobile,G,1,1,2,task,16.9738,3802.3034848484845
mobile,G,1,1,3,task,22.088,3743.405714285713
mobile,G,1,1,4,task,12.2294,3777.561111111111
mobile,G,1,1,5,task,16.7887,3872.3525757575762
mobile,G,1,1,6,task,9.8684,3983.1714285714306
mobile,G,1,1,7,task,21.7741,3976.480952380951
mobile,G,1,1,8,task,22.8517,4106.985833333334
mobile,G,1,1,9,task,22.3037,3998.3142857142852
mobile,G,1,1,10,task,22.1396,4013.003333333335
mobile,G,1,1,11,task,23.1313,4171.587916666667
mobile,G,1,1,12,task,12.5788,4046.801388888888
mobile,G,1,1,13,task,35.1789,3938.361021739131
mobile,G,1,2,0,in,29.8726,3599.3545530492893
mobile,G,1,2,0,task,6.306,3951.56
mobile,G,1,2,1,task,17.1504,3722.7507575757572
mobile,G,1,2,2,task,16.8594,3820.900606060607
mobile,G,1,2,3,task,21.9202,3768.254285714285
mobile,G,1,2,4,task,12.0418,3799.8910714285716
mobile,G,1,2,5,task,16.6456,3880.563636363635
mobile,G,1,2,6,task,9.6893,3986.1880952380957
mobile,G,1,2,7,task,21.6147,3993.1852380952378
mobile,G,1,2,8,task,22.696,4124.792083333334
mobile,G,1,2,9,task,22.1213,4012.251428571428
mobile,G,1,2,10,task,21.988,4022.3785714285714
mobile,G,1,2,11,task,22.9186,4184.720476190476
mobile,G,1,2,12,task,12.4458,4060.565277777778
mobile,G,1,2,13,task,35.0192,3947.2592391304347
mobile,G,1,3,0,in,22.4944,3749.597384453783
mobile,G,1,3,0,task,6.2706,4029.695
mobile,G,1,3,1,task,17.0689,3750.3015151515133
mobile,G,1,3,2,task,16.7753,3849.0165151515166
mobile,G,1,3,3,task,21.8615,3778.546666666668
mobile,G,1,3,4,task,11.9504,3818.037499999999
mobile,G,1,3,5,task,16.5677,3909.7863636363636
mobile,G,1,3,6,task,9.6103,4013.7999999999993
mobile,G,1,3,7,task,21.5309,4008.257509157509
mobile,G,1,3,8,task,22.5625,4143.0741071428565
mobile,G,1,3,9,task,22.0422,4033.6285714285723
mobile,G,1,3,10,task,21.9267,4045.348571428571
mobile,G,1,3,11,task,22.869,4200.81976190476
mobile,G,1,3,12,task,12.3337,4064.880555555555
mobile,G,1,3,13,task,34.9003,3974.53957246377
mobile,G,1,4,0,in,18.9374,3973.7233516483534
mobile,G,1,4,0,task,6.1687,4122.06
mobile,G,1,4,1,task,17.0222,3781.1348484848477
mobile,G,1,4,2,task,16.7059,3873.4754545454534
mobile,G,1,4,3,task,21.7992,3812.968571428573
mobile,G,1,4,4,task,11.9068,3836.103571428572
mobile,G,1,4,5,task,16.497,3921.418181818183
mobile,G,1,4,6,task,9.556,4043.552380952381
mobile,G,1,4,7,task,21.4621,4033.4828571428575
mobile,G,1,4,8,task,22.5337,4168.27285714286
mobile,G,1,4,9,task,21.9626,4056.3123809523822
mobile,G,1,4,10,task,21.8189,4083.9957142857124
mobile,G,1,4,11,task,22.7138,4226.252797619046
mobile,G,1,4,12,task,12.275,4095.804166666667
mobile,G,1,4,13,task,34.8328,3995.9670289855085
mobile,G,1,5,0,in,16.2359,4245.158636363635
mobile,G,1,5,0,task,6.0292,4285.948333333334
mobile,G,1,5,1,task,16.966,3789.9083333333333
mobile,G,1,5,2,task,16.6514,3899.94090909091
mobile,G,1,5,3,task,21.7382,3831.1152380952362
mobile,G,1,5,4,task,11.878,3956.3142857142857
mobile,G,1,5,5,task,16.4558,3958.5845454545433
mobile,G,1,5,6,task,9.5039,4068.9428571428557
mobile,G,1,5,7,task,21.4208,4066.666153846152
mobile,G,1,5,8,task,22.4195,4190.375238095238
mobile,G,1,5,9,task,21.9221,4162.210952380952
mobile,G,1,5,10,task,21.7931,4112.536190476191
mobile,G,1,5,11,task,22.6972,4258.6783333333315
mobile,G,1,5,12,task,12.2104,4135.988690476191
mobile,G,1,5,13,task,34.7898,4065.1422101449275
mobile,G,1,6,0,in,14.3927,4566.50898989899
mobile,G,1,6,0,task,5.949,4474.4783333333335
mobile,G,1,6,1,task,16.9366,3862.6598484848487
mobile,G,1,6,2,task,16.6343,3960.4984848484855
mobile,G,1,6,3,task,21.7302,3901.5947619047597
mobile,G,1,6,4,task,11.8186,3932.666071428572
mobile,G,1,6,5,task,16.4313,4022.4672727272714
mobile,G,1,6,6,task,9.4733,4118.242857142855
mobile,G,1,6,7,task,21.4088,4124.571135531137
mobile,G,1,6,8,task,22.4151,4257.734761904761
mobile,G,1,6,9,task,21.9024,4170.187142857142
mobile,G,1,6,10,task,21.7694,4184.785714285714
mobile,G,1,6,11,task,22.6807,4319.103154761905
mobile,G,1,6,12,task,12.2097,4186.689880952381
mobile,G,1,6,13,task,34.7363,4098.505220685112
mobile,G,1,7,0,in,14.0708,5013.091388888888
mobile,G,1,7,0,task,5.9007,4748.283333333334
mobile,G,1,7,1,task,16.9187,3952.430606060606
mobile,G,1,7,2,task,16.6354,4061.7892424242414
mobile,G,1,7,3,task,21.7107,3976.3342857142857
mobile,G,1,7,4,task,11.8087,4037.921428571429
mobile,G,1,7,5,task,16.4164,4111.657272727275
mobile,G,1,7,6,task,9.4599,4228.416666666667
mobile,G,1,7,7,task,21.3847,4214.930476190478
mobile,G,1,7,8,task,22.4607,4344.441071428574
mobile,G,1,7,9,task,21.8832,4227.92238095238
mobile,G,1,7,10,task,21.7451,4251.921428571429
mobile,G,1,7,11,task,22.6743,4402.397916666669
mobile,G,1,7,12,task,12.1934,4303.951587301587
mobile,G,1,7,13,task,34.7101,4178.359930830039
mobile,G,2,0,0,in,54.8034,3372.6268804016495
mobile,G,2,0,0,task,5.9719,3868.8683333333333
mobile,G,2,0,1,task,13.7565,3836.7927777777777
mobile,G,2,0,2,task,13.5126,3948.644444444445
mobile,G,2,0,3,task,17.4104,3896.582575757575
mobile,G,2,0,4,task,10.0361,3894.9023809523824
mobile,G,2,0,5,task,13.401,4015.866666666666
mobile,G,2,0,6,task,8.2872,4075.953333333333
mobile,G,2,0,7,task,17.1675,4154.183275058274
mobile,G,2,0,8,task,17.8882,4293.83275058275
mobile,G,2,0,9,task,17.4975,4179.519696969698
mobile,G,2,0,10,task,17.3986,4209.668181818181
mobile,G,2,0,11,task,17.922,4331.5779137529125
mobile,G,2,0,12,task,10.2717,4166.785119047618
mobile,G,2,0,13,task,27.6183,4124.774394319131
mobile,G,2,1,0,in,40.453,3474.2210439560463
mobile,G,2,1,0,task,5.4734,3884.9166666666656
mobile,G,2,1,1,task,13.4443,3836.2333333333345
mobile,G,2,1,2,task,13.1928,3963.1027777777786
mobile,G,2,1,3,task,17.0336,3920.4984848484855
mobile,G,2,1,4,task,9.6279,3908.4380952380943
mobile,G,2,1,5,task,13.0192,4032.6194444444436
mobile,G,2,1,6,task,7.8884,4082.6333333333328
mobile,G,2,1,7,task,16.7347,4179.9993939393935
mobile,G,2,1,8,task,17.4996,4313.381818181819
mobile,G,2,1,9,task,17.1501,4213.253030303031
mobile,G,2,1,10,task,17.0426,4244.25681818182
mobile,G,2,1,11,task,17.5725,4345.340909090911
mobile,G,2,1,12,task,9.9041,4171.957142857144
mobile,G,2,1,13,task,27.0227,4151.580409356725
mobile,G,2,2,0,in,27.7159,3628.5484305125538
mobile,G,2,2,0,task,5.2261,4011.9666666666667
mobile,G,2,2,1,task,13.3156,3856.604166666666
mobile,G,2,2,2,task,13.0522,3990.8250000000007
mobile,G,2,2,3,task,16.9015,3934.668181818182
mobile,G,2,2,4,task,9.4683,3936.232857142858
mobile,G,2,2,5,task,12.8362,4041.3380952380953
mobile,G,2,2,6,task,7.7376,4116.361666666667
mobile,G,2,2,7,task,16.6002,4201.3209090909095
mobile,G,2,2,8,task,17.3405,4337.244545454545
mobile,G,2,2,9,task,16.9607,4228.393181818182
mobile,G,2,2,10,task,16.8507,4243.786363636364
mobile,G,2,2,11,task,17.4717,4398.138181818182
mobile,G,2,2,12,task,9.7345,4211.597142857143
mobile,G,2,2,13,task,26.8199,4181.350240798074
mobile,G,2,3,0,in,22.3794,3767.691575091575
mobile,G,2,3,0,task,5.1209,4095.0416666666656
mobile,G,2,3,1,task,13.2429,3877.011111111112
mobile,G,2,3,2,task,12.9929,4012.6882936507936
mobile,G,2,3,3,task,16.8454,3960.3800000000006
mobile,G,2,3,4,task,9.3754,3956.06
mobile,G,2,3,5,task,12.7735,4067.770238095238
mobile,G,2,3,6,task,7.6604,4138.5
mobile,G,2,3,7,task,16.5064,4217.261818181819
mobile,G,2,3,8,task,17.2218,4343.464545454546
mobile,G,2,3,9,task,16.8668,4247.8890909090915
mobile,G,2,3,10,task,16.7574,4256.854545454544
mobile,G,2,3,11,task,17.3777,4394.02575757576
mobile,G,2,3,12,task,9.6263,4215.496666666666
mobile,G,2,3,13,task,26.7541,4188.05816993464
mobile,G,2,4,0,in,19.0321,3985.346445221443
mobile,G,2,4,0,task,5.0449,4238.458333333333
mobile,G,2,4,1,task,13.1764,3913.9097222222235
mobile,G,2,4,2,task,12.9526,4041.95
mobile,G,2,4,3,task,16.8135,3979.4018181818183
mobile,G,2,4,4,task,9.321,3991.123333333334
mobile,G,2,4,5,task,12.7103,4085.3232142857146
mobile,G,2,4,6,task,7.5962,4164.58
mobile,G,2,4,7,task,16.4413,4237.597272727272
mobile,G,2,4,8,task,17.2219,4389.421818181818
mobile,G,2,4,9,task,16.8406,4285.891818181818
mobile,G,2,4,10,task,16.7341,4299.926363636364
mobile,G,2,4,11,task,17.2952,4426.57818181818
mobile,G,2,4,12,task,9.5939,4265.830952380953
mobile,G,2,4,13,task,26.6856,4232.156781045752
mobile,G,2,5,0,in,16.238,4284.114646464646
mobile,G,2,5,0,task,4.9002,4398.433333333333
mobile,G,2,5,1,task,13.1237,3946.634722222223
mobile,G,2,5,2,task,12.8959,4099.360912698412
mobile,G,2,5,3,task,16.7516,4023.182727272727
mobile,G,2,5,4,task,9.288,4028.0
mobile,G,2,5,5,task,12.6899,4140.169642857143
mobile,G,2,5,6,task,7.5609,4215.895
mobile,G,2,5,7,task,16.4071,4285.4778787878795
mobile,G,2,5,8,task,17.1272,4410.253636363635
mobile,G,2,5,9,task,16.7885,4317.619090909091
mobile,G,2,5,10,task,16.6719,4339.155454545453
mobile,G,2,5,11,task,17.2458,4476.7754545454545
mobile,G,2,5,12,task,9.5311,4289.367142857142
mobile,G,2,5,13,task,26.6067,4279.88214869281
mobile,G,2,6,0,in,14.4029,4585.776666666665
mobile,G,2,6,0,task,4.8494,4642.683333333333
mobile,G,2,6,1,task,13.077,4017.179166666667
mobile,G,2,6,2,task,12.8659,4133.701587301587
mobile,G,2,6,3,task,16.6969,4089.056363636364
mobile,G,2,6,4,task,9.2344,4105.426190476192
mobile,G,2,6,5,task,12.6564,4184.825
mobile,G,2,6,6,task,7.5289,4273.57
mobile,G,2,6,7,task,16.3802,4349.609090909091
mobile,G,2,6,8,task,17.1187,4477.9518181818175
mobile,G,2,6,9,task,16.7626,4372.954545454548
mobile,G,2,6,10,task,16.6204,4414.698181818182
mobile,G,2,6,11,task,17.2166,4532.715454545454
mobile,G,2,6,12,task,9.5111,4377.220476190478
mobile,G,2,6,13,task,26.5599,4335.920955882353
mobile,G,2,7,0,in,12.9301,5057.710317460317
mobile,G,2,7,0,task,4.7739,4943.033333333335
mobile,G,2,7,1,task,13.047,4099.356746031746
mobile,G,2,7,2,task,12.8351,4233.608928571429
mobile,G,2,7,3,task,16.696,4190.470000000001
mobile,G,2,7,4,task,9.2226,4178.793333333334
mobile,G,2,7,5,task,12.6393,4290.101785714286
mobile,G,2,7,6,task,7.5065,4376.265
mobile,G,2,7,7,task,16.3647,4435.777272727273
mobile,G,2,7,8,task,17.1017,4580.76
mobile,G,2,7,9,task,16.7155,4450.59181818182
mobile,G,2,7,10,task,16.6177,4497.985454545455
mobile,G,2,7,11,task,17.1835,4620.585454545453
mobile,G,2,7,12,task,9.479,4442.290000000001
mobile,G,2,7,13,task,26.5529,4420.579125816993
mobile,G,3,0,0,in,54.6798,3455.04843874739
mobile,G,3,0,0,task,4.8464,4020.649999999998
mobile,G,3,0,1,task,10.0398,4190.816666666666
mobile,G,3,0,2,task,9.7885,4404.659523809523
mobile,G,3,0,3,task,12.4681,4371.091071428572
mobile,G,3,0,4,task,7.4874,4242.06
mobile,G,3,0,5,task,9.712,4471.294761904762
mobile,G,3,0,6,task,6.4515,4401.305
mobile,G,3,0,7,task,12.2023,4638.585714285714
mobile,G,3,0,8,task,12.6446,4742.050992063492
mobile,G,3,0,9,task,12.4164,4652.382341269841
mobile,G,3,0,10,task,12.3244,4687.242857142857
mobile,G,3,0,11,task,12.6901,4787.938095238095
mobile,G,3,0,12,task,8.0614,4561.063333333333
mobile,G,3,0,13,task,19.3167,4652.850091575089
mobile,G,3,1,0,in,37.3092,3572.553174723827
mobile,G,3,1,0,task,4.418,4080.5749999999994
mobile,G,3,1,1,task,9.7104,4212.738095238096
mobile,G,3,1,2,task,9.5189,4417.9014285714275
mobile,G,3,1,3,task,12.104,4379.989285714285
mobile,G,3,1,4,task,7.0606,4257.27
mobile,G,3,1,5,task,9.3941,4454.25380952381
mobile,G,3,1,6,task,6.1054,4400.283333333334
mobile,G,3,1,7,task,11.8307,4687.1446428571435
mobile,G,3,1,8,task,12.2962,4783.258928571429
mobile,G,3,1,9,task,12.0845,4684.507738095239
mobile,G,3,1,10,task,11.9912,4720.183928571429
mobile,G,3,1,11,task,12.3096,4796.7303571428565
mobile,G,3,1,12,task,7.717,4569.725
mobile,G,3,1,13,task,18.9542,4706.981410256408
mobile,G,3,2,0,in,27.6077,3713.9578108875135
mobile,G,3,2,0,task,4.0902,4114.766666666668
mobile,G,3,2,1,task,9.5731,4242.959047619049
mobile,G,3,2,2,task,9.3881,4411.523333333333
mobile,G,3,2,3,task,11.9413,4396.121428571429
mobile,G,3,2,4,task,6.8802,4263.09
mobile,G,3,2,5,task,9.2039,4506.969999999999
mobile,G,3,2,6,task,5.935,4414.366666666666
mobile,G,3,2,7,task,11.6659,4698.653571428574
mobile,G,3,2,8,task,12.141,4810.726785714284
mobile,G,3,2,9,task,11.8897,4692.828571428572
mobile,G,3,2,10,task,11.8096,4747.367857142856
mobile,G,3,2,11,task,12.152,4821.698214285714
mobile,G,3,2,12,task,7.5433,4612.61
mobile,G,3,2,13,task,18.6844,4741.469755244758
mobile,G,3,3,0,in,22.3114,3864.185128205128
mobile,G,3,3,0,task,4.0168,4248.349999999999
mobile,G,3,3,1,task,9.4875,4243.344285714288
mobile,G,3,3,2,task,9.3138,4428.45
mobile,G,3,3,3,task,11.9179,4406.7874999999985
mobile,G,3,3,4,task,6.8254,4299.315
mobile,G,3,3,5,task,9.15,4536.7699999999995
mobile,G,3,3,6,task,5.8378,4416.066666666667
mobile,G,3,3,7,task,11.5947,4716.666071428573
mobile,G,3,3,8,task,12.04,4812.985714285715
mobile,G,3,3,9,task,11.797,4734.392857142859
mobile,G,3,3,10,task,11.7096,4780.17857142857
mobile,G,3,3,11,task,12.039,4855.876785714286
mobile,G,3,3,12,task,7.4776,4602.88
mobile,G,3,3,13,task,18.5671,4774.478846153848
mobile,G,3,4,0,in,18.9228,4099.502214452214
mobile,G,3,4,0,task,3.9007,4320.616666666668
mobile,G,3,4,1,task,9.4346,4281.183333333333
mobile,G,3,4,2,task,9.2632,4473.9366666666665
mobile,G,3,4,3,task,11.851,4437.921428571429
mobile,G,3,4,4,task,6.7733,4327.97
mobile,G,3,4,5,task,9.0902,4562.066666666665
mobile,G,3,4,6,task,5.7885,4449.250000000001
mobile,G,3,4,7,task,11.5339,4737.382142857143
mobile,G,3,4,8,task,11.9954,4846.932142857141
mobile,G,3,4,9,task,11.771,4755.173214285717
mobile,G,3,4,10,task,11.6863,4815.58214285714
mobile,G,3,4,11,task,12.0399,4886.546428571429
mobile,G,3,4,12,task,7.4265,4643.59
mobile,G,3,4,13,task,18.5556,4803.251107226108
mobile,G,3,5,0,in,16.2463,4395.586565656564
mobile,G,3,5,0,task,3.8047,4570.383333333332
mobile,G,3,5,1,task,9.3767,4308.5133333333315
mobile,G,3,5,2,task,9.1903,4529.23
mobile,G,3,5,3,task,11.8233,4488.800000000001
mobile,G,3,5,4,task,6.7247,4352.045
mobile,G,3,5,5,task,9.0371,4617.810000000001
mobile,G,3,5,6,task,5.7599,4488.3499999999985
mobile,G,3,5,7,task,11.496,4797.2017857142855
mobile,G,3,5,8,task,11.9545,4903.700000000001
mobile,G,3,5,9,task,11.7293,4783.7982142857145
mobile,G,3,5,10,task,11.6408,4879.569642857144
mobile,G,3,5,11,task,12.0022,4918.082142857143
mobile,G,3,5,12,task,7.3858,4709.255
mobile,G,3,5,13,task,18.4617,4849.265151515152
mobile,G,3,6,0,in,14.3812,4729.78638888889
mobile,G,3,6,0,task,3.7143,4812.033333333333
mobile,G,3,6,1,task,9.3258,4371.4266666666645
mobile,G,3,6,2,task,9.1633,4575.3966666666665
mobile,G,3,6,3,task,11.7761,4554.589285714286
mobile,G,3,6,4,task,6.6709,4433.1883333333335
mobile,G,3,6,5,task,8.9754,4679.5
mobile,G,3,6,6,task,5.7034,4579.391666666667
mobile,G,3,6,7,task,11.4297,4864.939285714286
mobile,G,3,6,8,task,11.9055,4958.3375
mobile,G,3,6,9,task,11.6655,4867.451785714287
mobile,G,3,6,10,task,11.5893,4895.369642857145
mobile,G,3,6,11,task,11.9313,4979.299999999999
mobile,G,3,6,12,task,7.3375,4790.13
mobile,G,3,6,13,task,18.4831,4924.416477272728
mobile,G,3,7,0,in,12.9234,5170.539880952381
mobile,G,3,7,0,task,3.7159,5115.683333333333
mobile,G,3,7,1,task,9.3147,4510.5885714285705
mobile,G,3,7,2,task,9.1556,4708.046666666668
mobile,G,3,7,3,task,11.7682,4654.623214285715
mobile,G,3,7,4,task,6.6784,4521.315
mobile,G,3,7,5,task,8.9618,4750.029999999998
mobile,G,3,7,6,task,5.7242,4684.408333333334
mobile,G,3,7,7,task,11.4468,4950.058928571429
mobile,G,3,7,8,task,11.9095,5053.8946428571435
mobile,G,3,7,9,task,11.6777,4967.478571428572
mobile,G,3,7,10,task,11.6069,4989.7642857142855
mobile,G,3,7,11,task,11.9476,5075.189285714286
mobile,G,3,7,12,task,7.3332,4867.27
mobile,G,3,7,13,task,18.4416,5017.196212121211
mobile,G,4,0,0,in,54.8417,3624.8263214933795
mobile,G,4,0,0,task,4.2923,4108.366666666664
mobile,G,4,0,1,task,8.1854,4750.436666666667
mobile,G,4,0,2,task,8.0543,5101.828333333334
mobile,G,4,0,3,task,10.0349,5065.542857142856
mobile,G,4,0,4,task,6.1706,4747.403333333333
mobile,G,4,0,5,task,7.9116,5162.531666666666
mobile,G,4,0,6,task,5.6019,4939.9749999999985
mobile,G,4,0,7,task,9.8567,5411.877619047619
mobile,G,4,0,8,task,10.2713,5482.953571428573
mobile,G,4,0,9,task,9.9665,5442.452380952384
mobile,G,4,0,10,task,9.8855,5493.933333333335
mobile,G,4,0,11,task,10.373,5541.858333333334
mobile,G,4,0,12,task,7.1873,5185.53
mobile,G,4,0,13,task,15.0992,5457.747727272728
mobile,G,4,1,0,in,40.5235,3735.8336809116804
mobile,G,4,1,0,task,3.847,4211.266666666668
mobile,G,4,1,1,task,7.8998,4747.865
mobile,G,4,1,2,task,7.7599,5047.12
mobile,G,4,1,3,task,9.684,5072.866666666668
mobile,G,4,1,4,task,5.802,4716.0583333333325
mobile,G,4,1,5,task,7.565,5155.24
mobile,G,4,1,6,task,5.2386,4891.375000000001
mobile,G,4,1,7,task,9.522,5444.223809523811
mobile,G,4,1,8,task,9.9427,5507.626190476193
mobile,G,4,1,9,task,9.6462,5443.647619047619
mobile,G,4,1,10,task,9.5802,5494.963333333332
mobile,G,4,1,11,task,10.0459,5579.638095238093
mobile,G,4,1,12,task,6.9121,5202.405
mobile,G,4,1,13,task,14.6968,5550.06303030303
mobile,G,4,2,0,in,27.4571,3896.4791258169926
mobile,G,4,2,0,task,3.5699,4298.233333333334
mobile,G,4,2,1,task,7.7377,4703.585
mobile,G,4,2,2,task,7.6087,5045.405
mobile,G,4,2,3,task,9.5612,5098.3166666666675
mobile,G,4,2,4,task,5.6723,4766.725
mobile,G,4,2,5,task,7.4286,5126.76
mobile,G,4,2,6,task,5.0966,4976.466666666665
mobile,G,4,2,7,task,9.3679,5451.49
mobile,G,4,2,8,task,9.8171,5543.799999999997
mobile,G,4,2,9,task,9.5066,5495.8761904761905
mobile,G,4,2,10,task,9.4176,5549.428095238098
mobile,G,4,2,11,task,9.829,5594.230476190476
mobile,G,4,2,12,task,6.7559,5175.39
mobile,G,4,2,13,task,14.438,5628.82888888889
mobile,G,4,3,0,in,24.4325,4038.5311904761893
mobile,G,4,3,0,task,3.5063,4356.45
mobile,G,4,3,1,task,7.6611,4708.19
mobile,G,4,3,2,task,7.5087,5067.595
mobile,G,4,3,3,task,9.4801,5107.622380952379
mobile,G,4,3,4,task,5.543,4783.175000000001
mobile,G,4,3,5,task,7.3,5193.535
mobile,G,4,3,6,task,4.9921,4835.166666666666
mobile,G,4,3,7,task,9.2544,5500.199999999998
mobile,G,4,3,8,task,9.7273,5635.465714285711
mobile,G,4,3,9,task,9.4018,5508.67666666667
mobile,G,4,3,10,task,9.3064,5549.290000000001
mobile,G,4,3,11,task,9.7751,5609.535714285717
mobile,G,4,3,12,task,6.6457,5230.4
mobile,G,4,3,13,task,14.2951,5661.904444444447
mobile,G,4,4,0,in,18.9491,4303.601048951051
mobile,G,4,4,0,task,3.3636,4543.850000000001
mobile,G,4,4,1,task,7.5675,4825.35
mobile,G,4,4,2,task,7.4138,5150.33
mobile,G,4,4,3,task,9.3809,5126.976666666667
mobile,G,4,4,4,task,5.48,4795.65
mobile,G,4,4,5,task,7.2271,5212.44
mobile,G,4,4,6,task,4.9388,4900.8499999999985
mobile,G,4,4,7,task,9.1874,5569.483333333333
mobile,G,4,4,8,task,9.5935,5637.434761904759
mobile,G,4,4,9,task,9.3373,5551.456666666665
mobile,G,4,4,10,task,9.2461,5592.093333333331
mobile,G,4,4,11,task,9.7215,5627.165714285715
mobile,G,4,4,12,task,6.5906,5213.24
mobile,G,4,4,13,task,14.2619,5731.036666666665
mobile,G,4,5,0,in,17.6646,4584.966060606062
mobile,G,4,5,0,task,3.302,4683.200000000001
mobile,G,4,5,1,task,7.5062,4806.825
mobile,G,4,5,2,task,7.3827,5150.585
mobile,G,4,5,3,task,9.3538,5192.713333333332
mobile,G,4,5,4,task,5.4474,4887.516666666666
mobile,G,4,5,5,task,7.1881,5312.43
mobile,G,4,5,6,task,4.9001,5029.616666666667
mobile,G,4,5,7,task,9.1579,5574.170000000001
mobile,G,4,5,8,task,9.5983,5712.141428571428
mobile,G,4,5,9,task,9.2892,5590.496666666668
mobile,G,4,5,10,task,9.2319,5637.716666666666
mobile,G,4,5,11,task,9.6896,5702.6799999999985
mobile,G,4,5,12,task,6.5245,5332.998333333333
mobile,G,4,5,13,task,14.2289,5782.9255555555565
mobile,G,4,6,0,in,15.6356,4910.973434343435
mobile,G,4,6,0,task,3.2018,5130.816666666667
mobile,G,4,6,1,task,7.4728,4846.755
mobile,G,4,6,2,task,7.3469,5249.38
mobile,G,4,6,3,task,9.3103,5275.66
mobile,G,4,6,4,task,5.4257,4951.725
mobile,G,4,6,5,task,7.1459,5316.26
mobile,G,4,6,6,task,4.8521,5096.750000000001
mobile,G,4,6,7,task,9.0912,5678.8
mobile,G,4,6,8,task,9.5248,5779.442380952382
mobile,G,4,6,9,task,9.2725,5675.633333333331
mobile,G,4,6,10,task,9.2006,5689.096666666668
mobile,G,4,6,11,task,9.6564,5728.376666666667
mobile,G,4,6,12,task,6.5093,5384.445
mobile,G,4,6,13,task,14.1824,5866.865555555556
mobile,G,4,7,0,in,12.9903,5407.1940476190475
mobile,G,4,7,0,task,3.217,5386.95
mobile,G,4,7,1,task,7.4486,5005.555
mobile,G,4,7,2,task,7.3261,5336.99
mobile,G,4,7,3,task,9.2902,5338.580000000001
mobile,G,4,7,4,task,5.4025,4944.083333333333
mobile,G,4,7,5,task,7.1316,5436.875
mobile,G,4,7,6,task,4.8365,5057.516666666668
mobile,G,4,7,7,task,9.1023,5753.416666666668
mobile,G,4,7,8,task,9.5311,5827.161428571426
mobile,G,4,7,9,task,9.2461,5764.573333333335
mobile,G,4,7,10,task,9.1533,5829.283333333333
mobile,G,4,7,11,task,9.6061,5878.015714285715
mobile,G,4,7,12,task,6.4824,5491.243333333333
mobile,G,4,7,13,task,14.182,5954.687777777777
mobile,L,0,-1,0,in,118.001,3163.6823278661172
mobile,L,0,-1,0,task,11.3436,3512.592777777778
mobile,L,0,-1,1,task,25.9481,3478.245669462117
mobile,L,0,-1,2,task,15.2261,3587.615698745699
mobile,L,0,-1,3,task,19.7356,3639.1984711495943
mobile,L,0,-1,4,task,11.3388,3523.3072222222227
mobile,L,0,-1,5,task,16.9648,3576.516025641025
mobile,L,0,-1,6,task,9.4435,3563.5660714285714
mobile,L,0,-1,7,task,16.6746,3660.0891025641035
mobile,L,0,-1,8,task,16.5084,3662.0311188811193
mobile,L,0,-1,9,task,16.6329,3653.5574592074595
mobile,L,0,-1,10,task,16.5995,3656.482808857811
mobile,L,0,-1,11,task,16.5511,3659.7261655011644
mobile,L,0,-1,12,task,9.8671,3553.4464285714303
mobile,L,0,-1,13,task,20.676,3638.9554166666667
mobile,L,1,-1,0,in,80.2531,3208.908675284497
mobile,L,1,-1,0,task,7.9992,3606.7123809523823
mobile,L,1,-1,1,task,16.2448,3617.279700577202
mobile,L,1,-1,2,task,10.2001,3703.6256673881667
mobile,L,1,-1,3,task,13.6711,3767.245555555556
mobile,L,1,-1,4,task,8.2538,3588.8733333333325
mobile,L,1,-1,5,task,11.7244,3697.4057539682544
mobile,L,1,-1,6,task,6.77,3624.6183333333333
mobile,L,1,-1,7,task,11.5386,3805.7319444444443
mobile,L,1,-1,8,task,11.4701,3805.3884920634923
mobile,L,1,-1,9,task,11.4363,3797.1406746031744
mobile,L,1,-1,10,task,11.4341,3808.084920634921
mobile,L,1,-1,11,task,11.4066,3812.1466269841267
mobile,L,1,-1,12,task,6.9239,3665.833333333333
mobile,L,1,-1,13,task,14.7483,3804.847121212121
mobile,L,2,-1,0,in,59.0642,3248.8860492577605
mobile,L,2,-1,0,task,5.4298,3750.2783333333336
mobile,L,2,-1,1,task,9.4686,3877.6893528693527
mobile,L,2,-1,2,task,7.7254,3876.8966666666674
mobile,L,2,-1,3,task,10.5288,4006.200992063493
mobile,L,2,-1,4,task,6.5092,3706.905
mobile,L,2,-1,5,task,8.8226,3918.760000000001
mobile,L,2,-1,6,task,5.2697,3747.568333333333
mobile,L,2,-1,7,task,8.708,4031.1180952380946
mobile,L,2,-1,8,task,8.7073,4044.0300000000007
mobile,L,2,-1,9,task,8.6787,4046.1633333333343
mobile,L,2,-1,10,task,8.7343,4064.4380952380952
mobile,L,2,-1,11,task,8.764,4038.7442857142833
mobile,L,2,-1,12,task,5.2902,3779.0916666666662
mobile,L,2,-1,13,task,11.3191,4015.951388888889
mobile,L,3,-1,0,in,47.8788,3327.3663306451613
mobile,L,3,-1,0,task,3.8831,3820.6066666666657
mobile,L,3,-1,1,task,7.6904,4018.17
mobile,L,3,-1,2,task,6.4984,3974.8
mobile,L,3,-1,3,task,8.8243,4244.073333333335
mobile,L,3,-1,4,task,5.6202,3776.0800000000004
mobile,L,3,-1,5,task,7.3816,4112.68
mobile,L,3,-1,6,task,4.5215,3790.3583333333345
mobile,L,3,-1,7,task,7.3498,4282.57
mobile,L,3,-1,8,task,7.311,4280.501666666666
mobile,L,3,-1,9,task,7.3333,4260.263333333333
mobile,L,3,-1,10,task,7.3513,4279.863333333333
mobile,L,3,-1,11,task,7.3393,4261.246666666667
mobile,L,3,-1,12,task,4.4144,3875.6666666666692
mobile,L,3,-1,13,task,9.6994,4294.4571428571435
mobile,L,4,-1,0,in,40.3277,3413.881481481483
mobile,L,4,-1,0,task,3.5133,3896.6166666666663
mobile,L,4,-1,1,task,6.7636,4146.588333333333
mobile,L,4,-1,2,task,5.8035,4096.673333333333
mobile,L,4,-1,3,task,7.7214,4483.93761904762
mobile,L,4,-1,4,task,4.9957,3885.7000000000007
mobile,L,4,-1,5,task,6.4257,4340.955
mobile,L,4,-1,6,task,3.905,3856.483333333333
mobile,L,4,-1,7,task,6.4701,4532.89
mobile,L,4,-1,8,task,6.5384,4554.055
mobile,L,4,-1,9,task,6.4822,4520.09
mobile,L,4,-1,10,task,6.5341,4505.375
mobile,L,4,-1,11,task,6.4684,4536.78
mobile,L,4,-1,12,task,3.9283,3981.283333333334
mobile,L,4,-1,13,task,8.6328,4559.458571428571
mobile,L,5,-1,0,in,34.2402,3580.7592885375507
mobile,L,5,-1,0,task,3.2262,4135.099999999999
mobile,L,5,-1,1,task,6.0603,4386.97
mobile,L,5,-1,2,task,5.2293,4383.108333333334
mobile,L,5,-1,3,task,6.7706,4900.515
mobile,L,5,-1,4,task,4.5611,4028.8416666666667
mobile,L,5,-1,5,task,5.6555,4702.733333333333
mobile,L,5,-1,6,task,3.6732,3913.241666666667
mobile,L,5,-1,7,task,5.8668,4982.681666666667
mobile,L,5,-1,8,task,5.9536,4937.638333333333
mobile,L,5,-1,9,task,5.9207,4963.8983333333335
mobile,L,5,-1,10,task,5.8989,4998.345
mobile,L,5,-1,11,task,5.9407,4975.746666666667
mobile,L,5,-1,12,task,3.5045,4067.0999999999995
mobile,L,5,-1,13,task,7.997,5063.523333333331
