Graph,Layer,Dest,Src,Time
Alex,0,B,G,1.85698
Alex,1,G,B,0.205538
Alex,2,B,G,0.243133
Alex,3,G,B,0.248471
Alex,4,B,G,0.120458
Alex,5,G,B,0.0621833
Alex,6,B,G,0.0632041
Alex,0,G,B,1.40248
Alex,1,B,G,1.24005
Alex,2,G,B,0.255296
Alex,3,B,G,0.239458
Alex,4,G,B,0.0778751
Alex,5,B,G,0.0620082
Alex,6,G,B,0.0618336
Alex,0,L,G,0.280817
Alex,1,G,L,0.2156
Alex,2,L,G,0.259817
Alex,3,G,L,2.13789
Alex,4,L,G,1.23821
Alex,5,G,L,0.0719251
Alex,6,L,G,0.0622707
Alex,0,G,L,1.8324
Alex,1,L,G,1.30436
Alex,2,G,L,0.295838
Alex,3,L,G,0.245933
Alex,4,G,L,0.090125
Alex,5,L,G,0.0599667
Alex,6,G,L,0.0710792
Alex,0,L,B,0.282246
Alex,1,B,L,0.216825
Alex,2,L,B,0.23695
Alex,3,B,L,0.325354
Alex,4,L,B,0.0788959
Alex,5,B,L,0.0708456
Alex,6,L,B,0.061921
Alex,0,B,L,0.325792
Alex,1,L,B,0.195125
Alex,2,B,L,0.335359
Alex,3,L,B,0.236629
Alex,4,B,L,0.0911751
Alex,5,L,B,0.0609002
Alex,6,B,L,0.0715459
Google,0,B,G,0.891508
Google,1,G,B,2.21801
Google,2,B,G,2.46686
Google,3,G,B,0.331683
Google,4,B,G,0.34405
Google,5,G,B,0.331946
Google,6,B,G,0.37345
Google,7,G,B,0.348104
Google,8,B,G,0.172229
Google,9,G,B,0.167388
Google,0,G,B,0.796921
Google,1,B,G,0.555887
Google,2,G,B,2.29387
Google,3,B,G,2.03426
Google,4,G,B,0.418221
Google,5,B,G,0.347054
Google,6,G,B,0.384854
Google,7,B,G,0.35105
Google,8,G,B,0.203875
Google,9,B,G,0.16835
Google,0,L,G,2.46537
Google,1,G,L,0.653654
Google,2,L,G,0.721904
Google,3,G,L,0.401508
Google,4,L,G,0.341512
Google,5,G,L,0.422537
Google,6,L,G,0.345246
Google,7,G,L,0.437996
Google,8,L,G,0.178529
Google,9,G,L,0.215862
Google,0,G,L,2.99399
Google,1,L,G,2.20205
Google,2,G,L,0.83195
Google,3,L,G,0.343788
Google,4,G,L,0.455758
Google,5,L,G,0.337342
Google,6,G,L,0.4718
Google,7,L,G,0.374675
Google,8,G,L,0.217088
Google,9,L,G,0.16765
Google,0,L,B,0.833992
Google,1,B,L,0.622008
Google,2,L,B,0.668208
Google,3,B,L,0.410288
Google,4,L,B,0.334862
Google,5,B,L,0.4886
Google,6,L,B,0.35525
Google,7,B,L,0.440271
Google,8,L,B,0.178675
Google,9,B,L,0.202388
Google,0,B,L,0.902621
Google,1,L,B,0.601096
Google,2,B,L,0.807333
Google,3,L,B,0.336117
Google,4,B,L,0.444675
Google,5,L,B,0.353529
Google,6,B,L,0.461592
Google,7,L,B,0.363329
Google,8,B,L,0.201454
Google,9,L,B,0.165492
MobileV1,0,B,G,1.80247
MobileV1,1,G,B,5.97272
MobileV1,2,B,G,4.34286
MobileV1,3,G,B,1.48665
MobileV1,4,B,G,0.619792
MobileV1,5,G,B,0.700467
MobileV1,6,B,G,0.345421
MobileV1,7,G,B,0.368346
MobileV1,8,B,G,0.340783
MobileV1,9,G,B,0.341104
MobileV1,10,B,G,0.334979
MobileV1,11,G,B,0.365954
MobileV1,12,B,G,0.204896
MobileV1,0,G,B,5.07045
MobileV1,1,B,G,6.09653
MobileV1,2,G,B,1.64494
MobileV1,3,B,G,1.32845
MobileV1,4,G,B,0.772013
MobileV1,5,B,G,0.6804
MobileV1,6,G,B,0.328387
MobileV1,7,B,G,0.347258
MobileV1,8,G,B,0.340521
MobileV1,9,B,G,0.362046
MobileV1,10,G,B,0.341483
MobileV1,11,B,G,0.380159
MobileV1,12,G,B,0.192413
MobileV1,0,L,G,3.68145
MobileV1,1,G,L,3.24727
MobileV1,2,L,G,1.3592
MobileV1,3,G,L,1.69123
MobileV1,4,L,G,0.657242
MobileV1,5,G,L,0.814363
MobileV1,6,L,G,0.345771
MobileV1,7,G,L,0.449954
MobileV1,8,L,G,0.378204
MobileV1,9,G,L,0.439337
MobileV1,10,L,G,0.337166
MobileV1,11,G,L,0.448438
MobileV1,12,L,G,0.192413
MobileV1,0,G,L,2.09379
MobileV1,1,L,G,3.08578
MobileV1,2,G,L,1.62313
MobileV1,3,L,G,1.52335
MobileV1,4,G,L,2.92238
MobileV1,5,L,G,2.31551
MobileV1,6,G,L,0.427817
MobileV1,7,L,G,0.357817
MobileV1,8,G,L,0.488542
MobileV1,9,L,G,0.372633
MobileV1,10,G,L,0.432454
MobileV1,11,L,G,0.345275
MobileV1,12,G,L,0.255004
MobileV1,0,L,B,1.77844
MobileV1,1,B,L,3.33643
MobileV1,2,L,B,1.39064
MobileV1,3,B,L,1.66317
MobileV1,4,L,B,0.666692
MobileV1,5,B,L,0.850384
MobileV1,6,L,B,0.349359
MobileV1,7,B,L,0.446571
MobileV1,8,L,B,0.337779
MobileV1,9,B,L,0.4501
MobileV1,10,L,B,0.343846
MobileV1,11,B,L,0.415975
MobileV1,12,L,B,0.196992
MobileV1,0,B,L,2.02557
MobileV1,1,L,B,3.0739
MobileV1,2,B,L,1.66854
MobileV1,3,L,B,1.35538
MobileV1,4,B,L,0.833408
MobileV1,5,L,B,0.698192
MobileV1,6,B,L,0.421458
MobileV1,7,L,B,0.3486
MobileV1,8,B,L,0.461358
MobileV1,9,L,B,0.369804
MobileV1,10,B,L,0.437442
MobileV1,11,L,B,0.337283
MobileV1,12,B,L,0.254392
ResV1_50,0,B,G,2.84034
ResV1_50,1,G,B,2.83865
ResV1_50,2,B,G,2.83287
ResV1_50,3,G,B,0.690842
ResV1_50,4,B,G,1.31816
ResV1_50,5,G,B,1.43275
ResV1_50,6,B,G,1.28094
ResV1_50,7,G,B,0.340696
ResV1_50,8,B,G,0.645283
ResV1_50,9,G,B,0.645196
ResV1_50,10,B,G,0.708954
ResV1_50,11,G,B,0.671213
ResV1_50,12,B,G,0.63735
ResV1_50,13,G,B,0.204283
ResV1_50,14,B,G,0.336029
ResV1_50,15,G,B,0.335533
ResV1_50,16,B,G,0.0557081
ResV1_50,0,G,B,3.83935
ResV1_50,1,B,G,5.78451
ResV1_50,2,G,B,2.8355
ResV1_50,3,B,G,0.644058
ResV1_50,4,G,B,1.26099
ResV1_50,5,B,G,1.23372
ResV1_50,6,G,B,1.27677
ResV1_50,7,B,G,0.369046
ResV1_50,8,G,B,0.65695
ResV1_50,9,B,G,0.654996
ResV1_50,10,G,B,0.710471
ResV1_50,11,B,G,0.645779
ResV1_50,12,G,B,0.638838
ResV1_50,13,B,G,0.189671
ResV1_50,14,G,B,0.341454
ResV1_50,15,B,G,0.334513
ResV1_50,16,G,B,0.0538708
ResV1_50,0,L,G,0.813313
ResV1_50,1,G,L,7.51618
ResV1_50,2,L,G,6.69708
ResV1_50,3,G,L,0.8603
ResV1_50,4,L,G,1.24437
ResV1_50,5,G,L,1.6553
ResV1_50,6,L,G,1.26639
ResV1_50,7,G,L,0.453629
ResV1_50,8,L,G,0.638546
ResV1_50,9,G,L,0.826204
ResV1_50,10,L,G,0.648258
ResV1_50,11,G,L,0.785138
ResV1_50,12,L,G,0.628163
ResV1_50,13,G,L,0.235754
ResV1_50,14,L,G,0.334396
ResV1_50,15,G,L,0.441817
ResV1_50,16,L,G,0.0553291
ResV1_50,0,G,L,4.24874
ResV1_50,1,L,G,5.64436
ResV1_50,2,G,L,3.16581
ResV1_50,3,L,G,0.685329
ResV1_50,4,G,L,1.56631
ResV1_50,5,L,G,1.29299
ResV1_50,6,G,L,1.59063
ResV1_50,7,L,G,0.349621
ResV1_50,8,G,L,0.821625
ResV1_50,9,L,G,0.63595
ResV1_50,10,G,L,0.829121
ResV1_50,11,L,G,0.620258
ResV1_50,12,G,L,0.805466
ResV1_50,13,L,G,0.193112
ResV1_50,14,G,L,0.431521
ResV1_50,15,L,G,0.356679
ResV1_50,16,G,L,0.0635543
ResV1_50,0,L,B,0.784087
ResV1_50,1,B,L,3.12964
ResV1_50,2,L,B,2.85139
ResV1_50,3,B,L,0.836296
ResV1_50,4,L,B,1.22313
ResV1_50,5,B,L,1.5948
ResV1_50,6,L,B,1.3125
ResV1_50,7,B,L,0.455175
ResV1_50,8,L,B,0.641696
ResV1_50,9,B,L,0.847087
ResV1_50,10,L,B,0.655142
ResV1_50,11,B,L,0.7791
ResV1_50,12,L,B,0.638721
ResV1_50,13,B,L,0.236629
ResV1_50,14,L,B,0.343817
ResV1_50,15,B,L,0.435079
ResV1_50,16,L,B,0.0553293
ResV1_50,0,B,L,0.859542
ResV1_50,1,L,B,2.77655
ResV1_50,2,B,L,3.20804
ResV1_50,3,L,B,0.758858
ResV1_50,4,B,L,1.59696
ResV1_50,5,L,B,1.28421
ResV1_50,6,B,L,1.51958
ResV1_50,7,L,B,0.357729
ResV1_50,8,B,L,0.839738
ResV1_50,9,L,B,0.643971
ResV1_50,10,B,L,0.782804
ResV1_50,11,L,B,0.835946
ResV1_50,12,B,L,0.807333
ResV1_50,13,L,B,0.199617
ResV1_50,14,B,L,0.451004
ResV1_50,15,L,B,0.333288
ResV1_50,16,B,L,0.0793333
SqueezeV1,0,B,G,1.1396
SqueezeV1,1,G,B,1.3736
SqueezeV1,2,B,G,1.46005
SqueezeV1,3,G,B,2.23974
SqueezeV1,4,B,G,2.21495
SqueezeV1,5,G,B,0.886054
SqueezeV1,6,B,G,0.883459
SqueezeV1,7,G,B,0.288108
SqueezeV1,8,B,G,0.30765
SqueezeV1,0,G,B,1.07742
SqueezeV1,1,B,G,1.41062
SqueezeV1,2,G,B,3.33209
SqueezeV1,3,B,G,2.5382
SqueezeV1,4,G,B,0.605267
SqueezeV1,5,B,G,0.901279
SqueezeV1,6,G,B,0.917233
SqueezeV1,7,B,G,0.317042
SqueezeV1,8,G,B,0.307037
SqueezeV1,0,L,G,2.81423
SqueezeV1,1,G,L,1.57975
SqueezeV1,2,L,G,1.28435
SqueezeV1,3,G,L,0.792867
SqueezeV1,4,L,G,0.598063
SqueezeV1,5,G,L,1.1027
SqueezeV1,6,L,G,0.876108
SqueezeV1,7,G,L,0.376513
SqueezeV1,8,L,G,0.306717
SqueezeV1,0,G,L,3.71986
SqueezeV1,1,L,G,3.56385
SqueezeV1,2,G,L,1.63529
SqueezeV1,3,L,G,0.605441
SqueezeV1,4,G,L,0.751479
SqueezeV1,5,L,G,0.897458
SqueezeV1,6,G,L,1.09935
SqueezeV1,7,L,G,0.29785
SqueezeV1,8,G,L,0.382958
SqueezeV1,0,L,B,1.08401
SqueezeV1,1,B,L,1.63949
SqueezeV1,2,L,B,1.33648
SqueezeV1,3,B,L,0.7833
SqueezeV1,4,L,B,0.635513
SqueezeV1,5,B,L,1.18956
SqueezeV1,6,L,B,0.894279
SqueezeV1,7,B,L,0.380538
SqueezeV1,8,L,B,0.316866
SqueezeV1,0,B,L,1.20458
SqueezeV1,1,L,B,1.29698
SqueezeV1,2,B,L,1.51206
SqueezeV1,3,L,B,0.616671
SqueezeV1,4,B,L,0.793362
SqueezeV1,5,L,B,0.898304
SqueezeV1,6,B,L,1.13137
SqueezeV1,7,L,B,0.304588
SqueezeV1,8,B,L,0.411046
YOLOv3,0,B,G,73.4826
YOLOv3,1,G,B,43.8228
YOLOv3,2,B,G,12.7877
YOLOv3,3,G,B,21.5789
YOLOv3,4,B,G,21.0322
YOLOv3,5,G,B,5.72501
YOLOv3,6,B,G,21.0209
YOLOv3,7,G,B,5.54327
YOLOv3,8,B,G,10.4972
YOLOv3,9,G,B,10.4013
YOLOv3,10,B,G,2.73006
YOLOv3,11,G,B,10.2269
YOLOv3,12,B,G,2.70813
YOLOv3,13,G,B,10.2577
YOLOv3,14,B,G,2.71212
YOLOv3,15,G,B,10.2154
YOLOv3,16,B,G,2.67447
YOLOv3,17,G,B,10.257
YOLOv3,18,B,G,3.39273
YOLOv3,19,G,B,10.3048
YOLOv3,20,B,G,2.75473
YOLOv3,21,G,B,10.5716
YOLOv3,22,B,G,2.726
YOLOv3,23,G,B,10.3828
YOLOv3,24,B,G,2.66125
YOLOv3,25,G,B,10.2171
YOLOv3,26,B,G,4.85441
YOLOv3,27,G,B,1.27759
YOLOv3,28,B,G,4.80183
YOLOv3,29,G,B,1.18204
YOLOv3,30,B,G,4.85138
YOLOv3,31,G,B,1.2154
YOLOv3,32,B,G,4.8559
YOLOv3,33,G,B,1.20199
YOLOv3,34,B,G,4.84021
YOLOv3,35,G,B,1.20132
YOLOv3,36,B,G,4.91864
YOLOv3,37,G,B,1.76878
YOLOv3,38,B,G,4.89764
YOLOv3,39,G,B,1.20231
YOLOv3,40,B,G,4.9065
YOLOv3,41,G,B,1.23859
YOLOv3,42,B,G,4.91423
YOLOv3,43,G,B,2.37869
YOLOv3,44,B,G,0.588088
YOLOv3,45,G,B,2.47351
YOLOv3,46,B,G,0.593163
YOLOv3,47,G,B,2.32062
YOLOv3,48,B,G,0.590188
YOLOv3,49,G,B,2.40357
YOLOv3,50,B,G,0.618567
YOLOv3,51,G,B,1.14998
YOLOv3,52,B,G,0.59185
YOLOv3,53,G,B,1.15141
YOLOv3,54,B,G,0.618421
YOLOv3,55,G,B,1.25198
YOLOv3,56,B,G,1.10778
YOLOv3,57,G,B,1.10338
YOLOv3,58,B,G,0.312054
YOLOv3,59,G,B,3.55898
YOLOv3,60,B,G,1.32682
YOLOv3,61,G,B,2.37525
YOLOv3,62,B,G,1.18148
YOLOv3,63,G,B,2.38073
YOLOv3,64,B,G,2.41844
YOLOv3,65,G,B,2.47686
YOLOv3,66,B,G,1.38262
YOLOv3,67,G,B,6.8084
YOLOv3,68,B,G,2.74205
YOLOv3,69,G,B,5.11169
YOLOv3,70,B,G,2.75823
YOLOv3,71,G,B,5.10353
YOLOv3,72,B,G,2.69897
YOLOv3,73,G,B,5.1893
YOLOv3,0,G,B,50.514
YOLOv3,1,B,G,43.949
YOLOv3,2,G,B,12.7931
YOLOv3,3,B,G,21.6263
YOLOv3,4,G,B,29.5985
YOLOv3,5,B,G,14.3235
YOLOv3,6,G,B,21.1049
YOLOv3,7,B,G,5.5473
YOLOv3,8,G,B,10.5554
YOLOv3,9,B,G,10.7649
YOLOv3,10,G,B,2.76378
YOLOv3,11,B,G,10.256
YOLOv3,12,G,B,2.76054
YOLOv3,13,B,G,10.2396
YOLOv3,14,G,B,2.6815
YOLOv3,15,B,G,10.389
YOLOv3,16,G,B,2.69483
YOLOv3,17,B,G,10.2278
YOLOv3,18,G,B,2.66306
YOLOv3,19,B,G,10.3071
YOLOv3,20,G,B,2.63751
YOLOv3,21,B,G,10.334
YOLOv3,22,G,B,3.9184
YOLOv3,23,B,G,10.234
YOLOv3,24,G,B,2.73936
YOLOv3,25,B,G,10.2384
YOLOv3,26,G,B,4.80632
YOLOv3,27,B,G,1.17396
YOLOv3,28,G,B,4.93051
YOLOv3,29,B,G,1.22296
YOLOv3,30,G,B,4.86462
YOLOv3,31,B,G,1.15882
YOLOv3,32,G,B,4.90417
YOLOv3,33,B,G,1.28914
YOLOv3,34,G,B,4.87638
YOLOv3,35,B,G,1.28368
YOLOv3,36,G,B,4.75449
YOLOv3,37,B,G,1.3816
YOLOv3,38,G,B,4.8865
YOLOv3,39,B,G,1.22386
YOLOv3,40,G,B,4.82163
YOLOv3,41,B,G,1.1788
YOLOv3,42,G,B,4.90368
YOLOv3,43,B,G,2.32773
YOLOv3,44,G,B,0.591559
YOLOv3,45,B,G,2.39887
YOLOv3,46,G,B,0.586104
YOLOv3,47,B,G,2.4211
YOLOv3,48,G,B,0.59745
YOLOv3,49,B,G,2.39908
YOLOv3,50,G,B,0.639158
YOLOv3,51,B,G,1.13916
YOLOv3,52,G,B,0.609583
YOLOv3,53,B,G,1.1583
YOLOv3,54,G,B,0.610225
YOLOv3,55,B,G,1.1296
YOLOv3,56,G,B,1.09976
YOLOv3,57,B,G,1.11119
YOLOv3,58,G,B,0.324246
YOLOv3,59,B,G,3.44776
YOLOv3,60,G,B,1.15386
YOLOv3,61,B,G,2.39461
YOLOv3,62,G,B,1.19038
YOLOv3,63,B,G,2.42743
YOLOv3,64,G,B,2.42218
YOLOv3,65,B,G,2.43743
YOLOv3,66,G,B,1.33919
YOLOv3,67,B,G,6.97553
YOLOv3,68,G,B,2.64676
YOLOv3,69,B,G,5.09548
YOLOv3,70,G,B,2.74943
YOLOv3,71,B,G,5.17522
YOLOv3,72,G,B,2.65592
YOLOv3,73,B,G,5.11108
YOLOv3,0,L,G,50.4469
YOLOv3,1,G,L,62.8933
YOLOv3,2,L,G,28.9972
YOLOv3,3,G,L,23.1936
YOLOv3,4,L,G,20.6149
YOLOv3,5,G,L,5.92486
YOLOv3,6,L,G,20.622
YOLOv3,7,G,L,5.88709
YOLOv3,8,L,G,10.579
YOLOv3,9,G,L,11.2316
YOLOv3,10,L,G,2.66653
YOLOv3,11,G,L,11.3119
YOLOv3,12,L,G,2.63993
YOLOv3,13,G,L,11.2344
YOLOv3,14,L,G,2.67595
YOLOv3,15,G,L,11.4402
YOLOv3,16,L,G,2.69815
YOLOv3,17,G,L,11.2326
YOLOv3,18,L,G,2.63699
YOLOv3,19,G,L,11.2491
YOLOv3,20,L,G,2.65218
YOLOv3,21,G,L,11.1762
YOLOv3,22,L,G,2.68928
YOLOv3,23,G,L,11.3037
YOLOv3,24,L,G,2.82669
YOLOv3,25,G,L,11.3249
YOLOv3,26,L,G,4.72672
YOLOv3,27,G,L,1.44611
YOLOv3,28,L,G,4.79806
YOLOv3,29,G,L,1.47968
YOLOv3,30,L,G,5.4185
YOLOv3,31,G,L,1.51118
YOLOv3,32,L,G,4.70333
YOLOv3,33,G,L,1.47225
YOLOv3,34,L,G,5.70768
YOLOv3,35,G,L,1.44935
YOLOv3,36,L,G,4.6646
YOLOv3,37,G,L,1.47971
YOLOv3,38,L,G,4.66675
YOLOv3,39,G,L,1.44095
YOLOv3,40,L,G,4.68752
YOLOv3,41,G,L,1.49004
YOLOv3,42,L,G,4.72573
YOLOv3,43,G,L,2.82978
YOLOv3,44,L,G,0.59325
YOLOv3,45,G,L,2.91136
YOLOv3,46,L,G,0.710792
YOLOv3,47,G,L,2.86119
YOLOv3,48,L,G,0.619325
YOLOv3,49,G,L,2.91894
YOLOv3,50,L,G,0.640296
YOLOv3,51,G,L,1.45909
YOLOv3,52,L,G,0.584938
YOLOv3,53,G,L,1.41668
YOLOv3,54,L,G,0.600337
YOLOv3,55,G,L,1.43652
YOLOv3,56,L,G,1.0883
YOLOv3,57,G,L,1.43103
YOLOv3,58,L,G,0.314184
YOLOv3,59,G,L,4.1634
YOLOv3,60,L,G,1.34257
YOLOv3,61,G,L,2.86606
YOLOv3,62,L,G,1.33607
YOLOv3,63,G,L,2.78046
YOLOv3,64,L,G,2.58554
YOLOv3,65,G,L,3.09575
YOLOv3,66,L,G,1.13916
YOLOv3,67,G,L,8.35742
YOLOv3,68,L,G,2.65624
YOLOv3,69,G,L,6.03461
YOLOv3,70,L,G,2.636
YOLOv3,71,G,L,5.60834
YOLOv3,72,L,G,2.64661
YOLOv3,73,G,L,5.61788
YOLOv3,0,G,L,58.195
YOLOv3,1,L,G,43.6168
YOLOv3,2,G,L,14.7257
YOLOv3,3,L,G,21.8053
YOLOv3,4,G,L,22.7547
YOLOv3,5,L,G,5.49885
YOLOv3,6,G,L,31.9327
YOLOv3,7,L,G,14.0083
YOLOv3,8,G,L,11.9137
YOLOv3,9,L,G,10.2397
YOLOv3,10,G,L,2.9682
YOLOv3,11,L,G,10.1983
YOLOv3,12,G,L,2.9402
YOLOv3,13,L,G,10.11
YOLOv3,14,G,L,3.07064
YOLOv3,15,L,G,10.2364
YOLOv3,16,G,L,2.96322
YOLOv3,17,L,G,10.1358
YOLOv3,18,G,L,2.93918
YOLOv3,19,L,G,10.2077
YOLOv3,20,G,L,2.95272
YOLOv3,21,L,G,10.2028
YOLOv3,22,G,L,2.92378
YOLOv3,23,L,G,10.1785
YOLOv3,24,G,L,3.05323
YOLOv3,25,L,G,10.0775
YOLOv3,26,G,L,5.6672
YOLOv3,27,L,G,1.13228
YOLOv3,28,G,L,5.63378
YOLOv3,29,L,G,1.14532
YOLOv3,30,G,L,5.66207
YOLOv3,31,L,G,1.19426
YOLOv3,32,G,L,5.75648
YOLOv3,33,L,G,1.26117
YOLOv3,34,G,L,5.72994
YOLOv3,35,L,G,1.12067
YOLOv3,36,G,L,5.66341
YOLOv3,37,L,G,1.31037
YOLOv3,38,G,L,5.68053
YOLOv3,39,L,G,1.11694
YOLOv3,40,G,L,5.785
YOLOv3,41,L,G,1.1655
YOLOv3,42,G,L,5.67335
YOLOv3,43,L,G,2.2892
YOLOv3,44,G,L,0.752646
YOLOv3,45,L,G,2.2379
YOLOv3,46,G,L,0.761979
YOLOv3,47,L,G,2.2251
YOLOv3,48,G,L,0.762329
YOLOv3,49,L,G,2.25377
YOLOv3,50,G,L,0.751625
YOLOv3,51,L,G,1.1345
YOLOv3,52,G,L,0.785342
YOLOv3,53,L,G,1.14013
YOLOv3,54,G,L,0.715488
YOLOv3,55,L,G,1.10384
YOLOv3,56,G,L,1.47088
YOLOv3,57,L,G,1.14304
YOLOv3,58,G,L,0.411571
YOLOv3,59,L,G,3.40792
YOLOv3,60,G,L,1.47452
YOLOv3,61,L,G,2.35495
YOLOv3,62,G,L,1.49024
YOLOv3,63,L,G,2.39003
YOLOv3,64,G,L,2.99119
YOLOv3,65,L,G,2.33893
YOLOv3,66,G,L,1.53525
YOLOv3,67,L,G,6.81523
YOLOv3,68,G,L,2.96085
YOLOv3,69,L,G,5.11198
YOLOv3,70,G,L,3.06262
YOLOv3,71,L,G,5.08343
YOLOv3,72,G,L,2.94697
YOLOv3,73,L,G,5.13281
YOLOv3,0,L,B,50.3681
YOLOv3,1,B,L,46.5583
YOLOv3,2,L,B,12.7509
YOLOv3,3,B,L,23.3058
YOLOv3,4,L,B,20.7867
YOLOv3,5,B,L,5.87423
YOLOv3,6,L,B,20.5739
YOLOv3,7,B,L,5.92947
YOLOv3,8,L,B,10.3425
YOLOv3,9,B,L,11.4023
YOLOv3,10,L,B,2.73779
YOLOv3,11,B,L,11.2365
YOLOv3,12,L,B,2.60523
YOLOv3,13,B,L,11.4089
YOLOv3,14,L,B,2.69334
YOLOv3,15,B,L,11.3891
YOLOv3,16,L,B,2.64139
YOLOv3,17,B,L,11.5284
YOLOv3,18,L,B,2.66554
YOLOv3,19,B,L,11.2303
YOLOv3,20,L,B,2.9542
YOLOv3,21,B,L,11.4351
YOLOv3,22,L,B,2.66881
YOLOv3,23,B,L,11.2144
YOLOv3,24,L,B,2.66761
YOLOv3,25,B,L,11.433
YOLOv3,26,L,B,4.64701
YOLOv3,27,B,L,1.49074
YOLOv3,28,L,B,4.74305
YOLOv3,29,B,L,1.46743
YOLOv3,30,L,B,4.73232
YOLOv3,31,B,L,1.43873
YOLOv3,32,L,B,4.71412
YOLOv3,33,B,L,1.47397
YOLOv3,34,L,B,4.70768
YOLOv3,35,B,L,1.47665
YOLOv3,36,L,B,4.75073
YOLOv3,37,B,L,1.46635
YOLOv3,38,L,B,4.7448
YOLOv3,39,B,L,1.51022
YOLOv3,40,L,B,4.73404
YOLOv3,41,B,L,1.43535
YOLOv3,42,L,B,4.76298
YOLOv3,43,B,L,2.99457
YOLOv3,44,L,B,0.579717
YOLOv3,45,B,L,2.92583
YOLOv3,46,L,B,0.596808
YOLOv3,47,B,L,2.78055
YOLOv3,48,L,B,0.625946
YOLOv3,49,B,L,3.00128
YOLOv3,50,L,B,0.600629
YOLOv3,51,B,L,1.47665
YOLOv3,52,L,B,0.592346
YOLOv3,53,B,L,1.41963
YOLOv3,54,L,B,0.631458
YOLOv3,55,B,L,1.51646
YOLOv3,56,L,B,1.13391
YOLOv3,57,B,L,1.4373
YOLOv3,58,L,B,0.311529
YOLOv3,59,B,L,4.18049
YOLOv3,60,L,B,1.1093
YOLOv3,61,B,L,2.85008
YOLOv3,62,L,B,1.26055
YOLOv3,63,B,L,2.88493
YOLOv3,64,L,B,2.59522
YOLOv3,65,B,L,2.894
YOLOv3,66,L,B,1.09057
YOLOv3,67,B,L,8.23538
YOLOv3,68,L,B,2.70165
YOLOv3,69,B,L,5.68502
YOLOv3,70,L,B,2.64291
YOLOv3,71,B,L,5.60015
YOLOv3,72,L,B,2.61205
YOLOv3,73,B,L,5.70634
YOLOv3,0,B,L,57.9857
YOLOv3,1,L,B,42.9718
YOLOv3,2,B,L,14.8247
YOLOv3,3,L,B,21.6696
YOLOv3,4,B,L,22.9033
YOLOv3,5,L,B,5.54117
YOLOv3,6,B,L,22.9426
YOLOv3,7,L,B,5.5036
YOLOv3,8,B,L,11.3008
YOLOv3,9,L,B,10.1693
YOLOv3,10,B,L,3.02082
YOLOv3,11,L,B,10.1366
YOLOv3,12,B,L,2.97415
YOLOv3,13,L,B,10.0829
YOLOv3,14,B,L,2.96129
YOLOv3,15,L,B,10.0942
YOLOv3,16,B,L,2.95689
YOLOv3,17,L,B,10.2954
YOLOv3,18,B,L,3.03243
YOLOv3,19,L,B,10.0976
YOLOv3,20,B,L,2.98492
YOLOv3,21,L,B,10.0676
YOLOv3,22,B,L,2.89421
YOLOv3,23,L,B,10.0939
YOLOv3,24,B,L,2.9377
YOLOv3,25,L,B,10.099
YOLOv3,26,B,L,5.69517
YOLOv3,27,L,B,1.23708
YOLOv3,28,B,L,5.70897
YOLOv3,29,L,B,1.30325
YOLOv3,30,B,L,5.6978
YOLOv3,31,L,B,1.12096
YOLOv3,32,B,L,5.72078
YOLOv3,33,L,B,1.14438
YOLOv3,34,B,L,5.91267
YOLOv3,35,L,B,1.10416
YOLOv3,36,B,L,5.64509
YOLOv3,37,L,B,1.24763
YOLOv3,38,B,L,5.78594
YOLOv3,39,L,B,1.09565
YOLOv3,40,B,L,5.70448
YOLOv3,41,L,B,1.16419
YOLOv3,42,B,L,5.62301
YOLOv3,43,L,B,2.26809
YOLOv3,44,B,L,0.742642
YOLOv3,45,L,B,2.20016
YOLOv3,46,B,L,0.869429
YOLOv3,47,L,B,2.23519
YOLOv3,48,B,L,0.725929
YOLOv3,49,L,B,2.30787
YOLOv3,50,B,L,0.731354
YOLOv3,51,L,B,1.11064
YOLOv3,52,B,L,0.809346
YOLOv3,53,L,B,1.08567
YOLOv3,54,B,L,0.738908
YOLOv3,55,L,B,1.10282
YOLOv3,56,B,L,1.48254
YOLOv3,57,L,B,1.10609
YOLOv3,58,B,L,0.411133
YOLOv3,59,L,B,3.52745
YOLOv3,60,B,L,1.43905
YOLOv3,61,L,B,2.34509
YOLOv3,62,B,L,1.47516
YOLOv3,63,L,B,2.37997
YOLOv3,64,B,L,2.8075
YOLOv3,65,L,B,2.31435
YOLOv3,66,B,L,1.53472
YOLOv3,67,L,B,7.07292
YOLOv3,68,B,L,2.93119
YOLOv3,69,L,B,5.18376
YOLOv3,70,B,L,2.96482
YOLOv3,71,L,B,5.06736
YOLOv3,72,B,L,2.93481
YOLOv3,73,L,B,5.0808
