1,982,3060.00
1,983,3060.00
1,984,3290.00
1,985,3060.00
1,987,3060.00
1,988,3050.00
1,989,3050.00
1,990,3110.00
1,992,3050.00
1,993,3050.00
1,994,3030.00
1,995,3030.00
1,996,3100.00
1,998,3100.00
1,999,3060.00
1,1000,3030.00
1,1002,3030.00
1,1003,3050.00
1,1004,3050.00
1,1006,3020.00
1,1007,3070.00
1,1008,3070.00
1,1010,3030.00
1,1011,3050.00
1,1012,3050.00
1,1014,3030.00
1,1015,3030.00
1,1016,3050.00
1,1017,3030.00
1,1019,3030.00
1,1020,3050.00
1,1021,3050.00
1,1024,3050.00
1,1025,3020.00
1,1026,3020.00
1,1028,3060.00
1,1029,3050.00
1,1030,3050.00
1,1032,3050.00
1,1033,3050.00
1,1034,3010.00
1,1036,3020.00
1,1037,3020.00
1,1038,3030.00
1,1040,3050.00
1,1041,3050.00
1,1042,3060.00
1,1044,3060.00
1,1045,3010.00
1,1046,3030.00
1,1048,3030.00
1,1049,3030.00
1,1050,3030.00
1,1052,3050.00
1,1053,3050.00
1,1054,3050.00
1,1056,3050.00
1,1057,3030.00
1,1058,3030.00
1,1060,3030.00
1,1061,3030.00
1,1062,3050.00
1,1064,3020.00
1,1065,3020.00
1,1067,3060.00
1,1069,3060.00
1,1070,3060.00
1,1071,3030.00
1,1073,3030.00
1,1074,3030.00
1,1075,3020.00
1,1077,3020.00
1,1078,3070.00
1,1079,3070.00
1,1081,3050.00
1,1082,3050.00
1,1083,3050.00
1,1085,3020.00
1,1086,3020.00
1,1087,3030.00
1,1089,3050.00
1,1090,3050.00
1,1091,3050.00
1,1093,3060.00
1,1094,3060.00
1,1095,3050.00
1,1097,3050.00
1,1098,3030.00
1,1099,3060.00
1,1101,3060.00
1,1102,3030.00
1,1103,3030.00
1,1104,3030.00
1,1106,3060.00
1,1107,3060.00
1,1108,3030.00
1,1111,3050.00
1,1112,3050.00
1,1113,3030.00
1,1115,3030.00
1,1116,3030.00
1,1117,3030.00
1,1119,3030.00
1,1120,3060.00
1,1121,3050.00
1,1123,3050.00
1,1124,3050.00
1,1125,3050.00
1,1127,3060.00
1,1128,3030.00
1,1129,3030.00
1,1131,3020.00
1,1132,3020.00
1,1133,3020.00
1,1135,3070.00
1,1136,3070.00
1,1137,3050.00
1,1139,3030.00
1,1140,3030.00
1,1141,3030.00
1,1143,3030.00
1,1144,3020.00
1,1145,3070.00
1,1147,3070.00
1,1148,3070.00
1,1149,3070.00
1,1152,3050.00
1,1153,3050.00
1,1154,3050.00
1,1156,3030.00
1,1157,3030.00
1,1158,3030.00
1,1160,3050.00
1,1161,3050.00
1,1162,3030.00
1,1164,3030.00
1,1165,3030.00
1,1166,3070.00
1,1168,3070.00
1,1169,3050.00
1,1170,3050.00
1,1172,3050.00
1,1173,3030.00
1,1174,3060.00
1,1176,3060.00
1,1177,3050.00
1,1178,3050.00
1,1180,3060.00
1,1181,3050.00
1,1182,3050.00
1,1184,3030.00
1,1185,3050.00
1,1186,3050.00
1,1188,3030.00
1,1189,3030.00
1,1190,3050.00
1,1191,3030.00
1,1193,3030.00
1,1195,3280.00
1,1196,3280.00
1,1198,3460.00
1,1199,3280.00
1,1200,3280.00
1,1202,3280.00
1,1203,3290.00
1,1204,3290.00
1,1206,3250.00
1,1207,3250.00
1,1208,3210.00
1,1210,3390.00
1,1211,3390.00
1,1212,3260.00
1,1214,3260.00
1,1215,3280.00
1,1216,3380.00
1,1218,3380.00
1,1219,3380.00
1,1220,3250.00
1,1222,3250.00
1,1223,3370.00
1,1224,3370.00
1,1226,3260.00
1,1227,3340.00
1,1228,3340.00
1,1230,3420.00
1,1231,3420.00
1,1232,3020.00
1,1234,3150.00
1,1235,3150.00
1,1236,3210.00
1,1239,3060.00
1,1240,3060.00
1,1241,3050.00
1,1243,3050.00
1,1244,3150.00
1,1245,3030.00
1,1247,3030.00
1,1248,3080.00
1,1249,3080.00
1,1251,3200.00
1,1252,3150.00
1,1253,3150.00
1,1255,3070.00
1,1256,3170.00
1,1257,3170.00
1,1259,3020.00
1,1260,3020.00
1,1261,3110.00
1,1263,3240.00
1,1264,3240.00
1,1265,3170.00
1,1267,3030.00
1,1268,3030.00
1,1269,3150.00
1,1271,3150.00
1,1272,3020.00
1,1273,3160.00
1,1275,3160.00
1,1276,3280.00
1,1277,3280.00
1,1278,3080.00
1,1281,3030.00
1,1282,3030.00
1,1283,3150.00
1,1285,3020.00
1,1286,3020.00
1,1287,3160.00
1,1289,3160.00
1,1290,3100.00
1,1291,3060.00
1,1293,3060.00
1,1294,3060.00
1,1295,3060.00
1,1297,3080.00
1,1298,3020.00
1,1299,3020.00
1,1301,3050.00
1,1302,3080.00
1,1303,3080.00
1,1305,3020.00
1,1306,3020.00
1,1307,3030.00
1,1309,3030.00
1,1310,3030.00
1,1311,3050.00
1,1313,3050.00
1,1314,3050.00
1,1315,3030.00
1,1317,3030.00
1,1318,3050.00
1,1319,3030.00
1,1321,3030.00
1,1323,3060.00
1,1324,3060.00
1,1326,3050.00
1,1327,3030.00
1,1328,3030.00
1,1330,3070.00
1,1331,3050.00
1,1332,3050.00
1,1334,3010.00
1,1335,3010.00
1,1336,3030.00
1,1338,3020.00
1,1339,3020.00
1,1340,3050.00
1,1342,3050.00
1,1343,3030.00
1,1344,3030.00
1,1346,3030.00
1,1347,3020.00
1,1348,3050.00
1,1350,3050.00
1,1351,3050.00
1,1352,3050.00
1,1354,3050.00
1,1355,3020.00
1,1356,3020.00
1,1358,3020.00
1,1359,3020.00
1,1360,3060.00
1,1362,3050.00
1,1363,3050.00
1,1364,3030.00
1,1366,3030.00
1,1368,3030.00
1,1369,3050.00
1,1370,3050.00
1,1372,3050.00
1,1373,3030.00
1,1374,3030.00
1,1376,3020.00
1,1377,3020.00
1,1378,3060.00
1,1380,3050.00
1,1381,3050.00
1,1382,3030.00
1,1384,3030.00
1,1385,3030.00
1,1386,3050.00
1,1388,3050.00
1,1389,3060.00
1,1390,3030.00
1,1392,3030.00
1,1393,3030.00
1,1394,3030.00
1,1396,3020.00
1,1397,3030.00
1,1398,3030.00
1,1400,3060.00
1,1401,3050.00
1,1402,3050.00
1,1404,3010.00
1,1405,3010.00
1,1406,3020.00
1,1409,3020.00
1,1410,3020.00
1,1411,3050.00
1,1413,3030.00
1,1414,3030.00
1,1415,3020.00
1,1417,3020.00
1,1418,3030.00
1,1419,3050.00
1,1421,3050.00
1,1422,3030.00
1,1423,3030.00
1,1425,3030.00
1,1426,3020.00
1,1427,3020.00
1,1429,3030.00
1,1430,3050.00
1,1431,3050.00
1,1433,3050.00
1,1434,3050.00
1,1435,3010.00
1,1437,3020.00
1,1438,3020.00
1,1439,3050.00
1,1441,3050.00
1,1442,3050.00
1,1443,3020.00
1,1445,3020.00
1,1446,3030.00
1,1447,3030.00
1,1449,3030.00
1,1451,3030.00
1,1452,3030.00
1,1453,3050.00
1,1455,3030.00
1,1456,3030.00
1,1457,3070.00
1,1459,3070.00
1,1460,3050.00
1,1461,3060.00
1,1463,3060.00
1,1464,3030.00
1,1465,3060.00
1,1467,3060.00
1,1468,3050.00
1,1469,3050.00
1,1471,3030.00
1,1472,3050.00
1,1473,3050.00
1,1475,3030.00
1,1476,3030.00
1,1477,3050.00
1,1479,3060.00
1,1480,3060.00
1,1481,3030.00
1,1483,3080.00
1,1484,3080.00
1,1485,3070.00
1,1487,3070.00
1,1488,3060.00
1,1489,3050.00
1,1491,3050.00
1,1492,3050.00
1,1494,3030.00
1,1496,3030.00
1,1497,3060.00
1,1498,3060.00
1,1500,3060.00
1,1501,3060.00
1,1502,3060.00
1,1504,3020.00
1,1505,3020.00
1,1506,3030.00
1,1508,3050.00
1,1509,3050.00
1,1510,3030.00
1,1512,3020.00
1,1513,3020.00
1,1514,3030.00
1,1516,3030.00
1,1517,3030.00
1,1518,3060.00
1,1520,3060.00
1,1521,3030.00
1,1522,3030.00
1,1524,3060.00
1,1525,3030.00
1,1526,3030.00
1,1528,3060.00
1,1529,3050.00
1,1530,3050.00
1,1532,3020.00
1,1533,3020.00
1,1534,3060.00
1,1537,3050.00
1,1538,3050.00
1,1539,3030.00
1,1540,3030.00
1,1542,3060.00
1,1543,3060.00
1,1544,3060.00
1,1546,3030.00
1,1547,3050.00
1,1548,3050.00
1,1550,3050.00
1,1551,3050.00
1,1552,3030.00
1,1554,3050.00
1,1555,3050.00
1,1556,3070.00
1,1558,3060.00
1,1559,3060.00
1,1560,3030.00
1,1562,3030.00
1,1563,3030.00
1,1564,3030.00
1,1566,3030.00
1,1567,3080.00
1,1568,3080.00
1,1570,3060.00
1,1571,3030.00
1,1572,3030.00
1,1574,3030.00
1,1575,3070.00
1,1576,3070.00
1,1579,3030.00
1,1580,3030.00
1,1581,3050.00
1,1583,3030.00
1,1584,3030.00
1,1585,3050.00
1,1587,3050.00
1,1588,3060.00
1,1589,3050.00
1,1591,3050.00
1,1592,3050.00
1,1593,3060.00
1,1595,3060.00
1,1596,3050.00
1,1597,3050.00
1,1599,3050.00
1,1600,3020.00
1,1601,3020.00
1,1603,3030.00
1,1604,3030.00
1,1605,3070.00
1,1607,3070.00
1,1608,3070.00
1,1609,3050.00
1,1611,3030.00
1,1612,3030.00
1,1613,3030.00
1,1615,3030.00
1,1616,3060.00
1,1617,3050.00
1,1619,3050.00
1,1620,3050.00
1,1622,3050.00
1,1624,3050.00
1,1625,3060.00
1,1626,3060.00
1,1627,3050.00
1,1629,3060.00
1,1630,3060.00
1,1631,3030.00
1,1633,3030.00
1,1634,3060.00
1,1635,3060.00
1,1637,3060.00
1,1638,3050.00
1,1639,3050.00
1,1641,3050.00
1,1642,3050.00
1,1643,3050.00
1,1645,3070.00
1,1646,3050.00
1,1647,3050.00
1,1649,3030.00
1,1650,3030.00
1,1651,3050.00
1,1653,3050.00
1,1654,3050.00
1,1655,3050.00
1,1657,3060.00
1,1658,3060.00
1,1659,3050.00
1,1661,3050.00
1,1662,3030.00
1,1664,3050.00
1,1666,3050.00
1,1667,3050.00
1,1668,3050.00
1,1670,3050.00
1,1671,3050.00
1,1672,3050.00
1,1674,3070.00
1,1675,3060.00
1,1676,3060.00
1,1678,3060.00
1,1679,3060.00
1,1680,3050.00
1,1682,3030.00
1,1683,3030.00
1,1684,3060.00
1,1686,3060.00
1,1687,3060.00
1,1688,3060.00
1,1690,3060.00
1,1691,3010.00
1,1692,3030.00
1,1694,3030.00
1,1695,3050.00
1,1696,3050.00
1,1698,3060.00
1,1699,3050.00
1,1700,3050.00
1,1702,3080.00
1,1703,3080.00
1,1704,3050.00
1,1707,3030.00
1,1708,3030.00
1,1709,3030.00
1,1711,3060.00
1,1712,3060.00
1,1713,3020.00
1,1714,3020.00
1,1716,3050.00
1,1717,3050.00
1,1718,3050.00
1,1720,3070.00
1,1721,3060.00
1,1722,3060.00
1,1724,3070.00
1,1725,3070.00
1,1726,3030.00
1,1728,3030.00
1,1729,3030.00
1,1730,3060.00
1,1732,3060.00
1,1733,3060.00
1,1734,3070.00
1,1736,3070.00
1,1737,3030.00
1,1738,3070.00
1,1740,3070.00
1,1741,3060.00
1,1742,3060.00
1,1744,3030.00
1,1745,3050.00
1,1746,3050.00
1,1748,3030.00
1,1750,3030.00
1,1751,3060.00
1,1753,3050.00
1,1754,3050.00
1,1755,3020.00
1,1757,3010.00
1,1758,3010.00
1,1759,3050.00
1,1761,3050.00
1,1762,3050.00
1,1763,3020.00
1,1765,3020.00
1,1766,3020.00
1,1767,3020.00
1,1769,3030.00
1,1770,3060.00
1,1771,3060.00
1,1773,3070.00
1,1774,3020.00
1,1775,3020.00
1,1777,3020.00
1,1778,3020.00
1,1779,3060.00
1,1781,3060.00
1,1782,3060.00
1,1783,3050.00
1,1785,3050.00
1,1786,3020.00
1,1787,3020.00
1,1789,3020.00
1,1790,3110.00
1,1792,3030.00
1,1794,3030.00
1,1795,3050.00
1,1796,3050.00
1,1798,3020.00
1,1799,3060.00
1,1800,3060.00
1,1801,3030.00
1,1803,3060.00
1,1804,3060.00
1,1805,3030.00
1,1807,3030.00
1,1808,3030.00
1,1809,3070.00
1,1811,3070.00
1,1812,3050.00
1,1813,3050.00
1,1815,3050.00
1,1816,3020.00
1,1817,3020.00
1,1819,3070.00
1,1820,3060.00
1,1821,3060.00
1,1823,3020.00
1,1824,3020.00
1,1825,3020.00
1,1827,3030.00
1,1828,3030.00
1,1829,3060.00
1,1831,3060.00
1,1832,3060.00
1,1833,3030.00
1,1836,3030.00
1,1837,3060.00
1,1838,3050.00
1,1840,3050.00
1,1841,3060.00
1,1842,3060.00
1,1844,3050.00
1,1845,3020.00
1,1846,3020.00
1,1848,3020.00
1,1849,3020.00
1,1850,3030.00
1,1852,3060.00
1,1853,3060.00
1,1854,3030.00
1,1856,3010.00
1,1857,3010.00
1,1858,3050.00
1,1860,3050.00
1,1861,3060.00
1,1862,3050.00
1,1864,3050.00
1,1865,3030.00
1,1866,3050.00
1,1868,3050.00
1,1869,3050.00
1,1870,3050.00
1,1872,3030.00
1,1873,3050.00
1,1874,3050.00
1,1876,3050.00
1,1878,3050.00
1,1879,3050.00
1,1881,3050.00
1,1882,3050.00
1,1883,3030.00
1,1885,3030.00
1,1886,3030.00
1,1887,3030.00
1,1888,3030.00
1,1890,3060.00
1,1891,3030.00
1,1892,3030.00
1,1894,3030.00
1,1895,3030.00
1,1896,3030.00
1,1898,3060.00
1,1899,3060.00
1,1900,3050.00
1,1902,3050.00
1,1903,3050.00
1,1904,3030.00
1,1906,3030.00
1,1907,3050.00
1,1908,3060.00
1,1910,3060.00
1,1911,3050.00
1,1912,3050.00
1,1914,3030.00
1,1915,3030.00
1,1916,3030.00
1,1918,3030.00
1,1920,3050.00
1,1921,3050.00
1,1923,3030.00
1,1924,3030.00
1,1925,3020.00
1,1927,3060.00
1,1928,3060.00
1,1929,3050.00
1,1931,3050.00
1,1932,3030.00
1,1933,3030.00
1,1935,3030.00
1,1936,3030.00
1,1937,3030.00
1,1939,3030.00
1,1940,3050.00
1,1941,3050.00
1,1943,3020.00
1,1944,3030.00
1,1945,3030.00
1,1947,3030.00
1,1948,3050.00
1,1949,3050.00
1,1951,3020.00
1,1952,3020.00
1,1953,3020.00
1,1955,3030.00
1,1956,3030.00
1,1957,3110.00
1,1959,3110.00
1,1960,3060.00
1,1961,3030.00
1,1964,3030.00
1,1965,3070.00
1,1966,3030.00
1,1968,3030.00
1,1969,3050.00
1,1970,3050.00
1,1971,3030.00
1,1973,3030.00
1,1974,3030.00
1,1975,3070.00
1,1977,3070.00
1,1978,3030.00
1,1979,3140.00
1,1981,3140.00
1,1982,3030.00
1,1983,3050.00
1,1985,3050.00
1,1986,3070.00
1,1987,3070.00
1,1989,3030.00
1,1990,3030.00
1,1991,3030.00
1,1993,3060.00
1,1994,3060.00
1,1995,3080.00
1,1997,3060.00
1,1998,3060.00
1,1999,3050.00
1,2001,3030.00
1,2002,3030.00
1,2003,3050.00
1,2006,3050.00
1,2007,3050.00
1,2008,3050.00
1,2010,3050.00
1,2011,3020.00
1,2012,3020.00
1,2014,3060.00
1,2015,3060.00
1,2016,3060.00
1,2018,3070.00
1,2019,3050.00
1,2020,3050.00
1,2022,3060.00
1,2023,3060.00
1,2024,3070.00
1,2026,3060.00
1,2027,3060.00
1,2028,3060.00
1,2030,3030.00
1,2031,3030.00
1,2032,3060.00
1,2034,3060.00
1,2035,3050.00
1,2036,3060.00
1,2038,3060.00
1,2039,3050.00
1,2040,3050.00
1,2042,3030.00
1,2043,3050.00
1,2044,3050.00
1,2046,3030.00
1,2048,3060.00
1,2049,3060.00
1,2051,3030.00
1,2052,3030.00
1,2053,3060.00
1,2055,3070.00
1,2056,3070.00
1,2057,3050.00
1,2059,3050.00
1,2060,3060.00
1,2061,3070.00
1,2062,3070.00
1,2064,3060.00
1,2065,3060.00
1,2066,3060.00
1,2068,3050.00
1,2069,3050.00
1,2070,3050.00
1,2072,3060.00
1,2073,3060.00
1,2074,3030.00
1,2076,3030.00
1,2077,3050.00
1,2078,3030.00
1,2080,3030.00
1,2081,3060.00
1,2082,3050.00
1,2084,3050.00
1,2085,3050.00
1,2086,3050.00
1,2088,3030.00
1,2089,3050.00
1,2091,3050.00
1,2093,3050.00
1,2094,3060.00
1,2095,3060.00
1,2097,3050.00
1,2098,3050.00
1,2099,3070.00
1,2101,3070.00
1,2102,3070.00
1,2103,3050.00
1,2105,3050.00
1,2106,3030.00
1,2107,3050.00
1,2109,3050.00
1,2110,3060.00
1,2111,3070.00
1,2113,3070.00
1,2114,3060.00
1,2115,3060.00
1,2117,3050.00
1,2118,3050.00
1,2119,3050.00
1,2121,3060.00
1,2122,3060.00
1,2123,3060.00
1,2125,3060.00
1,2126,3060.00
1,2127,3070.00
1,2129,3060.00
1,2130,3060.00
1,2131,3060.00
1,2134,3060.00
1,2135,3050.00
1,2136,3060.00
1,2138,3060.00
1,2139,3030.00
1,2140,3030.00
1,2142,3060.00
1,2143,3060.00
1,2144,3060.00
1,2146,3030.00
1,2147,3030.00
1,2148,3030.00
1,2149,3050.00
1,2151,3050.00
1,2152,3060.00
1,2153,3030.00
1,2155,3030.00
1,2156,3030.00
1,2157,3030.00
1,2159,3080.00
1,2160,3030.00
1,2161,3030.00
1,2163,3030.00
1,2164,3050.00
1,2165,3050.00
1,2167,3070.00
1,2168,3070.00
1,2169,3070.00
1,2171,3050.00
1,2172,3050.00
1,2173,3050.00
1,2176,3060.00
1,2177,3060.00
1,2178,3070.00
1,2180,3070.00
1,2181,3030.00
1,2182,3050.00
1,2184,3050.00
1,2185,3060.00
1,2186,3060.00
1,2188,3060.00
1,2189,3050.00
1,2190,3050.00
1,2192,3030.00
1,2193,3050.00
1,2194,3050.00
1,2196,3050.00
1,2197,3050.00
1,2198,3060.00
1,2200,3050.00
1,2201,3050.00
1,2202,3010.00
1,2204,3010.00
1,2205,3080.00
1,2206,3060.00
1,2208,3060.00
1,2209,3070.00
1,2210,3020.00
1,2212,3020.00
1,2213,3060.00
1,2214,3060.00
1,2216,3060.00
1,2217,3060.00
1,2219,3060.00
1,2221,3050.00
1,2222,3050.00
1,2223,3070.00
1,2225,3060.00
1,2226,3060.00
1,2227,3050.00
1,2229,3050.00
1,2230,3050.00
1,2231,3030.00
1,2233,3030.00
1,2234,3080.00
1,2235,3060.00
1,2236,3060.00
1,2238,3060.00
1,2239,3060.00
1,2240,3030.00
1,2242,3060.00
1,2243,3060.00
1,2244,3050.00
1,2246,3030.00
1,2247,3030.00
1,2248,3050.00
1,2250,3050.00
1,2251,3050.00
1,2252,3060.00
1,2254,3060.00
1,2255,3050.00
1,2256,3060.00
1,2258,3060.00
1,2259,3070.00
1,2260,3070.00
1,2263,3060.00
1,2264,3050.00
1,2265,3050.00
1,2267,3050.00
1,2268,3050.00
1,2269,3050.00
1,2271,3030.00
1,2272,3030.00
1,2273,3060.00
1,2275,3060.00
1,2276,3060.00
1,2277,3060.00
1,2279,3060.00
1,2280,3050.00
1,2281,3050.00
1,2283,3050.00
1,2284,3050.00
1,2285,3050.00
1,2287,3050.00
1,2288,3320.00
1,2289,3320.00
1,2291,3390.00
1,2292,3320.00
1,2293,3320.00
1,2295,3240.00
1,2296,3240.00
1,2297,3230.00
1,2299,3280.00
1,2300,3280.00
1,2301,3200.00
1,2304,3200.00
1,2305,3330.00
1,2306,3390.00
1,2308,3390.00
1,2309,3470.00
1,2310,3470.00
1,2312,3470.00
1,2313,3520.00
1,2314,3520.00
1,2316,3390.00
1,2317,3370.00
1,2318,3370.00
1,2320,3430.00
1,2321,3430.00
1,2322,3170.00
1,2323,3190.00
1,2325,3190.00
1,2326,3210.00
1,2327,3190.00
1,2329,3190.00
1,2330,3170.00
1,2331,3170.00
1,2333,3190.00
1,2334,3160.00
1,2335,3160.00
1,2337,3150.00
1,2338,3190.00
1,2339,3190.00
1,2341,3150.00
1,2342,3150.00
1,2343,3160.00
1,2345,3170.00
1,2347,3170.00
1,2348,3170.00
1,2350,3170.00
1,2351,3150.00
1,2352,3150.00
1,2354,3150.00
1,2355,3170.00
1,2356,3160.00
1,2358,3160.00
1,2359,3170.00
1,2360,3170.00
1,2362,3170.00
1,2363,3160.00
1,2364,3160.00
1,2366,3160.00
1,2367,3160.00
1,2368,3150.00
1,2370,3160.00
1,2371,3160.00
1,2372,3150.00
1,2374,3190.00
1,2375,3190.00
1,2376,3160.00
1,2378,3160.00
1,2379,3170.00
1,2380,3160.00
1,2382,3160.00
1,2383,3160.00
1,2384,3160.00
1,2386,3170.00
1,2387,3170.00
1,2388,3170.00
1,2391,3200.00
1,2392,3150.00
1,2393,3150.00
1,2395,3170.00
1,2396,3170.00
1,2397,3170.00
1,2399,3170.00
1,2400,3170.00
1,2401,3160.00
1,2403,3190.00
1,2404,3190.00
1,2405,3160.00
1,2407,3160.00
1,2408,3160.00
1,2409,3190.00
1,2410,3190.00
1,2412,3190.00
1,2413,3190.00
1,2414,3170.00
1,2416,3150.00
1,2417,3150.00
1,2418,3160.00
1,2420,3150.00
1,2421,3150.00
1,2422,3160.00
1,2424,3160.00
1,2425,3160.00
1,2426,3230.00
1,2428,3230.00
1,2429,3170.00
1,2430,3170.00
1,2433,3260.00
1,2434,3390.00
1,2435,3390.00
1,2437,3330.00
1,2438,3330.00
1,2439,3330.00
1,2441,3300.00
1,2442,3300.00
1,2443,3280.00
1,2445,3060.00
1,2446,3060.00
1,2447,3050.00
1,2449,3050.00
1,2450,3060.00
1,2451,3060.00
1,2453,3060.00
1,2454,3050.00
1,2455,3060.00
1,2457,3060.00
1,2458,3110.00
1,2459,3110.00
1,2461,3170.00
1,2462,3250.00
1,2463,3250.00
1,2465,3170.00
1,2466,3170.00
1,2467,3160.00
1,2469,3100.00
1,2470,3100.00
1,2471,3030.00
1,2473,3030.00
1,2475,3030.00
1,2476,3100.00
1,2478,3100.00
1,2479,3070.00
1,2480,3060.00
1,2482,3060.00
1,2483,3060.00
1,2484,3070.00
1,2486,3070.00
1,2487,3030.00
0,2488,3030.00
0,2490,3080.00
0,2491,3030.00
0,2492,3030.00
0,2494,3070.00
0,2495,3070.00
0,2496,3030.00
0,2497,3020.00
0,2499,3020.00
0,2500,3060.00
0,2501,3030.00
0,2503,3030.00
0,2504,3060.00
0,2505,3060.00
0,2507,3070.00
0,2508,3010.00
0,2509,3010.00
0,2511,3060.00
0,2512,3060.00
0,2513,3050.00
0,2515,3030.00
0,2516,3030.00
0,2518,3050.00
0,2520,3030.00
0,2521,3030.00
0,2522,3030.00
0,2524,3030.00
0,2525,3030.00
0,2526,3030.00
0,2528,3030.00
0,2529,3020.00
0,2530,3020.00
0,2532,3030.00
0,2533,3050.00
0,2534,3050.00
0,2536,3050.00
0,2537,3050.00
0,2538,3050.00
0,2540,3010.00
0,2541,3010.00
0,2542,3020.00
0,2544,3030.00
0,2545,3030.00
0,2546,3030.00
0,2548,3030.00
0,2549,3110.00
0,2550,3140.00
0,2552,3140.00
0,2553,3110.00
0,2554,3020.00
0,2556,3020.00
0,2557,3020.00
0,2558,3020.00
0,2561,3050.00
0,2562,3050.00
0,2563,3050.00
0,2565,3050.00
0,2566,3070.00
0,2567,3070.00
0,2569,3020.00
0,2570,3020.00
0,2571,3030.00
0,2573,3030.00
0,2574,3030.00
0,2575,3030.00
0,2577,3030.00
0,2578,3020.00
0,2579,3030.00
0,2581,3030.00
0,2582,3030.00
0,2583,3030.00
0,2584,3030.00
0,2586,3030.00
0,2587,3030.00
0,2588,3030.00
0,2590,3030.00
0,2591,3030.00
0,2592,3020.00
0,2594,3020.00
0,2595,3030.00
0,2596,3020.00
0,2598,3020.00
0,2599,3050.00
0,2600,3030.00
0,2603,3030.00
0,2604,3060.00
0,2605,3060.00
0,2607,3010.00
0,2608,3030.00
0,2609,3030.00
0,2611,3030.00
0,2612,3030.00
0,2613,3050.00
0,2615,3030.00
0,2616,3030.00
0,2617,3020.00
0,2619,3020.00
0,2620,3020.00
0,2621,3030.00
0,2623,3030.00
0,2624,3030.00
0,2625,3020.00
0,2627,3020.00
0,2628,3030.00
0,2629,3030.00
0,2631,3030.00
0,2632,3030.00
0,2633,3030.00
0,2635,3060.00
0,2636,3020.00
0,2637,3020.00
0,2639,3010.00
0,2640,3010.00
0,2641,3070.00
0,2643,3060.00
0,2644,3060.00
0,2646,3020.00
0,2648,3020.00
0,2649,3020.00
0,2650,3030.00
0,2652,3030.00
0,2653,3030.00
0,2654,3030.00
0,2656,3030.00
0,2657,3010.00
0,2658,3010.00
0,2660,3030.00
0,2661,3030.00
0,2662,3030.00
0,2664,3030.00
0,2665,3030.00
0,2666,3030.00
0,2668,3000.00
0,2669,3000.00
0,2670,3030.00
0,2671,3030.00
0,2673,3030.00
0,2674,3050.00
0,2675,3050.00
0,2677,3020.00
0,2678,3030.00
0,2679,3030.00
0,2681,3060.00
0,2682,3050.00
0,2683,3050.00
0,2685,3030.00
0,2686,3030.00
0,2688,3030.00
0,2690,3030.00
0,2691,3030.00
0,2692,3050.00
0,2694,3050.00
0,2695,3050.00
0,2696,3030.00
0,2698,3030.00
0,2699,3030.00
0,2700,3050.00
0,2702,3050.00
0,2703,3030.00
0,2704,3030.00
0,2706,3030.00
0,2707,3050.00
0,2708,3050.00
0,2710,3050.00
0,2711,3050.00
0,2712,3050.00
0,2714,3010.00
0,2715,3010.00
0,2716,3010.00
0,2718,3020.00
0,2719,3020.00
0,2720,3050.00
0,2722,3050.00
0,2723,3020.00
0,2724,3030.00
0,2726,3030.00
0,2727,3010.00
0,2728,3030.00
0,2731,3030.00
0,2732,3050.00
0,2733,3050.00
0,2735,3030.00
0,2736,3030.00
0,2737,3030.00
0,2739,3030.00
0,2740,3030.00
0,2741,3050.00
0,2743,3060.00
0,2744,3060.00
0,2745,3020.00
0,2747,3050.00
0,2748,3050.00
0,2749,3030.00
0,2751,3030.00
0,2752,3060.00
0,2753,3030.00
0,2755,3030.00
0,2756,3030.00
0,2757,3030.00
0,2758,3030.00
0,2760,3050.00
0,2761,3050.00
0,2762,3030.00
0,2764,3030.00
0,2765,3030.00
0,2766,3020.00
0,2768,3020.00
0,2769,3060.00
0,2770,3030.00
0,2772,3030.00
0,2774,3030.00
0,2775,3030.00
0,2777,3050.00
0,2778,3030.00
0,2779,3030.00
0,2781,3030.00
0,2782,3030.00
0,2783,3030.00
0,2785,3050.00
0,2786,3050.00
0,2787,3030.00
0,2789,3030.00
0,2790,3030.00
0,2791,3030.00
0,2793,3080.00
0,2794,3080.00
0,2795,3060.00
0,2797,3060.00
0,2798,3030.00
0,2799,3030.00
0,2801,3030.00
0,2802,3020.00
0,2803,3020.00
0,2805,3030.00
0,2806,3070.00
0,2807,3070.00
0,2809,3030.00
0,2810,3030.00
0,2811,3030.00
0,2813,3030.00
0,2814,3030.00
0,2816,3060.00
0,2818,3030.00
0,2819,3030.00
0,2820,3060.00
0,2822,3060.00
0,2823,3020.00
0,2824,3030.00
0,2826,3030.00
0,2827,3030.00
0,2828,3080.00
0,2830,3080.00
0,2831,3050.00
0,2832,3050.00
0,2834,3050.00
0,2835,3050.00
0,2836,3050.00
0,2838,3050.00
0,2839,3050.00
0,2840,3030.00
0,2842,3030.00
0,2843,3030.00
0,2844,3030.00
0,2845,3050.00
0,2847,3050.00
0,2848,3060.00
0,2849,3060.00
0,2851,3020.00
0,2852,3060.00
0,2853,3060.00
0,2855,3050.00
0,2856,3050.00
0,2857,3050.00
0,2860,3050.00
0,2861,3050.00
0,2862,3010.00
0,2864,3030.00
0,2865,3030.00
0,2866,3070.00
0,2868,3070.00
0,2869,3050.00
0,2870,3030.00
0,2872,3030.00
0,2873,3020.00
0,2874,3030.00
0,2876,3030.00
0,2877,3060.00
0,2878,3060.00
0,2880,3060.00
0,2881,3030.00
0,2882,3030.00
0,2884,3030.00
0,2885,3030.00
0,2886,3060.00
0,2888,3060.00
0,2889,3060.00
0,2890,3050.00
0,2892,3030.00
0,2893,3030.00
0,2894,3070.00
0,2896,3070.00
0,2897,3050.00
0,2898,3060.00
0,2900,3060.00
0,2902,3030.00
0,2903,3030.00
0,2905,3030.00
0,2906,3030.00
0,2907,3030.00
0,2909,3030.00
0,2910,3050.00
0,2911,3050.00
0,2913,3030.00
0,2914,3030.00
0,2915,3030.00
0,2917,3050.00
0,2918,3050.00
0,2919,3050.00
0,2921,3050.00
0,2922,3020.00
0,2923,3060.00
0,2925,3060.00
0,2926,3060.00
0,2927,3030.00
0,2929,3030.00
0,2930,3020.00
0,2931,3020.00
0,2932,3020.00
0,2934,3030.00
0,2935,3030.00
0,2936,3050.00
0,2938,3030.00
0,2939,3030.00
0,2940,3020.00
0,2942,3020.00
0,2944,3030.00
0,2945,3030.00
0,2947,3030.00
0,2948,3030.00
0,2949,3030.00
0,2951,3020.00
0,2952,3070.00
0,2953,3070.00
0,2955,3030.00
0,2956,3020.00
0,2957,3020.00
0,2959,3070.00
0,2960,3070.00
0,2961,3060.00
0,2963,3050.00
0,2964,3050.00
0,2965,3030.00
0,2967,3030.00
0,2968,3050.00
0,2969,3060.00
0,2971,3060.00
0,2972,3060.00
0,2973,3050.00
0,2975,3050.00
0,2976,3050.00
0,2977,3050.00
0,2979,3030.00
0,2980,3050.00
0,2981,3050.00
0,2983,3150.00
0,2984,3150.00
0,2985,3020.00
0,2988,3020.00
0,2989,3020.00
0,2990,3070.00
0,2992,3060.00
0,2993,3060.00
0,2994,3050.00
0,2996,3050.00
0,2997,3020.00
0,2998,3050.00
0,3000,3050.00
0,3001,3050.00
0,3002,3050.00
0,3004,3050.00
0,3005,3030.00
0,3006,3030.00
0,3008,3030.00
0,3009,3050.00
0,3010,3050.00
0,3012,3050.00
0,3013,3050.00
0,3014,3030.00
0,3016,3020.00
0,3017,3020.00
0,3018,3030.00
0,3019,3050.00
0,3021,3050.00
0,3022,3050.00
0,3023,3050.00
0,3025,3050.00
0,3026,3030.00
0,3027,3030.00
0,3030,3030.00
0,3031,3030.00
0,3032,3030.00
0,3034,3050.00
0,3035,3050.00
0,3036,3030.00
0,3038,3030.00
0,3039,3030.00
0,3040,3050.00
0,3042,3050.00
0,3043,3020.00
0,3044,3020.00
0,3046,3020.00
0,3047,3050.00
0,3048,3050.00
0,3050,3050.00
0,3051,3030.00
0,3052,3030.00
0,3054,3050.00
0,3055,3020.00
0,3056,3020.00
0,3058,3050.00
0,3059,3050.00
0,3060,3050.00
0,3062,3050.00
0,3063,3050.00
0,3064,3030.00
0,3066,3030.00
0,3067,3030.00
0,3068,3050.00
0,3070,3050.00
0,3072,3020.00
0,3073,3020.00
0,3075,3020.00
0,3076,3030.00
0,3077,3030.00
0,3079,3060.00
0,3080,3030.00
0,3081,3030.00
0,3083,3030.00
0,3084,3030.00
0,3085,3030.00
0,3087,3060.00
0,3088,3060.00
0,3089,3050.00
0,3091,3050.00
0,3092,3050.00
0,3093,3050.00
0,3095,3050.00
0,3096,3030.00
0,3097,3030.00
0,3099,3030.00
0,3100,3050.00
0,3101,3050.00
0,3103,3050.00
0,3104,3050.00
0,3105,3050.00
0,3106,3030.00
0,3108,3050.00
0,3109,3050.00
0,3110,3050.00
0,3112,3050.00
0,3113,3050.00
0,3115,3070.00
0,3117,3070.00
0,3118,3050.00
0,3119,3050.00
0,3121,3050.00
0,3122,3050.00
0,3123,3050.00
0,3125,3050.00
0,3126,3070.00
0,3127,3070.00
0,3129,3030.00
0,3130,3030.00
0,3131,3050.00
0,3133,3030.00
0,3134,3030.00
0,3135,3020.00
0,3137,3050.00
0,3138,3050.00
0,3139,3050.00
0,3141,3050.00
0,3142,3050.00
0,3143,3030.00
0,3145,3030.00
0,3146,3030.00
0,3147,3030.00
0,3149,3030.00
0,3150,3030.00
0,3151,3030.00
0,3153,3050.00
0,3154,3050.00
0,3155,3050.00
0,3158,3020.00
0,3159,3020.00
0,3160,3050.00
0,3162,3030.00
0,3163,3030.00
0,3164,3050.00
0,3166,3070.00
0,3167,3070.00
0,3168,3050.00
0,3170,3050.00
0,3171,3050.00
0,3172,3030.00
0,3174,3030.00
0,3175,3030.00
0,3176,3030.00
0,3178,3050.00
0,3179,3050.00
0,3180,3050.00
0,3182,3050.00
0,3183,3030.00
0,3184,3030.00
0,3186,3060.00
0,3187,3060.00
0,3188,3060.00
0,3190,3030.00
0,3191,3030.00
0,3192,3030.00
0,3193,3030.00
0,3195,3030.00
0,3196,3050.00
0,3197,3050.00
0,3200,3030.00
0,3201,3050.00
0,3202,3050.00
0,3204,3030.00
0,3205,3030.00
0,3206,3070.00
0,3208,3030.00
0,3209,3030.00
0,3210,3030.00
0,3212,3030.00
0,3213,3050.00
0,3214,3020.00
0,3216,3020.00
0,3217,3050.00
0,3218,3060.00
0,3220,3060.00
0,3221,3050.00
0,3222,3050.00
0,3224,3020.00
0,3225,3050.00
0,3226,3050.00
0,3228,3030.00
0,3229,3030.00
0,3230,3050.00
0,3232,3030.00
0,3233,3030.00
0,3234,3060.00
0,3236,3050.00
0,3237,3050.00
0,3238,3050.00
0,3240,3050.00
0,3241,3030.00
0,3243,3030.00
0,3245,3030.00
0,3246,3050.00
0,3247,3050.00
0,3249,3050.00
0,3250,3050.00
0,3251,3050.00
0,3253,3030.00
0,3254,3060.00
0,3255,3060.00
0,3257,3030.00
0,3258,3030.00
0,3259,3030.00
0,3261,3030.00
0,3262,3030.00
0,3263,3060.00
0,3265,3070.00
0,3266,3070.00
0,3267,3060.00
0,3269,3060.00
0,3270,3030.00
0,3271,3020.00
0,3273,3020.00
0,3274,3060.00
0,3275,3060.00
0,3277,3050.00
0,3278,3030.00
0,3279,3030.00
0,3280,3050.00
0,3282,3030.00
0,3283,3030.00
0,3284,3050.00
0,3287,3050.00
0,3288,3050.00
0,3289,3030.00
0,3291,3030.00
0,3292,3030.00
0,3293,3030.00
0,3295,3030.00
0,3296,3060.00
0,3297,3060.00
0,3299,3030.00
0,3300,3050.00
0,3301,3050.00
0,3303,3030.00
0,3304,3030.00
0,3305,3060.00
0,3307,3050.00
0,3308,3050.00
0,3309,3050.00
0,3311,3050.00
0,3312,3070.00
0,3313,3050.00
0,3315,3050.00
0,3316,3020.00
0,3317,3050.00
0,3319,3050.00
0,3320,3100.00
0,3321,3100.00
0,3323,3420.00
0,3324,3290.00
0,3325,3290.00
0,3328,3250.00
0,3329,3330.00
0,3330,3330.00
0,3332,3210.00
0,3333,3210.00
0,3334,3240.00
0,3336,3380.00
0,3337,3380.00
0,3338,3290.00
0,3340,3290.00
0,3341,3230.00
0,3342,3290.00
0,3344,3290.00
0,3345,3350.00
0,3346,3250.00
0,3348,3250.00
0,3349,3350.00
0,3350,3350.00
0,3352,3260.00
0,3353,3120.00
0,3354,3120.00
0,3356,3100.00
0,3357,3100.00
0,3358,3050.00
0,3360,3050.00
0,3361,3050.00
0,3362,3060.00
0,3364,3020.00
0,3365,3020.00
0,3366,3060.00
0,3367,3060.00
0,3369,3070.00
0,3371,3030.00
0,3372,3030.00
0,3374,3050.00
0,3375,3050.00
0,3376,3060.00
0,3378,3050.00
0,3379,3050.00
0,3380,3060.00
0,3382,3030.00
0,3383,3030.00
0,3384,3030.00
0,3386,3030.00
0,3387,3010.00
0,3388,3030.00
0,3390,3030.00
0,3391,3020.00
0,3392,3020.00
0,3394,3030.00
0,3395,3050.00
0,3396,3050.00
0,3398,3050.00
0,3399,3060.00
0,3400,3060.00
0,3402,3030.00
0,3403,3030.00
0,3404,3060.00
0,3406,3030.00
0,3407,3030.00
0,3408,3030.00
0,3410,3020.00
0,3411,3020.00
0,3412,3020.00
0,3415,3020.00
0,3416,3050.00
0,3417,3050.00
0,3419,3050.00
0,3420,3050.00
0,3421,3050.00
0,3423,3020.00
0,3424,3030.00
0,3425,3030.00
0,3427,3050.00
0,3428,3030.00
0,3429,3030.00
0,3431,3030.00
0,3432,3030.00
0,3433,3060.00
0,3435,3060.00
0,3436,3060.00
0,3437,3030.00
0,3439,3030.00
0,3440,3060.00
0,3441,3030.00
0,3443,3030.00
0,3444,3060.00
0,3445,3050.00
0,3447,3050.00
0,3448,3030.00
0,3449,3030.00
0,3451,3030.00
0,3452,3020.00
0,3453,3020.00
0,3454,3050.00
0,3457,3050.00
0,3458,3050.00
0,3459,3120.00
0,3461,3120.00
0,3462,3020.00
0,3463,3030.00
0,3465,3030.00
0,3466,3050.00
0,3467,3050.00
0,3469,3020.00
0,3470,3050.00
0,3471,3050.00
0,3473,3060.00
0,3474,3050.00
0,3475,3050.00
0,3477,3060.00
0,3478,3060.00
0,3479,3030.00
0,3481,3050.00
0,3482,3050.00
0,3483,3050.00
0,3485,3050.00
0,3486,3060.00
0,3487,3030.00
0,3489,3030.00
0,3490,3030.00
0,3491,3060.00
0,3493,3060.00
0,3494,3070.00
0,3495,3070.00
0,3497,3050.00
0,3499,3030.00
0,3500,3030.00
0,3502,3020.00
0,3503,3020.00
0,3504,3060.00
0,3506,3050.00
0,3507,3050.00
0,3508,3050.00
0,3510,3020.00
0,3511,3020.00
0,3512,3060.00
0,3514,3060.00
0,3515,3050.00
0,3516,3050.00
0,3518,3050.00
0,3519,3060.00
0,3520,3060.00
0,3522,3030.00
0,3523,3060.00
0,3524,3060.00
0,3526,3060.00
0,3527,3050.00
0,3528,3050.00
0,3530,3020.00
0,3531,3020.00
0,3532,3070.00
0,3534,3050.00
0,3535,3050.00
0,3536,3050.00
0,3538,3050.00
0,3539,3050.00
0,3540,3030.00
0,3542,3030.00
0,3544,3060.00
0,3545,3030.00
0,3546,3030.00
0,3548,3050.00
0,3549,3050.00
0,3550,3030.00
0,3552,3070.00
0,3553,3070.00
0,3554,3050.00
0,3556,3030.00
0,3557,3030.00
0,3558,3020.00
0,3560,3020.00
0,3561,3030.00
0,3562,3050.00
0,3564,3050.00
0,3565,3030.00
0,3566,3030.00
0,3568,3030.00
0,3569,3010.00
0,3570,3010.00
0,3572,3030.00
0,3573,3030.00
0,3574,3030.00
0,3576,3030.00
0,3577,3030.00
0,3578,3020.00
0,3580,3030.00
0,3581,3030.00
0,3582,3050.00
0,3585,3050.00
0,3586,3060.00
0,3587,3020.00
0,3589,3020.00
0,3590,3050.00
0,3591,3050.00
0,3593,3050.00
0,3594,3030.00
0,3595,3030.00
0,3597,3030.00
0,3598,3020.00
0,3599,3020.00
0,3601,3070.00
0,3602,3070.00
0,3603,3030.00
0,3605,3030.00
0,3606,3030.00
0,3607,3020.00
0,3609,3020.00
0,3610,3020.00
0,3611,3030.00
0,3613,3030.00
0,3614,3050.00
0,3615,3030.00
0,3617,3030.00
0,3618,3020.00
0,3619,3020.00
0,3621,3050.00
0,3622,3050.00
0,3623,3050.00
0,3625,3050.00
0,3627,3010.00
0,3628,3010.00
0,3629,3030.00
0,3631,3030.00
0,3632,3060.00
0,3633,3030.00
0,3635,3030.00
0,3636,3030.00
0,3637,3050.00
0,3639,3050.00
0,3640,3030.00
0,3641,3030.00
0,3643,3060.00
0,3644,3030.00
0,3645,3030.00
0,3647,3020.00
0,3648,3020.00
0,3649,3030.00
0,3651,3030.00
0,3652,3030.00
0,3653,3060.00
0,3655,3030.00
0,3656,3030.00
0,3657,3030.00
0,3659,3030.00
0,3660,3060.00
0,3661,3060.00
0,3663,3060.00
0,3664,3050.00
0,3665,3050.00
0,3667,3020.00
0,3668,3030.00
0,3670,3030.00
0,3672,3050.00
0,3673,3050.00
0,3674,3050.00
0,3676,3050.00
0,3677,3050.00
0,3678,3030.00
0,3680,3030.00
0,3681,3030.00
0,3682,3060.00
0,3684,3060.00
0,3685,3030.00
0,3686,3010.00
0,3688,3010.00
0,3689,3030.00
0,3690,3050.00
0,3692,3050.00
0,3693,3050.00
0,3694,3050.00
0,3696,3050.00
0,3697,3020.00
0,3698,3020.00
0,3700,3070.00
0,3701,3070.00
0,3702,3050.00
0,3704,3030.00
0,3705,3030.00
0,3706,3020.00
0,3708,3060.00
0,3709,3060.00
0,3710,3030.00
0,3713,3030.00
0,3714,3030.00
0,3715,3030.00
0,3716,3030.00
0,3718,3030.00
0,3719,3050.00
0,3720,3050.00
0,3722,3030.00
0,3723,3030.00
0,3724,3060.00
0,3726,3030.00
0,3727,3030.00
0,3728,3060.00
0,3730,3060.00
0,3731,3030.00
0,3732,3050.00
0,3734,3050.00
0,3735,3010.00
0,3736,3020.00
0,3738,3020.00
0,3739,3070.00
0,3740,3070.00
0,3742,3060.00
0,3743,3030.00
0,3744,3030.00
0,3746,3050.00
0,3747,3050.00
0,3748,3060.00
0,3750,3020.00
0,3751,3020.00
0,3752,3050.00
0,3755,3020.00
0,3756,3020.00
0,3757,3020.00
0,3759,3020.00
0,3760,3050.00
0,3761,3050.00
0,3763,3050.00
0,3764,3030.00
0,3765,3030.00
0,3767,3020.00
0,3768,3030.00
0,3769,3030.00
0,3771,3060.00
0,3772,3020.00
0,3773,3020.00
0,3775,3030.00
0,3776,3030.00
0,3777,3030.00
0,3779,3070.00
0,3780,3070.00
0,3781,3050.00
0,3783,3050.00
0,3784,3050.00
0,3785,3120.00
0,3787,3120.00
0,3788,3290.00
0,3789,3190.00
0,3791,3190.00
0,3792,3140.00
0,3793,3140.00
0,3795,3160.00
0,3796,3190.00
0,3798,3190.00
0,3799,3140.00
0,3801,3160.00
0,3802,3160.00
0,3803,3170.00
0,3805,3170.00
0,3806,3150.00
0,3807,3120.00
0,3809,3120.00
0,3810,3150.00
0,3811,3150.00
0,3813,3160.00
0,3814,3170.00
0,3815,3170.00
0,3817,3140.00
0,3818,3160.00
0,3819,3160.00
0,3821,3140.00
0,3822,3140.00
0,3823,3140.00
0,3825,3150.00
0,3826,3150.00
0,3827,3160.00
0,3829,3160.00
0,3830,3150.00
0,3831,3140.00
0,3833,3140.00
0,3834,3160.00
0,3835,3170.00
0,3837,3170.00
0,3838,3150.00
0,3840,3150.00
0,3842,3150.00
0,3843,3120.00
0,3844,3120.00
0,3846,3160.00
0,3847,3160.00
0,3848,3150.00
0,3850,3140.00
0,3851,3140.00
0,3852,3150.00
0,3854,3150.00
0,3855,3150.00
0,3856,3140.00
0,3858,3140.00
0,3859,3140.00
0,3860,3170.00
0,3862,3170.00
0,3863,3150.00
0,3864,3170.00
0,3866,3170.00
0,3867,3150.00
0,3868,3150.00
0,3870,3160.00
0,3871,3150.00
0,3872,3150.00
0,3874,3150.00
0,3875,3150.00
0,3876,3150.00
0,3878,3170.00
0,3879,3170.00
0,3880,3140.00
0,3883,3150.00
0,3884,3150.00
0,3885,3160.00
0,3887,3160.00
0,3888,3170.00
0,3889,3120.00
0,3890,3120.00
0,3892,3150.00
0,3893,3150.00
0,3894,3160.00
0,3896,3150.00
0,3897,3150.00
0,3898,3140.00
0,3900,3150.00
0,3901,3150.00
0,3902,3160.00
0,3904,3160.00
0,3905,3160.00
0,3906,3280.00
0,3908,3280.00
0,3909,3050.00
0,3910,3050.00
0,3912,3050.00
0,3913,3030.00
0,3914,3030.00
0,3916,3030.00
0,3917,3050.00
0,3918,3050.00
0,3920,3050.00
0,3921,3050.00
0,3922,3030.00
0,3924,3020.00
0,3926,3020.00
0,3927,3030.00
0,3929,3020.00
0,3930,3020.00
0,3931,3030.00
0,3933,3030.00
0,3934,3030.00
0,3935,3020.00
0,3937,3020.00
0,3938,3030.00
0,3939,3030.00
0,3941,3050.00
0,3942,3030.00
0,3943,3030.00
0,3945,3030.00
0,3946,3030.00
0,3947,3030.00
0,3949,3050.00
0,3950,3050.00
0,3951,3030.00
0,3953,3020.00
0,3954,3020.00
0,3955,3020.00
0,3957,3020.00
0,3958,3050.00
0,3959,3110.00
0,3961,3110.00
0,3962,3030.00
0,3963,3050.00
0,3965,3050.00
1,3966,3020.00
1,3968,3020.00
1,3970,3400.00
1,3971,4250.00
1,3972,4250.00
1,3974,4260.00
1,3975,4260.00
1,3976,4240.00
1,3977,4260.00
1,3979,4260.00
1,3980,4280.00
1,3981,4250.00
1,3983,4250.00
1,3984,4260.00
1,3985,4260.00
1,3987,4570.00
1,3988,4250.00
1,3989,4250.00
1,3991,4240.00
1,3992,4240.00
1,3993,4240.00
1,3995,4280.00
1,3996,4280.00
1,3997,4240.00
1,3999,4260.00
1,4000,4260.00
1,4001,4250.00
1,4003,4250.00
1,4004,4260.00
1,4005,4250.00
1,4007,4250.00
1,4008,4250.00
1,4009,4250.00
1,4012,4250.00
1,4013,4250.00
1,4014,4250.00
1,4016,4250.00
1,4017,4240.00
1,4018,4240.00
1,4020,4250.00
1,4021,4250.00
1,4022,4280.00
1,4024,4250.00
1,4025,4250.00
1,4026,4240.00
1,4028,4240.00
1,4029,4240.00
1,4030,4250.00
1,4032,4250.00
1,4033,4260.00
1,4034,4250.00
1,4036,4250.00
1,4037,4260.00
1,4038,4260.00
1,4040,4240.00
1,4041,4260.00
1,4042,4260.00
1,4044,4250.00
1,4045,4250.00
1,4046,4250.00
1,4048,4260.00
1,4049,4260.00
1,4050,4280.00
1,4052,4280.00
1,4054,4280.00
1,4055,4250.00
1,4057,4250.00
1,4058,4280.00
1,4059,4260.00
1,4061,4260.00
1,4062,4260.00
1,4063,4290.00
1,4064,4290.00
1,4066,4250.00
1,4067,4250.00
1,4068,4280.00
1,4070,4250.00
1,4071,4250.00
1,4072,4260.00
1,4074,4260.00
1,4075,4260.00
1,4076,4260.00
1,4078,4260.00
1,4079,4280.00
1,4080,4250.00
1,4082,4250.00
1,4083,4260.00
1,4084,4260.00
1,4086,4240.00
1,4087,4280.00
1,4088,4280.00
1,4090,4280.00
1,4091,4240.00
1,4092,4240.00
1,4094,4280.00
1,4096,4280.00
1,4097,4250.00
1,4099,4280.00
1,4100,4280.00
1,4101,4280.00
1,4103,4280.00
1,4104,4280.00
1,4105,4280.00
1,4107,4280.00
1,4108,4280.00
1,4109,4240.00
1,4111,4240.00
1,4112,4250.00
1,4113,4250.00
1,4115,4260.00
1,4116,4240.00
1,4117,4240.00
1,4119,4260.00
1,4120,4260.00
1,4121,4280.00
1,4123,4250.00
1,4124,4250.00
1,4125,4250.00
1,4127,4250.00
1,4128,4250.00
1,4129,4250.00
1,4131,4250.00
1,4132,4280.00
1,4133,4250.00
1,4135,4250.00
1,4136,4250.00
1,4137,4250.00
1,4140,4250.00
1,4141,4260.00
1,4142,4260.00
1,4144,4290.00
1,4145,4250.00
1,4146,4250.00
1,4148,4260.00
1,4149,4260.00
1,4150,4250.00
1,4151,4280.00
1,4153,4280.00
1,4154,4280.00
1,4155,4280.00
1,4157,4260.00
1,4158,4260.00
1,4159,4260.00
1,4161,4240.00
1,4162,4250.00
1,4163,4250.00
1,4165,4260.00
1,4166,4260.00
1,4167,4280.00
1,4169,4260.00
1,4170,4260.00
1,4171,4250.00
1,4173,4280.00
1,4174,4280.00
1,4175,4260.00
1,4177,4260.00
1,4178,4280.00
1,4179,4250.00
1,4182,4250.00
1,4183,4260.00
1,4184,4260.00
1,4186,4280.00
1,4187,4260.00
1,4188,4260.00
1,4190,4260.00
1,4191,4260.00
1,4192,4260.00
1,4194,4260.00
1,4195,4260.00
1,4196,4280.00
1,4198,4240.00
1,4199,4240.00
1,4200,4280.00
1,4202,4280.00
1,4203,4260.00
1,4204,4280.00
1,4206,4280.00
1,4207,4280.00
1,4208,4250.00
1,4210,4250.00
1,4211,4280.00
1,4212,4280.00
1,4214,4260.00
1,4215,4260.00
1,4216,4260.00
1,4218,4260.00
1,4219,4260.00
1,4220,4260.00
1,4222,4280.00
1,4224,4280.00
1,4225,4250.00
1,4227,4280.00
1,4228,4280.00
1,4229,4260.00
1,4231,4260.00
1,4232,4260.00
1,4233,4290.00
1,4235,4290.00
1,4236,4250.00
1,4237,4250.00
1,4238,4280.00
1,4240,4260.00
1,4241,4260.00
1,4242,4280.00
1,4244,4290.00
1,4245,4290.00
1,4246,4290.00
1,4248,4290.00
1,4249,4280.00
1,4250,4250.00
1,4252,4250.00
1,4253,4260.00
1,4254,4250.00
1,4256,4250.00
1,4257,4250.00
1,4258,4250.00
1,4260,4260.00
1,4261,4250.00
1,4262,4250.00
1,4264,4280.00
1,4265,4280.00
1,4267,4250.00
1,4269,4250.00
1,4270,4250.00
1,4271,4290.00
1,4273,4250.00
1,4274,4250.00
1,4275,4280.00
1,4277,4280.00
1,4278,4250.00
1,4279,4280.00
1,4281,4280.00
1,4282,4280.00
1,4283,4280.00
1,4285,4260.00
1,4286,4280.00
1,4287,4280.00
1,4289,4250.00
1,4290,4280.00
1,4291,4280.00
1,4293,4260.00
1,4294,4260.00
1,4295,4280.00
1,4297,4260.00
1,4298,4260.00
1,4299,4260.00
1,4301,4260.00
0,4302,4260.00
0,4303,3660.00
0,4305,3660.00
0,4306,3150.00
0,4307,3050.00
0,4310,3050.00
0,4311,3020.00
0,4312,3020.00
0,4314,3120.00
0,4315,3060.00
0,4316,3060.00
0,4318,3050.00
0,4319,3080.00
0,4320,3080.00
0,4322,3020.00
0,4323,3020.00
0,4324,3030.00
0,4325,3100.00
0,4327,3100.00
0,4328,3050.00
0,4329,3050.00
0,4331,3050.00
0,4332,3050.00
0,4333,3050.00
0,4335,3050.00
0,4336,3060.00
0,4337,3060.00
0,4339,3060.00
0,4340,3060.00
0,4341,3020.00
0,4343,3060.00
0,4344,3060.00
0,4345,3060.00
0,4347,3060.00
0,4348,3050.00
0,4349,3050.00
0,4352,3050.00
0,4353,3020.00
0,4354,3320.00
0,4356,3320.00
0,4357,3320.00
0,4358,3320.00
0,4360,3320.00
0,4361,3240.00
0,4362,3240.00
0,4364,3260.00
0,4365,3260.00
0,4366,3250.00
0,4368,3280.00
0,4369,3280.00
0,4370,3340.00
0,4372,3300.00
0,4373,3300.00
0,4374,3250.00
0,4376,3250.00
0,4377,3350.00
0,4378,3290.00
0,4380,3290.00
0,4381,3340.00
0,4382,3340.00
0,4384,3320.00
0,4385,3250.00
0,4386,3250.00
0,4388,3050.00
0,4389,3160.00
0,4390,3160.00
0,4392,3060.00
0,4393,3060.00
0,4395,3030.00
0,4397,3120.00
0,4398,3120.00
0,4399,3050.00
0,4401,3030.00
0,4402,3030.00
0,4403,3140.00
0,4405,3140.00
0,4406,3030.00
0,4407,3050.00
0,4409,3050.00
0,4410,3150.00
0,4411,3150.00
0,4412,3050.00
0,4414,3050.00
0,4415,3050.00
0,4416,3080.00
0,4418,3050.00
0,4419,3050.00
0,4420,3050.00
0,4422,3050.00
0,4423,3030.00
0,4424,3030.00
0,4426,3030.00
0,4427,3060.00
0,4428,3060.00
0,4430,3050.00
0,4431,3000.00
0,4432,3000.00
0,4434,3030.00
0,4435,3010.00
0,4436,3010.00
0,4439,3030.00
0,4440,3030.00
0,4441,3050.00
0,4443,3030.00
0,4444,3030.00
0,4445,3030.00
0,4447,3030.00
0,4448,3070.00
0,4449,3050.00
0,4451,3050.00
0,4452,3030.00
0,4453,3020.00
0,4455,3020.00
0,4456,3050.00
0,4457,3050.00
0,4459,3050.00
0,4460,3070.00
0,4461,3070.00
0,4463,3060.00
0,4464,3060.00
0,4465,3030.00
0,4467,3070.00
0,4468,3070.00
0,4469,3050.00
0,4471,3030.00
0,4472,3030.00
0,4473,3030.00
0,4475,3030.00
0,4476,3060.00
0,4477,3050.00
0,4480,3050.00
0,4481,3060.00
0,4482,3050.00
0,4484,3050.00
0,4485,3050.00
0,4486,3050.00
0,4488,3060.00
0,4489,3050.00
0,4490,3050.00
0,4492,3050.00
0,4493,3050.00
0,4494,3050.00
0,4496,3060.00
0,4497,3060.00
0,4498,3050.00
0,4499,3060.00
0,4501,3060.00
0,4502,3050.00
0,4503,3050.00
0,4505,3050.00
0,4506,3060.00
0,4507,3060.00
0,4509,3050.00
0,4510,3050.00
0,4511,3030.00
0,4513,3030.00
0,4514,3030.00
0,4515,3030.00
0,4517,3050.00
0,4518,3050.00
0,4519,3030.00
0,4521,3030.00
0,4523,3050.00
0,4524,3070.00
0,4526,3070.00
0,4527,3050.00
0,4528,3050.00
0,4530,3050.00
0,4531,3060.00
0,4532,3060.00
0,4534,3030.00
0,4535,3020.00
0,4536,3020.00
0,4538,3080.00
0,4539,3080.00
0,4540,3050.00
0,4542,3030.00
0,4543,3030.00
0,4544,3020.00
0,4546,3020.00
0,4547,3070.00
0,4548,3050.00
0,4550,3050.00
0,4551,3050.00
0,4552,3030.00
0,4554,3030.00
0,4555,3030.00
0,4556,3030.00
0,4558,3050.00
0,4559,3050.00
0,4560,3050.00
0,4562,3050.00
0,4563,3050.00
0,4564,3050.00
0,4567,3060.00
0,4568,3060.00
0,4569,3050.00
0,4571,3050.00
0,4572,3050.00
0,4573,3020.00
0,4575,3020.00
0,4576,3060.00
0,4577,3030.00
0,4579,3030.00
0,4580,3030.00
0,4581,3030.00
0,4582,3030.00
0,4584,3030.00
0,4585,3030.00
0,4586,3030.00
0,4588,3050.00
0,4589,3050.00
0,4590,3030.00
0,4592,3030.00
0,4593,3020.00
0,4594,3060.00
0,4596,3060.00
0,4597,3050.00
0,4598,3020.00
0,4600,3020.00
0,4601,3030.00
0,4602,3030.00
0,4604,3030.00
0,4605,3050.00
0,4606,3050.00
0,4609,3030.00
0,4610,3030.00
0,4611,3050.00
0,4613,3030.00
0,4614,3030.00
0,4615,3030.00
0,4617,3030.00
0,4618,3030.00
0,4619,3050.00
0,4621,3050.00
0,4622,3030.00
0,4623,3010.00
0,4625,3010.00
0,4626,3050.00
0,4627,3050.00
0,4629,3050.00
0,4630,3030.00
0,4631,3030.00
0,4633,3030.00
0,4634,3030.00
0,4635,3030.00
0,4637,3030.00
0,4638,3030.00
0,4639,3050.00
0,4641,3030.00
0,4642,3030.00
0,4643,3020.00
0,4645,3060.00
0,4646,3060.00
0,4647,3030.00
0,4649,3030.00
0,4651,3030.00
0,4652,3030.00
0,4654,3030.00
0,4655,3060.00
0,4656,3060.00
0,4658,3050.00
0,4659,3030.00
0,4660,3030.00
0,4662,3030.00
0,4663,3060.00
0,4664,3060.00
0,4666,3030.00
0,4667,3030.00
0,4668,3030.00
0,4670,3030.00
0,4671,3030.00
0,4672,3030.00
0,4673,3030.00
0,4675,3050.00
0,4676,3050.00
0,4677,3050.00
0,4679,3030.00
0,4680,3020.00
0,4681,3020.00
0,4683,3070.00
0,4684,3070.00
0,4685,3050.00
0,4687,3050.00
0,4688,3050.00
0,4689,3020.00
0,4691,3020.00
0,4692,3020.00
0,4694,3020.00
0,4696,3020.00
0,4697,3050.00
0,4698,3030.00
0,4700,3030.00
0,4701,3030.00
0,4702,3030.00
0,4704,3050.00
0,4705,3060.00
0,4706,3060.00
0,4708,3050.00
0,4709,3030.00
0,4710,3030.00
0,4712,3020.00
0,4713,3020.00
0,4714,3050.00
0,4716,3050.00
0,4717,3050.00
0,4718,3020.00
0,4720,3020.00
0,4721,3030.00
0,4722,3050.00
0,4724,3050.00
0,4725,3030.00
0,4726,3030.00
0,4728,3030.00
0,4729,3020.00
0,4730,3020.00
0,4732,3070.00
0,4733,3050.00
0,4734,3050.00
0,4737,3030.00
0,4738,3030.00
0,4739,3020.00
0,4741,3060.00
0,4742,3060.00
0,4743,3030.00
0,4745,3030.00
0,4746,3030.00
0,4747,3030.00
0,4749,3030.00
0,4750,3020.00
0,4751,3060.00
0,4753,3060.00
0,4754,3050.00
0,4755,3050.00
0,4757,3030.00
0,4758,3010.00
0,4759,3010.00
0,4760,3060.00
0,4762,3050.00
0,4763,3050.00
0,4764,3020.00
0,4766,3020.00
0,4767,3050.00
0,4768,3070.00
0,4770,3070.00
0,4771,3030.00
0,4772,3030.00
0,4774,3030.00
0,4775,3030.00
0,4776,3030.00
0,4779,3020.00
0,4780,3050.00
0,4781,3050.00
0,4783,3080.00
0,4784,3080.00
0,4785,3030.00
0,4787,3010.00
0,4788,3010.00
0,4789,3030.00
0,4791,3060.00
0,4792,3060.00
0,4793,3030.00
0,4795,3030.00
0,4796,3030.00
0,4797,3020.00
0,4799,3020.00
0,4800,3100.00
0,4801,3100.00
0,4803,3030.00
0,4804,3020.00
0,4805,3020.00
0,4807,3030.00
0,4808,3020.00
0,4809,3020.00
0,4811,3050.00
0,4812,3050.00
0,4813,3050.00
0,4815,3050.00
0,4816,3050.00
0,4817,3070.00
0,4819,3070.00
0,4820,3060.00
0,4822,3030.00
0,4824,3030.00
0,4825,3050.00
0,4826,3070.00
0,4828,3070.00
0,4829,3030.00
0,4830,3030.00
0,4832,3020.00
0,4833,3030.00
0,4834,3030.00
0,4836,3050.00
0,4837,3050.00
0,4838,3030.00
0,4840,3050.00
0,4841,3050.00
0,4842,3060.00
0,4844,3030.00
0,4845,3030.00
0,4846,3030.00
0,4847,3030.00
0,4849,3050.00
0,4850,3050.00
0,4851,3050.00
0,4853,3030.00
0,4854,3050.00
0,4855,3050.00
0,4857,3060.00
0,4858,3060.00
0,4859,3060.00
0,4861,3050.00
0,4862,3050.00
0,4864,3020.00
0,4866,3020.00
0,4867,3030.00
0,4868,3050.00
0,4870,3050.00
0,4871,3030.00
0,4872,3050.00
0,4874,3050.00
0,4875,3030.00
0,4876,3030.00
0,4878,3030.00
0,4879,3060.00
0,4880,3060.00
0,4882,3060.00
0,4883,3060.00
0,4884,3020.00
0,4886,3060.00
0,4887,3060.00
0,4888,3050.00
0,4890,3050.00
0,4891,3050.00
0,4892,3050.00
0,4894,3050.00
0,4895,3060.00
0,4896,3030.00
0,4898,3030.00
0,4899,3050.00
0,4900,3050.00
0,4902,3050.00
0,4903,3020.00
0,4904,3020.00
0,4907,3030.00
0,4908,3030.00
0,4909,3030.00
0,4911,3030.00
0,4912,3030.00
0,4913,3030.00
0,4915,3050.00
0,4916,3050.00
0,4917,3080.00
0,4919,3080.00
0,4920,3070.00
0,4921,3070.00
0,4923,3070.00
0,4924,3030.00
0,4925,3070.00
0,4927,3070.00
0,4928,3050.00
0,4929,3050.00
0,4930,3030.00
0,4932,3050.00
0,4933,3050.00
0,4934,3050.00
0,4936,3050.00
0,4937,3050.00
0,4938,3030.00
0,4940,3030.00
0,4941,3050.00
0,4942,3030.00
0,4944,3030.00
0,4945,3070.00
0,4946,3070.00
0,4948,3060.00
0,4950,3060.00
0,4951,3060.00
0,4953,3050.00
0,4954,3030.00
0,4955,3030.00
0,4957,3050.00
0,4958,3050.00
0,4959,3050.00
0,4961,3050.00
0,4962,3050.00
0,4963,3050.00
0,4965,3050.00
0,4966,3080.00
0,4967,3050.00
0,4969,3050.00
0,4970,3050.00
0,4971,3030.00
0,4973,3030.00
0,4974,3060.00
0,4975,3060.00
0,4977,3050.00
0,4978,3030.00
0,4979,3030.00
0,4981,3020.00
0,4982,3020.00
0,4983,3030.00
0,4985,3050.00
0,4986,3050.00
0,4987,3050.00
0,4989,3100.00
0,4990,3100.00
0,4992,3030.00
0,4994,3030.00
0,4995,3030.00
0,4996,3060.00
0,4998,3060.00
0,4999,3050.00
0,5000,3030.00
0,5002,3030.00
0,5003,3060.00
0,5004,3060.00
0,5006,3060.00
0,5007,3050.00
0,5008,3050.00
0,5010,3050.00
0,5011,3050.00
0,5012,3030.00
0,5014,3050.00
0,5015,3050.00
0,5016,3060.00
0,5018,3030.00
0,5019,3030.00
0,5020,3050.00
0,5021,3050.00
0,5023,3060.00
0,5024,3050.00
0,5025,3050.00
0,5027,3050.00
0,5028,3050.00
0,5029,3030.00
0,5031,3030.00
0,5032,3030.00
0,5033,3030.00
0,5036,3060.00
0,5037,3060.00
0,5038,3050.00
0,5040,3050.00
0,5041,3060.00
0,5042,3030.00
0,5044,3030.00
0,5045,3050.00
0,5046,3050.00
0,5048,3030.00
0,5049,3030.00
0,5050,3030.00
0,5052,3070.00
0,5053,3030.00
0,5054,3030.00
0,5056,3050.00
0,5057,3050.00
0,5058,3050.00
0,5060,3030.00
0,5061,3030.00
0,5062,3050.00
0,5064,3050.00
0,5065,3070.00
0,5066,3050.00
0,5068,3050.00
0,5069,3050.00
0,5070,3030.00
0,5072,3030.00
0,5073,3050.00
0,5074,3050.00
0,5076,3060.00
0,5078,3050.00
0,5079,3050.00
0,5081,3020.00
0,5082,3030.00
0,5083,3030.00
0,5085,3070.00
0,5086,3070.00
0,5087,3060.00
0,5089,3050.00
0,5090,3050.00
0,5091,3030.00
0,5093,3030.00
0,5094,3030.00
0,5095,3050.00
0,5097,3050.00
0,5098,3050.00
0,5099,3050.00
0,5101,3050.00
0,5102,3030.00
0,5103,3030.00
0,5105,3060.00
0,5106,3050.00
0,5107,3050.00
0,5108,3050.00
0,5110,3050.00
0,5111,3050.00
0,5112,3080.00
0,5114,3080.00
0,5115,3060.00
0,5116,3050.00
0,5118,3050.00
0,5120,3050.00
0,5121,3050.00
0,5123,3070.00
0,5124,3050.00
0,5125,3050.00
0,5127,3070.00
0,5128,3070.00
0,5129,3060.00
0,5131,3060.00
0,5132,3060.00
0,5133,3050.00
0,5135,3060.00
0,5136,3060.00
0,5137,3060.00
0,5139,3060.00
0,5140,3020.00
0,5141,3030.00
0,5143,3030.00
0,5144,3030.00
0,5145,3030.00
0,5147,3050.00
0,5148,3030.00
0,5149,3030.00
0,5151,3030.00
0,5152,3070.00
0,5153,3070.00
0,5155,3060.00
0,5156,3060.00
0,5157,3050.00
0,5159,3030.00
0,5160,3030.00
0,5161,3050.00
0,5164,3030.00
0,5165,3030.00
0,5166,3050.00
0,5168,3050.00
0,5169,3030.00
0,5170,3030.00
0,5172,3030.00
0,5173,3070.00
0,5174,3070.00
0,5176,3060.00
0,5177,3050.00
0,5178,3050.00
0,5180,3050.00
0,5181,3030.00
0,5182,3030.00
0,5184,3050.00
0,5185,3050.00
0,5186,3060.00
0,5188,3050.00
0,5189,3050.00
0,5190,3030.00
0,5191,3030.00
0,5193,3060.00
0,5194,3050.00
0,5195,3050.00
0,5197,3030.00
0,5198,3030.00
0,5199,3030.00
0,5201,3060.00
0,5202,3060.00
0,5203,3050.00
0,5206,3050.00
0,5207,3050.00
0,5208,3030.00
0,5210,3030.00
0,5211,3030.00
0,5212,3070.00
0,5214,3070.00
0,5215,3060.00
0,5216,3060.00
0,5218,3060.00
0,5219,3050.00
0,5220,3050.00
0,5222,3060.00
0,5223,3050.00
0,5224,3050.00
0,5226,3050.00
0,5227,3050.00
0,5228,3050.00
0,5230,3030.00
0,5231,3030.00
0,5232,3050.00
0,5234,3030.00
0,5235,3030.00
0,5236,3050.00
0,5238,3050.00
0,5239,3020.00
0,5240,3020.00
0,5242,3020.00
0,5243,3030.00
0,5244,3050.00
0,5246,3050.00
0,5248,3050.00
0,5249,3050.00
0,5251,3010.00
0,5252,3060.00
0,5253,3060.00
0,5255,3060.00
0,5256,3060.00
0,5257,3050.00
0,5259,3030.00
0,5260,3030.00
0,5261,3070.00
0,5263,3050.00
0,5264,3050.00
0,5265,3060.00
0,5267,3060.00
0,5268,3020.00
0,5269,3050.00
0,5271,3050.00
0,5272,3050.00
0,5273,3050.00
0,5275,3050.00
0,5276,3030.00
0,5277,3030.00
0,5279,3030.00
0,5280,3030.00
0,5281,3030.00
0,5282,3060.00
0,5284,3060.00
0,5285,3030.00
0,5286,3030.00
0,5288,3030.00
0,5289,3030.00
0,5291,3030.00
0,5293,3060.00
0,5294,3060.00
0,5295,3060.00
0,5297,3050.00
0,5298,3030.00
0,5299,3030.00
0,5301,3030.00
0,5302,3030.00
0,5303,3060.00
0,5305,3030.00
0,5306,3030.00
0,5307,3020.00
0,5309,3020.00
0,5310,3020.00
0,5311,3030.00
0,5313,3030.00
0,5314,3070.00
0,5315,3050.00
0,5317,3050.00
0,5318,3050.00
0,5319,3050.00
0,5321,3060.00
0,5322,3060.00
0,5323,3060.00
0,5325,3050.00
0,5326,3030.00
0,5327,3030.00
0,5329,3060.00
0,5330,3060.00
0,5331,3050.00
0,5334,3060.00
0,5335,3060.00
0,5336,3030.00
0,5338,3030.00
0,5339,3030.00
0,5340,3060.00
0,5342,3060.00
0,5343,3070.00
0,5344,3050.00
0,5346,3050.00
0,5347,3030.00
0,5348,3030.00
0,5350,3050.00
0,5351,3050.00
0,5352,3050.00
0,5354,3060.00
0,5355,3060.00
0,5356,3020.00
0,5358,3030.00
0,5359,3030.00
0,5360,3050.00
0,5362,3050.00
0,5363,3050.00
0,5364,3050.00
0,5366,3050.00
0,5367,3030.00
0,5368,3060.00
0,5369,3060.00
0,5371,3050.00
0,5372,3050.00
0,5373,3030.00
0,5376,3030.00
0,5377,3030.00
0,5378,3050.00
0,5380,3060.00
0,5381,3060.00
0,5382,3030.00
0,5384,3030.00
0,5385,3020.00
0,5386,3300.00
0,5388,3300.00
0,5389,3380.00
0,5390,3250.00
0,5392,3250.00
0,5393,3230.00
0,5394,3230.00
0,5396,3260.00
0,5397,3230.00
0,5398,3230.00
0,5400,3280.00
0,5401,3280.00
0,5402,3320.00
0,5404,3240.00
0,5405,3240.00
0,5406,3280.00
0,5408,3300.00
0,5409,3300.00
0,5410,3260.00
0,5412,3260.00
0,5413,3390.00
0,5414,3260.00
0,5416,3260.00
0,5417,3320.00
0,5419,3320.00
0,5421,3340.00
0,5422,3280.00
0,5423,3280.00
0,5425,3240.00
0,5426,3280.00
0,5427,3280.00
0,5429,3230.00
0,5430,3230.00
0,5431,3200.00
0,5433,3320.00
0,5434,3320.00
0,5435,3260.00
0,5437,3260.00
0,5438,3260.00
0,5439,3330.00
0,5441,3330.00
0,5442,3370.00
0,5443,3260.00
0,5445,3260.00
0,5446,3320.00
0,5447,3320.00
0,5449,3260.00
0,5450,3140.00
0,5451,3140.00
0,5453,3080.00
0,5454,3080.00
0,5455,3060.00
0,5456,3050.00
0,5458,3050.00
0,5459,3080.00
0,5460,3030.00
0,5463,3030.00
0,5464,3060.00
0,5465,3060.00
0,5467,3070.00
0,5468,3020.00
0,5469,3020.00
0,5471,3030.00
0,5472,3070.00
0,5473,3070.00
0,5475,3030.00
0,5476,3030.00
0,5477,3050.00
0,5479,3060.00
0,5480,3060.00
0,5481,3030.00
0,5483,3030.00
0,5484,3070.00
0,5485,3060.00
0,5487,3060.00
0,5488,3070.00
0,5489,3050.00
0,5491,3050.00
0,5492,3070.00
0,5493,3070.00
0,5495,3060.00
0,5496,3030.00
0,5497,3030.00
0,5499,3030.00
0,5500,3030.00
0,5501,3050.00
0,5504,3060.00
0,5505,3060.00
0,5506,3030.00
0,5508,3050.00
0,5509,3050.00
0,5510,3050.00
0,5512,3050.00
0,5513,3030.00
0,5514,3050.00
0,5516,3050.00
0,5517,3050.00
0,5518,3050.00
0,5520,3050.00
0,5521,3030.00
0,5522,3030.00
0,5524,3100.00
0,5525,3050.00
0,5526,3050.00
0,5528,3030.00
0,5529,3030.00
0,5530,3020.00
0,5532,3050.00
0,5533,3050.00
0,5534,3050.00
0,5536,3050.00
0,5537,3030.00
0,5538,3050.00
0,5539,3050.00
0,5541,3060.00
0,5542,3100.00
0,5543,3100.00
0,5545,3050.00
0,5547,3050.00
0,5548,3030.00
0,5550,3020.00
0,5551,3020.00
0,5552,3140.00
0,5554,3160.00
0,5555,3160.00
0,5556,3080.00
0,5558,3080.00
0,5559,3030.00
0,5560,3060.00
0,5562,3060.00
0,5563,3120.00
0,5564,3120.00
0,5566,3020.00
0,5567,3030.00
0,5568,3030.00
0,5570,3070.00
0,5571,3050.00
0,5572,3050.00
0,5574,3060.00
0,5575,3060.00
0,5576,3030.00
0,5578,3050.00
0,5579,3050.00
0,5580,3060.00
0,5582,3060.00
0,5583,3020.00
0,5584,3030.00
0,5586,3030.00
0,5587,3020.00
0,5588,3020.00
0,5591,3020.00
0,5592,3060.00
0,5593,3060.00
0,5595,3050.00
0,5596,3030.00
0,5597,3030.00
0,5599,3030.00
0,5600,3030.00
0,5601,3060.00
0,5603,3030.00
0,5604,3030.00
0,5605,3030.00
0,5607,3030.00
0,5608,3030.00
0,5609,3070.00
0,5611,3070.00
0,5612,3050.00
0,5613,3030.00
0,5615,3030.00
0,5616,3050.00
0,5617,3050.00
0,5619,3050.00
0,5620,3030.00
0,5621,3030.00
0,5623,3060.00
0,5624,3030.00
0,5625,3030.00
0,5627,3030.00
0,5628,3030.00
0,5629,3030.00
0,5630,3050.00
0,5633,3050.00
0,5634,3050.00
0,5635,3020.00
0,5637,3020.00
0,5638,3030.00
0,5639,3030.00
0,5641,3060.00
0,5642,3050.00
0,5643,3050.00
0,5645,3030.00
0,5646,3030.00
0,5647,3030.00
0,5649,3050.00
0,5650,3050.00
0,5651,3050.00
0,5653,3060.00
0,5654,3060.00
0,5655,3030.00
0,5657,3030.00
0,5658,3030.00
0,5659,3050.00
0,5661,3050.00
0,5662,3050.00
0,5663,3050.00
0,5665,3060.00
0,5666,3030.00
0,5667,3030.00
0,5669,3030.00
0,5670,3050.00
0,5671,3050.00
0,5673,3030.00
0,5675,3030.00
0,5676,3020.00
0,5678,3020.00
0,5679,3020.00
0,5680,3060.00
0,5682,3060.00
0,5683,3050.00
0,5684,3050.00
0,5686,3050.00
0,5687,3030.00
0,5688,3030.00
0,5690,3030.00
0,5691,3050.00
0,5692,3050.00
0,5694,3030.00
0,5695,3030.00
0,5696,3030.00
0,5698,3020.00
0,5699,3060.00
0,5700,3060.00
0,5702,3050.00
0,5703,3050.00
0,5704,3030.00
0,5706,3030.00
0,5707,3030.00
0,5708,3030.00
0,5710,3030.00
0,5711,3030.00
0,5712,3050.00
0,5713,3050.00
0,5715,3030.00
0,5716,3050.00
0,5718,3050.00
0,5720,3030.00
0,5721,3030.00
0,5722,3030.00
0,5724,3050.00
0,5725,3050.00
0,5726,3030.00
0,5728,3030.00
0,5729,3070.00
0,5730,3060.00
0,5732,3060.00
0,5733,3020.00
0,5734,3030.00
0,5736,3030.00
0,5737,3030.00
0,5738,3030.00
0,5740,3050.00
0,5741,3050.00
0,5742,3050.00
0,5744,3050.00
0,5745,3050.00
0,5746,3050.00
0,5748,3070.00
0,5749,3070.00
0,5750,3030.00
0,5752,3060.00
0,5753,3060.00
0,5754,3030.00
0,5756,3030.00
0,5757,3020.00
0,5758,3070.00
0,5761,3070.00
0,5762,3060.00
0,5763,3060.00
0,5765,3030.00
0,5766,3030.00
0,5767,3030.00
0,5769,3050.00
0,5770,3050.00
0,5771,3050.00
0,5773,3030.00
0,5774,3030.00
0,5775,3060.00
0,5777,3070.00
0,5778,3070.00
0,5779,3100.00
0,5781,3330.00
0,5782,3330.00
0,5783,3200.00
0,5785,3200.00
0,5786,3020.00
0,5787,2920.00
0,5789,2920.00
0,5790,2910.00
0,5791,2910.00
0,5793,3000.00
0,5794,2870.00
0,5795,2870.00
0,5797,2920.00
0,5798,2980.00
0,5799,2980.00
0,5801,2890.00
0,5803,2890.00
0,5804,3050.00
0,5805,3010.00
0,5807,3010.00
0,5808,2890.00
0,5809,2890.00
0,5811,2940.00
0,5812,3010.00
0,5813,3010.00
0,5815,2890.00
0,5816,2940.00
0,5817,2940.00
0,5819,2870.00
0,5820,2870.00
0,5821,2910.00
0,5823,2910.00
0,5824,2910.00
0,5825,2880.00
0,5827,2880.00
0,5828,2890.00
0,5829,3110.00
0,5831,3110.00
0,5832,2870.00
0,5833,2870.00
0,5835,2870.00
0,5836,2910.00
0,5837,2910.00
0,5839,2910.00
0,5840,2880.00
0,5841,2880.00
0,5843,2880.00
0,5844,2880.00
0,5846,2880.00
0,5848,2880.00
0,5849,2880.00
0,5850,2890.00
0,5852,2890.00
0,5853,2890.00
0,5854,2890.00
0,5856,2890.00
0,5857,2880.00
0,5858,2890.00
0,5860,2890.00
0,5861,2880.00
0,5862,2880.00
0,5864,2880.00
0,5865,2890.00
0,5866,2890.00
0,5868,2890.00
0,5869,2910.00
0,5870,2910.00
0,5872,2890.00
0,5873,2890.00
0,5874,2910.00
0,5876,2880.00
0,5877,2880.00
0,5878,2880.00
0,5880,2890.00
0,5881,2890.00
0,5882,2920.00
0,5884,2920.00
0,5885,2920.00
0,5886,2880.00
0,5889,2880.00
0,5890,2890.00
0,5891,2890.00
0,5892,2880.00
0,5894,2910.00
0,5895,2910.00
0,5896,2890.00
0,5898,2910.00
0,5899,2910.00
0,5900,2880.00
0,5902,2880.00
0,5903,2880.00
0,5904,2850.00
0,5906,2850.00
0,5907,2870.00
0,5908,2870.00
0,5910,2910.00
0,5911,2910.00
0,5912,2910.00
0,5914,2880.00
0,5915,2880.00
0,5916,2880.00
0,5918,2870.00
0,5919,2870.00
0,5920,2890.00
0,5922,2880.00
0,5923,2880.00
0,5924,2920.00
0,5926,2880.00
0,5927,2880.00
0,5928,2880.00
0,5931,2880.00
0,5932,2870.00
0,5933,2870.00
0,5935,2870.00
0,5936,2890.00
0,5937,2890.00
0,5939,2870.00
0,5940,2890.00
0,5941,2890.00
0,5943,2890.00
0,5944,2880.00
0,5945,2880.00
0,5947,2870.00
0,5948,2870.00
0,5949,2870.00
0,5951,2910.00
0,5952,2910.00
0,5953,2910.00
0,5955,2910.00
0,5956,2920.00
0,5957,2870.00
0,5959,2870.00
0,5960,2890.00
0,5961,2870.00
0,5963,2870.00
0,5964,2890.00
0,5965,2890.00
0,5967,2890.00
0,5968,2910.00
0,5969,2910.00
0,5971,2910.00
0,5972,2910.00
0,5974,2880.00
0,5975,2880.00
0,5977,2880.00
0,5978,2910.00
0,5979,2890.00
0,5981,2890.00
0,5982,2880.00
0,5983,2880.00
0,5985,2890.00
0,5986,2870.00
0,5987,2870.00
0,5989,2880.00
0,5990,2880.00
0,5991,2910.00
0,5993,3050.00
0,5994,3050.00
0,5995,2930.00
0,5997,2910.00
0,5998,2910.00
0,5999,2870.00
0,6001,2870.00
0,6002,2890.00
0,6003,2890.00
0,6005,2890.00
0,6006,2920.00
0,6007,2890.00
0,6009,2890.00
0,6010,2910.00
0,6011,2910.00
0,6013,2890.00
0,6014,2880.00
0,6016,2880.00
0,6018,2880.00
0,6019,2880.00
0,6020,2910.00
0,6022,2920.00
0,6023,2920.00
0,6024,2910.00
0,6026,2890.00
0,6027,2890.00
0,6028,2890.00
0,6030,2890.00
0,6031,2890.00
0,6032,2910.00
0,6034,2910.00
0,6035,2910.00
0,6036,2910.00
0,6038,2910.00
0,6039,2890.00
0,6040,2890.00
0,6042,2890.00
0,6043,2880.00
0,6044,2880.00
0,6046,2870.00
0,6047,2870.00
0,6048,2870.00
0,6050,2910.00
0,6051,2910.00
0,6052,2930.00
0,6054,2930.00
0,6055,2910.00
0,6056,2880.00
0,6059,2880.00
0,6060,2890.00
0,6061,2910.00
0,6063,2910.00
0,6064,2920.00
0,6065,2920.00
0,6066,2920.00
0,6068,2890.00
0,6069,2890.00
0,6070,2890.00
0,6072,2890.00
0,6073,2880.00
0,6074,2880.00
0,6076,2880.00
0,6077,2890.00
0,6078,2910.00
0,6080,2910.00
0,6081,2930.00
0,6082,2930.00
0,6084,2890.00
0,6085,2910.00
0,6086,2910.00
0,6088,2880.00
0,6089,2890.00
0,6090,2890.00
0,6092,2910.00
0,6093,2910.00
0,6094,2890.00
0,6096,2910.00
0,6097,2910.00
0,6098,2890.00
0,6100,2890.00
0,6102,2870.00
0,6103,2880.00
0,6105,2880.00
0,6106,2920.00
0,6107,2910.00
0,6109,2910.00
0,6110,2890.00
0,6111,2890.00
0,6113,2890.00
0,6114,2850.00
0,6115,2850.00
0,6117,2890.00
0,6118,2890.00
0,6119,2880.00
0,6121,2910.00
0,6122,2910.00
0,6123,2910.00
0,6125,2910.00
0,6126,2910.00
0,6127,2910.00
0,6129,2910.00
0,6130,2880.00
0,6131,2910.00
0,6133,2910.00
0,6134,2890.00
0,6135,2890.00
0,6137,2910.00
0,6138,2920.00
0,6139,2920.00
0,6141,2890.00
0,6142,2910.00
0,6144,2910.00
0,6146,2890.00
0,6147,2890.00
0,6148,2880.00
0,6150,2910.00
0,6151,2910.00
0,6152,2910.00
0,6153,2920.00
0,6155,2920.00
0,6156,2920.00
0,6157,2920.00
0,6159,2910.00
0,6160,2890.00
0,6161,2890.00
0,6163,2870.00
0,6164,2870.00
0,6165,2910.00
0,6167,2910.00
0,6168,2910.00
0,6169,2910.00
0,6171,2880.00
0,6172,2880.00
0,6173,2890.00
0,6175,2890.00
0,6176,2890.00
0,6177,2910.00
0,6179,2910.00
0,6180,2910.00
0,6181,2910.00
0,6183,2890.00
0,6184,2890.00
0,6185,2890.00
0,6188,2890.00
0,6189,2890.00
0,6190,2890.00
0,6192,2880.00
0,6193,2880.00
0,6194,2920.00
0,6196,2930.00
0,6197,2930.00
0,6198,2890.00
0,6200,2890.00
0,6201,2880.00
0,6202,2880.00
0,6204,2880.00
0,6205,2870.00
0,6206,2920.00
0,6208,2920.00
0,6209,2890.00
0,6210,2890.00
0,6212,2930.00
0,6213,2890.00
0,6214,2890.00
0,6216,2880.00
0,6217,2880.00
0,6218,2890.00
0,6220,2910.00
0,6221,2910.00
0,6222,2920.00
0,6224,2890.00
0,6225,2890.00
0,6226,2910.00
0,6228,2910.00
0,6230,2890.00
0,6231,2890.00
0,6233,2890.00
0,6234,2880.00
0,6235,2920.00
0,6237,2920.00
0,6238,2920.00
0,6239,2920.00
0,6240,2880.00
0,6242,2910.00
0,6243,2910.00
0,6244,2880.00
0,6246,2880.00
0,6247,2870.00
0,6248,2910.00
0,6250,2910.00
0,6251,2910.00
0,6252,2920.00
0,6254,2920.00
0,6255,2910.00
0,6256,2910.00
0,6258,2880.00
0,6259,2890.00
0,6260,2890.00
0,6262,2910.00
0,6263,2910.00
0,6264,2910.00
0,6266,2910.00
0,6267,2910.00
0,6268,2890.00
0,6270,2880.00
0,6272,2880.00
0,6273,2880.00
0,6275,2880.00
0,6276,2890.00
0,6277,2890.00
0,6279,2890.00
0,6280,2920.00
0,6281,2920.00
0,6283,2910.00
0,6284,2890.00
0,6285,2890.00
0,6287,2880.00
0,6288,2890.00
0,6289,2890.00
0,6291,2910.00
0,6292,2910.00
0,6293,2920.00
0,6295,2910.00
0,6296,2910.00
0,6297,2910.00
0,6299,2910.00
0,6300,2890.00
0,6301,2880.00
0,6303,2880.00
0,6304,2890.00
0,6305,2910.00
0,6307,2910.00
0,6308,2910.00
0,6309,2910.00
0,6311,2890.00
0,6312,2880.00
0,6313,2880.00
0,6316,2880.00
0,6317,2890.00
0,6318,2890.00
0,6320,2910.00
0,6321,2910.00
0,6322,2920.00
0,6324,2910.00
0,6325,2910.00
0,6326,2890.00
0,6327,2890.00
0,6329,2880.00
0,6330,3080.00
0,6331,3080.00
0,6333,2890.00
0,6334,2920.00
0,6335,2920.00
0,6337,2920.00
0,6338,2920.00
0,6339,2890.00
0,6341,2880.00
0,6342,2880.00
0,6343,2880.00
0,6345,2880.00
0,6346,2910.00
0,6347,2890.00
0,6349,2890.00
0,6350,2910.00
0,6351,2880.00
0,6353,2880.00
0,6354,2890.00
0,6355,2890.00
0,6358,2890.00
0,6359,2880.00
0,6360,2880.00
0,6362,2890.00
0,6363,2890.00
0,6364,2870.00
0,6366,2880.00
0,6367,2880.00
0,6368,2910.00
0,6370,2880.00
0,6371,2880.00
0,6372,2870.00
0,6374,2870.00
0,6375,2890.00
0,6376,2890.00
0,6378,2890.00
0,6379,2920.00
0,6380,2910.00
0,6382,2910.00
0,6383,2880.00
0,6384,2880.00
0,6386,2870.00
0,6387,2880.00
0,6388,2880.00
0,6390,2910.00
0,6391,2910.00
0,6392,2880.00
0,6394,2890.00
0,6395,2890.00
0,6396,2890.00
0,6398,2890.00
0,6400,2890.00
0,6401,2870.00
0,6403,2870.00
0,6404,2890.00
0,6405,2910.00
0,6407,2910.00
0,6408,2910.00
0,6409,2910.00
0,6411,2890.00
0,6412,2880.00
0,6413,2880.00
0,6414,2870.00
0,6416,2880.00
0,6417,2880.00
0,6418,2910.00
0,6420,2910.00
0,6421,2910.00
0,6422,2880.00
0,6424,2880.00
0,6425,2890.00
0,6426,2890.00
0,6428,2890.00
0,6429,2880.00
0,6430,2880.00
0,6432,2880.00
0,6433,2890.00
0,6434,2890.00
0,6436,2880.00
0,6437,2880.00
0,6438,2920.00
0,6440,2890.00
0,6441,2890.00
0,6443,2870.00
0,6445,2870.00
0,6446,2870.00
0,6447,2890.00
0,6449,2890.00
0,6450,2880.00
0,6451,3140.00
0,6453,3140.00
0,6454,3070.00
0,6455,3070.00
0,6457,3120.00
0,6458,3100.00
0,6459,3100.00
0,6461,3080.00
0,6462,3080.00
0,6463,3080.00
0,6465,3110.00
0,6466,3110.00
0,6467,3160.00
0,6469,3290.00
0,6470,3290.00
0,6471,3300.00
0,6473,3300.00
0,6474,3340.00
0,6475,3250.00
0,6477,3250.00
0,6478,3210.00
0,6479,3120.00
0,6481,3120.00
0,6482,3230.00
0,6483,3230.00
0,6486,2880.00
0,6487,2930.00
0,6488,2930.00
0,6490,3140.00
0,6491,3140.00
0,6492,2910.00
0,6494,2890.00
0,6495,2890.00
0,6496,3070.00
0,6498,2870.00
0,6499,2870.00
0,6500,2910.00
0,6501,2910.00
0,6503,3050.00
0,6504,2880.00
0,6505,2880.00
0,6507,2880.00
0,6508,2880.00
0,6509,2890.00
0,6511,2880.00
0,6512,2880.00
0,6513,2890.00
0,6515,2910.00
0,6516,2910.00
0,6517,2890.00
0,6519,2890.00
0,6520,2880.00
0,6521,2870.00
0,6523,2870.00
0,6524,2880.00
0,6525,2880.00
0,6528,2850.00
0,6529,2870.00
0,6530,2870.00
0,6532,2910.00
0,6533,2890.00
0,6534,2890.00
0,6536,2890.00
0,6537,2890.00
0,6538,2880.00
0,6540,2880.00
0,6541,2880.00
0,6542,2890.00
0,6544,2890.00
0,6545,2890.00
0,6546,2890.00
0,6548,2890.00
0,6549,2890.00
0,6550,2890.00
0,6552,2890.00
0,6553,2890.00
0,6554,2890.00
0,6556,2880.00
0,6557,2890.00
0,6558,2890.00
0,6560,2920.00
0,6561,2920.00
0,6562,2920.00
0,6564,2910.00
0,6565,2910.00
0,6566,2870.00
0,6568,2890.00
0,6569,2890.00
0,6571,2850.00
0,6573,2850.00
0,6574,2880.00
0,6575,2910.00
0,6577,2910.00
0,6578,2920.00
0,6579,2890.00
0,6581,2890.00
0,6582,2880.00
0,6583,2880.00
0,6585,2870.00
0,6586,2870.00
0,6587,2870.00
0,6588,2890.00
0,6590,2890.00
0,6591,2910.00
0,6592,2880.00
0,6594,2880.00
0,6595,2870.00
0,6596,2870.00
0,6598,2870.00
0,6599,2880.00
0,6600,2880.00
0,6602,2890.00
0,6603,2870.00
0,6604,2870.00
0,6606,2870.00
0,6607,2870.00
0,6608,2910.00
0,6610,2890.00
0,6611,2890.00
0,6612,2880.00
0,6615,2880.00
0,6616,2880.00
0,6617,2890.00
0,6619,2890.00
0,6620,2910.00
0,6621,2890.00
0,6623,2890.00
0,6624,2880.00
0,6625,2880.00
0,6627,2880.00
0,6628,2880.00
0,6629,2880.00
0,6631,2870.00
0,6632,2910.00
0,6633,2910.00
0,6635,2910.00
0,6636,2910.00
0,6637,2890.00
0,6639,2870.00
0,6640,2870.00
0,6641,2890.00
0,6643,2910.00
0,6644,2910.00
0,6645,2880.00
0,6647,2880.00
0,6648,2910.00
0,6649,2880.00
0,6651,2880.00
0,6652,2890.00
0,6653,2890.00
0,6656,2880.00
0,6657,2880.00
0,6658,2880.00
0,6660,2880.00
0,6661,2890.00
0,6662,2890.00
0,6664,2910.00
0,6665,2910.00
0,6666,2890.00
0,6668,2880.00
0,6669,2880.00
0,6670,2890.00
0,6672,2890.00
0,6673,2870.00
0,6674,2890.00
0,6675,2890.00
0,6677,2910.00
0,6678,2890.00
0,6679,2890.00
0,6681,2880.00
0,6682,2880.00
0,6683,2880.00
0,6685,2910.00
0,6686,2910.00
0,6687,2920.00
0,6689,2910.00
0,6690,2910.00
0,6691,2880.00
0,6693,2880.00
0,6694,2880.00
0,6695,2890.00
0,6697,2890.00
0,6699,2890.00
0,6700,2890.00
0,6702,2850.00
0,6703,2890.00
0,6704,2890.00
0,6706,2920.00
0,6707,2880.00
0,6708,2880.00
0,6710,2880.00
0,6711,2880.00
0,6712,2870.00
0,6714,2870.00
0,6715,2870.00
0,6716,2910.00
0,6718,2910.00
0,6719,2920.00
0,6720,2890.00
0,6722,2890.00
0,6723,2890.00
0,6724,2890.00
0,6726,2890.00
0,6727,2850.00
0,6728,2850.00
0,6730,2890.00
0,6731,2910.00
0,6732,2910.00
0,6734,2890.00
0,6735,2890.00
0,6736,2880.00
0,6738,2870.00
0,6739,2870.00
0,6740,2880.00
0,6743,2890.00
0,6744,2890.00
0,6745,2920.00
0,6747,2920.00
0,6748,2880.00
0,6749,2890.00
0,6751,2890.00
0,6752,2870.00
0,6753,2870.00
0,6755,2870.00
0,6756,2890.00
0,6757,2890.00
0,6759,2910.00
0,6760,2890.00
0,6761,2890.00
0,6762,2890.00
0,6764,2890.00
0,6765,2870.00
0,6766,2880.00
0,6768,2880.00
0,6769,2880.00
0,6770,2910.00
0,6772,2910.00
0,6773,2880.00
0,6774,2880.00
0,6776,2890.00
0,6777,2890.00
0,6778,2890.00
0,6780,2890.00
0,6781,2890.00
0,6782,2870.00
0,6785,2890.00
0,6786,2890.00
0,6787,2910.00
0,6789,3080.00
0,6790,3080.00
0,6791,2890.00
0,6793,2890.00
0,6794,2880.00
0,6795,2880.00
0,6797,2880.00
0,6798,2910.00
0,6799,2910.00
0,6801,2920.00
0,6802,2910.00
0,6803,2910.00
0,6805,2890.00
0,6806,2890.00
0,6807,2890.00
0,6809,2880.00
0,6810,2880.00
0,6811,2880.00
0,6813,2930.00
0,6814,2930.00
0,6815,2890.00
0,6817,2890.00
0,6818,2890.00
0,6819,2880.00
0,6821,2880.00
0,6822,2880.00
0,6823,2890.00
0,6825,2890.00
0,6827,2870.00
0,6828,2870.00
0,6830,2890.00
0,6831,3020.00
0,6832,3020.00
0,6834,2880.00
0,6835,2880.00
0,6836,2880.00
0,6838,2920.00
0,6839,2920.00
0,6840,2910.00
0,6842,2880.00
0,6843,2880.00
0,6844,2890.00
0,6846,2890.00
0,6847,2890.00
0,6848,2880.00
0,6849,2880.00
0,6851,2870.00
0,6852,2910.00
0,6853,2910.00
0,6855,2890.00
0,6856,2890.00
0,6857,2880.00
0,6859,2880.00
0,6860,2880.00
0,6861,2870.00
0,6863,2870.00
0,6864,2890.00
0,6865,2910.00
0,6867,2910.00
0,6868,2920.00
0,6870,2890.00
0,6872,2890.00
0,6873,2880.00
0,6874,2880.00
0,6876,2880.00
0,6877,2850.00
0,6878,2850.00
0,6880,2910.00
0,6881,2910.00
0,6882,2890.00
0,6884,2920.00
0,6885,2920.00
0,6886,2890.00
0,6888,2870.00
0,6889,2870.00
0,6890,2870.00
0,6892,2870.00
0,6893,2890.00
0,6894,2910.00
0,6896,2910.00
0,6897,2910.00
0,6898,2910.00
0,6900,2890.00
0,6901,2880.00
0,6902,2880.00
0,6904,2880.00
0,6905,2910.00
0,6906,2910.00
0,6908,2870.00
0,6909,2870.00
0,6910,2880.00
0,6913,2890.00
0,6914,2890.00
0,6915,2890.00
0,6917,2890.00
0,6918,2890.00
0,6919,2880.00
0,6921,2880.00
0,6922,2890.00
0,6923,2920.00
0,6925,2920.00
0,6926,2920.00
0,6927,2920.00
0,6929,2890.00
0,6930,2890.00
0,6931,2890.00
0,6933,2890.00
0,6934,2910.00
0,6935,2910.00
0,6936,2910.00
0,6938,2910.00
0,6939,2910.00
0,6940,2910.00
0,6942,2910.00
0,6943,2890.00
0,6944,2890.00
0,6946,2880.00
0,6947,2870.00
0,6948,2870.00
0,6950,2870.00
0,6951,2890.00
0,6952,2890.00
0,6955,2890.00
0,6956,2890.00
0,6957,2890.00
0,6959,2880.00
0,6960,2880.00
0,6961,2880.00
0,6963,2880.00
0,6964,2910.00
0,6965,2940.00
0,6967,2940.00
0,6968,2920.00
0,6969,2890.00
0,6971,2890.00
0,6972,2890.00
0,6973,2890.00
0,6975,2880.00
0,6976,2910.00
0,6977,2910.00
0,6979,2910.00
0,6980,2910.00
0,6981,2910.00
0,6983,2890.00
0,6984,2890.00
0,6985,2890.00
0,6987,2870.00
0,6988,2870.00
0,6989,2880.00
0,6991,2880.00
0,6992,2920.00
0,6993,2910.00
0,6995,2910.00
0,6996,3050.00
0,6998,2910.00
0,7000,2910.00
0,7001,2880.00
0,7002,2880.00
0,7004,2870.00
0,7005,2910.00
0,7006,2910.00
0,7008,2910.00
0,7009,2910.00
0,7010,2910.00
0,7012,2890.00
0,7013,2890.00
0,7014,2890.00
0,7016,2880.00
0,7017,2880.00
0,7018,2890.00
0,7020,2890.00
0,7021,2910.00
0,7022,2880.00
0,7023,2880.00
0,7025,2890.00
0,7026,2890.00
0,7027,2890.00
0,7029,2880.00
0,7030,2880.00
0,7031,2910.00
0,7033,2890.00
0,7034,2890.00
0,7035,2890.00
0,7037,2890.00
0,7038,2890.00
0,7040,2890.00
0,7042,2890.00
0,7043,2870.00
0,7044,2870.00
0,7046,2890.00
0,7047,2890.00
0,7048,2890.00
0,7050,2910.00
0,7051,2890.00
0,7052,2890.00
0,7054,2910.00
0,7055,2910.00
0,7056,2880.00
0,7058,2880.00
0,7059,2880.00
0,7060,2910.00
0,7062,2910.00
0,7063,2910.00
0,7064,2890.00
0,7066,2890.00
0,7067,2910.00
0,7068,2880.00
0,7070,2880.00
0,7071,2890.00
0,7072,2890.00
0,7074,2870.00
0,7075,2910.00
0,7076,2910.00
0,7078,2890.00
0,7079,2910.00
0,7080,2910.00
0,7083,2890.00
0,7084,2890.00
0,7085,2880.00
0,7087,2890.00
0,7088,2890.00
0,7089,2880.00
0,7091,2880.00
0,7092,2910.00
0,7093,2890.00
0,7095,2890.00
0,7096,2870.00
0,7097,2880.00
0,7099,2880.00
0,7100,2880.00
0,7101,2880.00
0,7103,2910.00
0,7104,2910.00
0,7105,2910.00
0,7107,2910.00
0,7108,2910.00
0,7109,2930.00
0,7110,2880.00
0,7112,2880.00
0,7113,2880.00
0,7114,2880.00
0,7116,2880.00
0,7117,2880.00
0,7118,2880.00
0,7120,2910.00
0,7121,2920.00
0,7122,2920.00
0,7124,2910.00
0,7126,2910.00
0,7127,2880.00
0,7129,2870.00
0,7130,2870.00
0,7131,2910.00
0,7133,2910.00
0,7134,2910.00
0,7135,2920.00
0,7137,2920.00
0,7138,2890.00
0,7139,2910.00
0,7141,2910.00
0,7142,2890.00
0,7143,2890.00
0,7145,2890.00
0,7146,2910.00
0,7147,2910.00
0,7149,2890.00
0,7150,2910.00
0,7151,2910.00
0,7153,2870.00
0,7154,2870.00
0,7155,2880.00
0,7157,2870.00
0,7158,2870.00
0,7159,2870.00
0,7161,2920.00
0,7162,2920.00
0,7163,2910.00
0,7165,2910.00
0,7166,2910.00
0,7168,2880.00
0,7170,2880.00
0,7171,2880.00
0,7172,2880.00
0,7174,2890.00
0,7175,2910.00
0,7176,2910.00
0,7178,2920.00
0,7179,2890.00
0,7180,2890.00
0,7182,2880.00
0,7183,2880.00
0,7184,2880.00
0,7186,2870.00
0,7187,2870.00
0,7188,2880.00
0,7190,2880.00
0,7191,2910.00
0,7192,2910.00
0,7194,2910.00
0,7195,2880.00
0,7196,2890.00
0,7197,2890.00
0,7199,2890.00
0,7200,2890.00
0,7201,2880.00
0,7203,2910.00
0,7204,2910.00
0,7205,2920.00
0,7207,2920.00
0,7208,2890.00
0,7209,2880.00
0,7212,2880.00
0,7213,2880.00
0,7214,2870.00
0,7216,2870.00
0,7217,2910.00
0,7218,2910.00
0,7220,2890.00
0,7221,2890.00
0,7222,2890.00
0,7224,2910.00
0,7225,2880.00
0,7226,2880.00
0,7228,2870.00
0,7229,2870.00
0,7230,2880.00
0,7232,2910.00
0,7233,2910.00
0,7234,2920.00
0,7236,2920.00
0,7237,2880.00
0,7238,2880.00
0,7240,2880.00
0,7241,2880.00
0,7242,2880.00
0,7244,2880.00
0,7245,2880.00
0,7246,2880.00
0,7248,2880.00
0,7249,2910.00
0,7250,2910.00
0,7252,2880.00
0,7254,2880.00
0,7255,2890.00
0,7257,2910.00
0,7258,2910.00
0,7259,2880.00
0,7261,2890.00
0,7262,2890.00
0,7263,2920.00
0,7265,2920.00
0,7266,2890.00
0,7267,2890.00
0,7269,2890.00
0,7270,2880.00
0,7271,2880.00
0,7273,2880.00
0,7274,2880.00
0,7275,2880.00
0,7277,2910.00
0,7278,2920.00
0,7279,2920.00
0,7281,2890.00
0,7282,2890.00
0,7283,2890.00
0,7284,2880.00
0,7286,2880.00
0,7287,2880.00
0,7288,2880.00
0,7290,2910.00
0,7291,2920.00
0,7292,2920.00
0,7294,2890.00
0,7296,2890.00
0,7297,2890.00
0,7299,2890.00
0,7300,2890.00
0,7301,2870.00
0,7303,2910.00
0,7304,2910.00
0,7305,2890.00
0,7307,2910.00
0,7308,2910.00
0,7309,2910.00
0,7311,2910.00
0,7312,2890.00
0,7313,2870.00
0,7315,2870.00
0,7316,2870.00
0,7317,2870.00
0,7319,2920.00
0,7320,2910.00
0,7321,2910.00
0,7323,2920.00
0,7324,2890.00
0,7325,2890.00
0,7327,2890.00
0,7328,2890.00
0,7329,2880.00
0,7331,2930.00
0,7332,2930.00
0,7333,2890.00
0,7335,2890.00
0,7336,2890.00
0,7337,2890.00
0,7340,2890.00
0,7341,2910.00
0,7342,2870.00
0,7344,2870.00
0,7345,2880.00
0,7346,2880.00
0,7348,2890.00
0,7349,2910.00
0,7350,2910.00
0,7352,2910.00
0,7353,2910.00
0,7354,2880.00
0,7356,2880.00
0,7357,2880.00
0,7358,2880.00
0,7360,2890.00
0,7361,2890.00
0,7362,2890.00
0,7364,2890.00
0,7365,2890.00
0,7366,2880.00
0,7368,2880.00
0,7369,2880.00
0,7370,2880.00
0,7371,2880.00
0,7373,2910.00
0,7374,2910.00
0,7375,2910.00
0,7377,2910.00
0,7378,2910.00
0,7379,2870.00
0,7382,2870.00
0,7383,2880.00
0,7384,2880.00
0,7386,2880.00
0,7387,2870.00
0,7388,2880.00
0,7390,2880.00
0,7391,2890.00
0,7392,2890.00
0,7394,2910.00
0,7395,2890.00
0,7396,2890.00
0,7398,2910.00
0,7399,2910.00
0,7400,2880.00
0,7402,2880.00
0,7403,2880.00
0,7404,2890.00
0,7406,2920.00
0,7407,2920.00
0,7408,2890.00
0,7410,2890.00
0,7411,2890.00
0,7412,2880.00
0,7414,2880.00
0,7415,2890.00
0,7416,2890.00
0,7418,2910.00
0,7419,2920.00
0,7420,2920.00
0,7422,2890.00
0,7424,2880.00
0,7425,2880.00
0,7427,2880.00
0,7428,2880.00
0,7429,2880.00
0,7431,2890.00
0,7432,2890.00
0,7433,2890.00
0,7435,2890.00
0,7436,2920.00
0,7437,2910.00
0,7439,2910.00
0,7440,2880.00
0,7441,2870.00
0,7443,2870.00
0,7444,2870.00
0,7445,2870.00
0,7447,2910.00
0,7448,2880.00
0,7449,2880.00
0,7451,2910.00
0,7452,2870.00
0,7453,2870.00
0,7454,2890.00
0,7456,2890.00
0,7457,2870.00
0,7458,2910.00
0,7460,2910.00
0,7461,2890.00
0,7462,2890.00
0,7464,2890.00
0,7465,2970.00
0,7467,2970.00
0,7469,2880.00
0,7470,2880.00
0,7471,2880.00
0,7473,2890.00
0,7474,2890.00
0,7475,2920.00
0,7477,2920.00
0,7478,2920.00
0,7479,2880.00
0,7481,2880.00
0,7482,2880.00
0,7483,3170.00
0,7485,3170.00
0,7486,3370.00
0,7487,3110.00
0,7489,3110.00
0,7490,3100.00
0,7491,3100.00
0,7493,3140.00
0,7494,3080.00
0,7495,3080.00
0,7497,3080.00
0,7498,3080.00
0,7499,3300.00
0,7501,3120.00
0,7502,3120.00
0,7503,3140.00
0,7505,3210.00
0,7506,3210.00
0,7507,3210.00
0,7510,3210.00
0,7511,3110.00
0,7512,3170.00
0,7514,3170.00
0,7515,3150.00
0,7516,3150.00
0,7518,2940.00
0,7519,3020.00
0,7520,3020.00
0,7522,2890.00
0,7523,2920.00
0,7524,2920.00
0,7526,3020.00
0,7527,3020.00
0,7528,2880.00
0,7530,2920.00
0,7531,2920.00
0,7532,2890.00
0,7534,2920.00
0,7535,2920.00
0,7536,2880.00
0,7538,2880.00
0,7539,2890.00
0,7540,2890.00
0,7542,2890.00
0,7543,2880.00
0,7544,2880.00
0,7545,2890.00
0,7547,2910.00
0,7548,2910.00
0,7549,2890.00
0,7552,2920.00
0,7553,2920.00
0,7554,2890.00
0,7556,2890.00
0,7557,2880.00
0,7558,2910.00
0,7560,2910.00
0,7561,2910.00
0,7562,2910.00
0,7564,2880.00
0,7565,2890.00
0,7566,2890.00
0,7568,2910.00
0,7569,2880.00
0,7570,2880.00
0,7572,2880.00
0,7573,2880.00
0,7574,2890.00
0,7576,2910.00
0,7577,2910.00
0,7578,2880.00
0,7580,2880.00
0,7581,2890.00
0,7582,2870.00
0,7584,2870.00
0,7585,2870.00
0,7586,2910.00
0,7588,2910.00
0,7589,2920.00
0,7590,2920.00
0,7592,2880.00
0,7593,2910.00
0,7595,2910.00
0,7597,2890.00
0,7598,2890.00
0,7599,2890.00
0,7601,2880.00
0,7602,2880.00
0,7603,2890.00
0,7605,2910.00
0,7606,2910.00
0,7607,2890.00
0,7609,2890.00
0,7610,2890.00
0,7611,2890.00
0,7613,2890.00
0,7614,2920.00
0,7615,2890.00
0,7617,2890.00
0,7618,2910.00
0,7619,2910.00
0,7621,2890.00
0,7622,2880.00
0,7623,2880.00
0,7625,2880.00
0,7626,2880.00
0,7627,2880.00
0,7629,2880.00
0,7630,2880.00
0,7631,2870.00
0,7632,2920.00
0,7634,2920.00
0,7635,2880.00
0,7636,2880.00
0,7639,2910.00
0,7640,2880.00
0,7641,2880.00
0,7643,2880.00
0,7644,2880.00
0,7645,2910.00
0,7647,2880.00
0,7648,2880.00
0,7649,2910.00
0,7651,2920.00
0,7652,2920.00
0,7653,2880.00
0,7655,2880.00
0,7656,2890.00
0,7657,2880.00
0,7659,2880.00
0,7660,2910.00
0,7661,2910.00
0,7663,2910.00
0,7664,2910.00
0,7665,2910.00
0,7667,2890.00
0,7668,2880.00
0,7669,2880.00
0,7671,2880.00
0,7672,2880.00
0,7673,2870.00
0,7675,2920.00
0,7676,2920.00
0,7677,2920.00
0,7680,2920.00
0,7681,2910.00
0,7682,2880.00
0,7684,2880.00
0,7685,2880.00
0,7686,2910.00
0,7688,2910.00
0,7689,2920.00
0,7690,2920.00
0,7692,2930.00
0,7693,2910.00
0,7694,2910.00
0,7696,2890.00
0,7697,2880.00
0,7698,2880.00
0,7700,2910.00
0,7701,2910.00
0,7702,2890.00
0,7704,2880.00
0,7705,2880.00
0,7706,2880.00
0,7708,2880.00
0,7709,2910.00
0,7710,2850.00
0,7712,2850.00
0,7713,2890.00
0,7714,2920.00
0,7716,2920.00
0,7717,2920.00
0,7718,2920.00
0,7719,2880.00
0,7721,2880.00
0,7723,2880.00
0,7724,2890.00
0,7726,2890.00
0,7727,2910.00
0,7728,2890.00
0,7730,2890.00
0,7731,2910.00
0,7732,2890.00
0,7734,2890.00
0,7735,2910.00
0,7736,2910.00
0,7738,2890.00
0,7739,2870.00
0,7740,2870.00
0,7742,2910.00
0,7743,2910.00
0,7744,2910.00
0,7746,2890.00
0,7747,2890.00
0,7748,2910.00
0,7750,2870.00
0,7751,2870.00
0,7752,2870.00
0,7754,2870.00
0,7755,2910.00
0,7756,2920.00
0,7758,2920.00
0,7759,2930.00
0,7760,2880.00
0,7762,2880.00
0,7763,2880.00
0,7764,2880.00
0,7767,2910.00
0,7768,2910.00
0,7769,2910.00
0,7771,2910.00
0,7772,2910.00
0,7773,2880.00
